-- phpMyAdmin SQL Dump
-- version 4.1.5
-- http://www.phpmyadmin.net
--
-- 主機: localhost
-- 產生時間： 2018 年 03 月 21 日 12:50
-- 伺服器版本: 5.5.41-MariaDB
-- PHP 版本： 5.4.16

SET SQL_MODE = "NO_AUTO_VALUE_ON_ZERO";
SET time_zone = "+00:00";


/*!40101 SET @OLD_CHARACTER_SET_CLIENT=@@CHARACTER_SET_CLIENT */;
/*!40101 SET @OLD_CHARACTER_SET_RESULTS=@@CHARACTER_SET_RESULTS */;
/*!40101 SET @OLD_COLLATION_CONNECTION=@@COLLATION_CONNECTION */;
/*!40101 SET NAMES utf8 */;

--
-- 資料庫： `instantquote_db`
--

-- --------------------------------------------------------

--
-- 資料表結構 `quote_area`
--

CREATE TABLE IF NOT EXISTS `quote_area` (
  `id` int(10) NOT NULL AUTO_INCREMENT,
  `city_id` int(10) NOT NULL,
  `area_name` varchar(255) NOT NULL COMMENT '區域的名字',
  `area_name_tw` varchar(100) DEFAULT NULL,
  `area_name_us` varchar(100) DEFAULT NULL,
  `area_price` float(10,2) DEFAULT NULL COMMENT '區域的交通費',
  `z_index` int(11) DEFAULT '0' COMMENT '區域的層級',
  `min_price` float(10,2) NOT NULL DEFAULT '0.00' COMMENT '最小價格',
  PRIMARY KEY (`id`)
) ENGINE=InnoDB  DEFAULT CHARSET=utf8 AUTO_INCREMENT=142 ;

--
-- 資料表的匯出資料 `quote_area`
--

INSERT INTO `quote_area` (`id`, `city_id`, `area_name`, `area_name_tw`, `area_name_us`, `area_price`, `z_index`, `min_price`) VALUES
(0, 0, '其它区域', '其它區域', 'Other', 0.00, 0, 0.00),
(7, 24, '东区', '東區', 'Eastern', 200.00, 3, 700.00),
(8, 24, '中西区', '中西區', 'Central and Western', 200.00, 1, 700.00),
(9, 24, '湾仔区', '灣仔區', 'Wan Chai', 200.00, 2, 700.00),
(10, 24, '南区', '南區', 'South district', 200.00, 4, 700.00),
(11, 22, '油尖旺区', '油尖旺區', 'Yau Tsim Mong', 200.00, 4, 700.00),
(12, 22, '深水埗区', '深水埗區', 'Sham Shui Po', 200.00, 5, 700.00),
(13, 22, '九龙城区', ' 九龍城區', 'Kowloon City', 200.00, 1, 700.00),
(14, 22, '黄大仙区', '黃大仙區', 'Wong Tai Sin', 200.00, 2, 700.00),
(15, 22, '观塘区', '觀塘區', 'Kwun Tong', 200.00, 3, 700.00),
(16, 23, '葵青区', ' 葵青區', 'Kwai Tsing', 200.00, 2, 700.00),
(17, 23, '荃湾区', '荃灣區', 'Tsuen Wan', 200.00, 1, 700.00),
(18, 23, '屯门区', '屯門區', 'Tuen Mun', 200.00, 7, 700.00),
(19, 23, '元朗区', '元朗區', 'Yuen Long', 200.00, 8, 700.00),
(20, 23, '北区', '北區', 'North District', 200.00, 6, 700.00),
(21, 23, '大埔区', '大埔區', 'Tai Po', 200.00, 5, 700.00),
(22, 23, '沙田区', '沙田區', 'Shatin', 200.00, 4, 700.00),
(23, 23, '西贡区', '西貢區', 'Sai Kung', 200.00, 3, 700.00),
(24, 23, '离岛区', '離島區', 'Island', 200.00, 9, 700.00),
(25, 25, '澳门', '澳門', 'Macau', 200.00, 0, 700.00),
(26, 26, '天河区', '天河區', 'Tianhe', 0.00, 1, 500.00),
(27, 26, '海珠区', '海珠區', 'Haizhu', 0.00, 2, 500.00),
(28, 26, '越秀区', '越秀區', 'Yuexiu', 0.00, 3, 500.00),
(29, 26, '荔湾区', '荔灣區', 'Liwan', 0.00, 4, 500.00),
(30, 26, '番禺区', '番禺區', 'Panyu', 0.00, 5, 500.00),
(31, 27, '福田区', '福田區', 'Fukuda', 0.00, 1, 500.00),
(32, 27, '罗湖区', '羅湖區', 'Luohu', 0.00, 2, 500.00),
(33, 27, '南山区', '南山區', 'Nanshan', 0.00, 3, 500.00),
(34, 28, '莞城区', '莞城區', 'Guancheng', 0.00, 1, 400.00),
(35, 28, '东城区', '東城區', 'Dongcheng', 0.00, 2, 400.00),
(36, 28, '南城区', '南城區', 'Nancheng', 0.00, 3, 400.00),
(37, 28, '万江区', '萬江區', 'Wanjiang', 0.00, 4, 400.00),
(38, 29, '香州区', '香州區', 'Xiangzhou', 0.00, 1, 400.00),
(39, 29, '高新技术开发区', '高新技術開發區', 'Gaoxin jishu kaifa qu', 0.00, 2, 400.00),
(40, 30, '禅城区', '禪城區', 'Chancheng', 0.00, 1, 400.00),
(41, 30, '桂城区', '桂城區', 'Guicheng', 0.00, 2, 400.00),
(42, 30, '平洲区', '平洲區', 'Pingzhou', 0.00, 3, 400.00),
(43, 30, '南海区（除西樵南庄、大沥地段）', '南海區（除西樵南莊、大瀝地段）', 'Nanhai (Except Xiqiao nanzhuang, dalìde)', 0.00, 4, 400.00),
(44, 31, '中山市区', '中山市區', 'Zhongshan shi', 0.00, 1, 400.00),
(45, 31, '小榄镇', '小欖鎮', 'Xiaolanzhen', 0.00, 2, 400.00),
(46, 31, '三乡', '三鄉', 'Sanxiang', 0.00, 3, 400.00),
(47, 31, '坦州', '坦洲', 'Tan Chau', 0.00, 4, 400.00),
(48, 31, '开发区', '開發區', 'Kaifaqu', 0.00, 5, 400.00),
(49, 31, '肇庆端州区', '肇慶端州區', 'Zhaoqing Duanzhou', 0.00, 6, 400.00),
(50, 32, '青秀区', '青秀區', 'Qingxiu', 0.00, 1, 400.00),
(51, 32, '兴宁区', '興寧區', 'Xingning', 0.00, 3, 400.00),
(52, 32, '西乡塘', '西鄉塘', 'Xixiangtang', 0.00, 4, 400.00),
(53, 32, '江南区', '江南區', 'Jiangnan', 0.00, 2, 400.00),
(54, 33, '鼓楼区', '鼓樓區', 'Gulou', 0.00, 1, 400.00),
(55, 33, '晋安区', '晉安區', 'Jinan', 0.00, 2, 400.00),
(56, 33, '台江区', '台江區', 'Taijiang', 0.00, 3, 400.00),
(57, 33, '马尾区', '馬尾區', 'Mawei', 0.00, 4, 400.00),
(58, 33, '仓山区', '倉山區', 'Cangshan', 0.00, 5, 400.00),
(59, 33, '闽候', '閩侯', 'Minhou', 0.00, 6, 400.00),
(60, 34, '浦东新区', '浦東新區', 'Pudong New District', 0.00, 1, 500.00),
(61, 34, '黄浦区', '黃浦區', 'Huangpu District', 0.00, 2, 500.00),
(62, 34, '徐汇区', '徐匯區', 'Xuhui District', 0.00, 3, 500.00),
(63, 34, '闵行区', '閔行區', 'Minhang District', 0.00, 4, 500.00),
(64, 34, '长宁区', '長寧區', 'Changning District', 0.00, 5, 500.00),
(65, 34, '静安区', '靜安區', 'Jing''an District', 0.00, 6, 500.00),
(66, 34, '虹口区', '虹口區', 'Hongkou District', 0.00, 7, 500.00),
(67, 34, '杨浦区', '楊浦區', 'Yangpu District', 0.00, 8, 500.00),
(68, 34, '宝山区', '寶山區', 'Baoshan District', 0.00, 9, 500.00),
(69, 34, '普陀区', '普陀區', 'Putuo District', 0.00, 10, 500.00),
(70, 35, '玄武区', '玄武區', 'Xuanwu', 0.00, 1, 400.00),
(71, 35, '鼓楼区', '鼓樓區', 'Gulou', 0.00, 2, 400.00),
(72, 35, '建邺区', '建鄴區', 'Jianye', 0.00, 3, 400.00),
(73, 35, '秦淮区', '秦淮區', 'Qinhuai', 0.00, 4, 400.00),
(74, 35, '雨花台区', '雨花台區', 'Yuhuatai', 0.00, 5, 400.00),
(75, 35, '栖霞区', '棲霞區', 'Qixia', 0.00, 6, 400.00),
(76, 36, '梁溪区', '梁溪區', 'Liangxi', 0.00, 1, 400.00),
(77, 36, '新吴区', '新吳區', 'Xinwu', 0.00, 2, 400.00),
(78, 37, '东西湖区', '東西湖區', 'Dongxi hu', 0.00, 1, 400.00),
(79, 37, '洪山区', '洪山區', 'Hongshan', 0.00, 2, 400.00),
(80, 37, '汉阳区', '漢陽區', 'Hanyang', 0.00, 3, 400.00),
(81, 37, '江岸区', '江岸區', 'Jiangan', 0.00, 4, 400.00),
(82, 37, '江汉区', '江漢區', 'Jianghan', 0.00, 5, 400.00),
(83, 37, '硚口区', '礄口區', 'Qiaokou', 0.00, 6, 400.00),
(84, 37, '青山区', '青山區', 'Qingshan', 0.00, 7, 400.00),
(85, 37, '武昌区', '武昌區', 'Wuchang', 0.00, 8, 400.00),
(86, 38, '滨江区', '濱江區', 'Binjiang', 0.00, 1, 400.00),
(87, 38, '上城区', '上城區', 'Shangcheng', 0.00, 2, 400.00),
(88, 38, '下城区', '下城區', 'Xiacheng', 0.00, 3, 400.00),
(89, 38, '拱墅区', '拱墅區', 'Gongshu', 0.00, 4, 400.00),
(90, 38, '江干区', '江乾區', 'Jianggan', 0.00, 5, 400.00),
(91, 38, '西湖区', '西湖區', 'Xihu', 0.00, 6, 400.00),
(92, 39, '东城', '東城', 'Dongcheng', 0.00, 1, 500.00),
(93, 39, '西城', '西城', 'Xicheng', 0.00, 2, 500.00),
(94, 39, '朝阳', '朝陽', 'Chaoyang', 0.00, 3, 500.00),
(95, 39, '海淀', '海淀', 'Haidian', 0.00, 4, 500.00),
(96, 39, '丰台', '豐台', 'Fengtai', 0.00, 5, 500.00),
(97, 39, '大兴', '大興', 'Daxing', 0.00, 6, 500.00),
(98, 39, '通州', '通州', 'Tongzhou', 0.00, 7, 500.00),
(99, 40, '和平', '和平', 'Heping', 0.00, 1, 400.00),
(100, 40, '河西', '河西', 'Hexi', 0.00, 2, 400.00),
(101, 40, '河东', '河東', 'Hedong', 0.00, 3, 400.00),
(102, 40, '虹桥', '虹橋', 'Hongqiao', 0.00, 4, 400.00),
(103, 40, '南开', '南開', 'Nankai', 0.00, 5, 400.00),
(104, 40, '河北', '河北', 'Hebei', 0.00, 6, 400.00),
(105, 40, '西青', '西青', 'Xiqing', 0.00, 7, 400.00),
(106, 40, '津南', '津南', 'Jinnan', 0.00, 8, 400.00),
(107, 40, '北辰', '北辰', 'Beichen', 0.00, 9, 400.00),
(108, 40, '东丽', '東麗', 'Toray', 0.00, 10, 400.00),
(109, 41, '锦江', '錦江', 'Jinjiang', 0.00, 1, 400.00),
(110, 41, '青羊', '青羊', 'Qingyang', 0.00, 2, 400.00),
(111, 41, '金牛', '金牛', 'Taurus', 0.00, 3, 400.00),
(112, 41, '武侯', '武侯', 'Wuhou', 0.00, 4, 400.00),
(113, 41, '成华', '成華', 'Chenghua', 0.00, 5, 400.00),
(114, 41, '双流', '雙流', 'Shuangliu', 0.00, 6, 400.00),
(115, 42, '渝中', '渝中', 'Yuzhong', 0.00, 1, 400.00),
(116, 42, '江北', '江北', 'Jiangbei', 0.00, 2, 400.00),
(117, 42, '南岸', '南岸', 'Nanan', 0.00, 3, 400.00),
(118, 42, '沙坪坝', '沙坪壩', 'Shapingba', 0.00, 4, 400.00),
(119, 42, '九龙坡', '九龍坡', 'Jiulongpo', 0.00, 5, 400.00),
(120, 42, '北碚', '北碚', 'Beibei', 0.00, 6, 400.00),
(121, 42, '万盛', '萬盛', 'Wansheng', 0.00, 7, 400.00),
(122, 42, '双桥', '雙橋', 'Shuangqiao', 0.00, 8, 400.00),
(123, 42, '渝北', '渝北', 'Yubei', 0.00, 9, 400.00),
(124, 42, '巴南', '巴南', 'Banan', 0.00, 10, 400.00),
(125, 42, '万州', '萬州', 'Wanzhou', 0.00, 11, 400.00),
(126, 43, '台北', '台北', 'Taipei', 300.00, 0, 2800.00),
(127, 44, '桃园', '桃園', 'Taoyuan', 300.00, 0, 2800.00),
(128, 45, '台中', '台中', 'Taichung', 300.00, 0, 2800.00),
(129, 46, '台南', '台南', 'Tainan', 300.00, 0, 2800.00),
(130, 47, '高雄', '高雄', 'Kaohsiung', 300.00, 0, 2800.00),
(132, 48, '曲江', '曲江', 'Qujiang', 0.00, 1, 400.00),
(133, 48, '高新', '高新', 'Gaoxin', 0.00, 2, 400.00),
(134, 48, '未央', '未央', 'Weiyin', 0.00, 3, 400.00),
(135, 48, '碑林', '碑林', 'Forest of Steles', 0.00, 4, 400.00),
(136, 48, '莲湖', '蓮湖', 'Lianhu', 0.00, 5, 400.00),
(137, 48, '雁塔', '雁塔', 'Yanta', 0.00, 6, 400.00),
(138, 48, '灞桥', '灞橋', 'Baqiao', 0.00, 7, 400.00),
(139, 48, '长安', '長安', 'Changan', 0.00, 8, 400.00),
(140, 48, '新城', '新城', 'New Urban', 0.00, 9, 400.00),
(141, 48, '经开', '經開', 'Economic &amp; Technical Development Zone', 0.00, 10, 400.00);

-- --------------------------------------------------------

--
-- 資料表結構 `quote_business`
--

CREATE TABLE IF NOT EXISTS `quote_business` (
  `id` int(10) unsigned NOT NULL AUTO_INCREMENT,
  `name` varchar(30) NOT NULL COMMENT '業務名稱',
  `name_tw` varchar(100) DEFAULT NULL,
  `name_us` varchar(100) DEFAULT NULL,
  `type` int(5) NOT NULL DEFAULT '1' COMMENT '業務類型：0（特殊業務）、1（普通業務）',
  `price` float(10,2) NOT NULL DEFAULT '0.00' COMMENT '每尺單價',
  `city_id` int(11) NOT NULL COMMENT '業務所屬城市',
  PRIMARY KEY (`id`)
) ENGINE=InnoDB  DEFAULT CHARSET=utf8 COMMENT='業務表' AUTO_INCREMENT=229 ;

--
-- 資料表的匯出資料 `quote_business`
--

INSERT INTO `quote_business` (`id`, `name`, `name_tw`, `name_us`, `type`, `price`, `city_id`) VALUES
(12, '蟑螂', '蟑螂', 'Cockroach', 1, 1.50, 22),
(13, '跳虱', '跳蝨', 'Flea', 1, 1.50, 22),
(14, '蚂蚁', '螞蟻', 'Ant', 1, 1.50, 22),
(15, '老鼠', '老鼠', 'Rodent', 1, 1.50, 22),
(16, '衣魚', '衣魚', 'Sliver fish', 1, 1.50, 22),
(17, '床虱', '床蝨', 'Bedbug', 0, 0.00, 22),
(18, '白蚁', '白蟻', 'Termite', 0, 0.00, 22),
(19, '其他', '其他', 'Other', 0, 0.00, 22),
(20, '蟑螂', '蟑螂', 'Cockroach', 1, 1.50, 23),
(21, '跳虱', '跳蝨', 'Flea', 1, 1.50, 23),
(22, '蚂蚁', '螞蟻', 'Ant', 1, 1.50, 23),
(23, '老鼠', '老鼠', 'Rodent', 1, 1.50, 23),
(24, '衣魚', '衣魚', 'Sliver fish', 1, 1.50, 23),
(25, '床虱', '床蝨', 'Bedbug', 0, 0.00, 23),
(26, '白蚁', '白蟻', 'Termite', 0, 0.00, 23),
(27, '其他', '其他', 'Other', 0, 0.00, 23),
(28, '蟑螂', '蟑螂', 'Cockroach', 1, 1.50, 24),
(29, '跳虱', '跳蝨', 'Flea', 1, 1.50, 24),
(30, '蚂蚁', '螞蟻', 'Ant', 1, 1.50, 24),
(31, '老鼠', '老鼠', 'Rodent', 1, 1.50, 24),
(32, '衣魚', '衣魚', 'Sliver fish', 1, 1.50, 24),
(33, '床虱', '床蝨', 'Bedbug', 0, 0.00, 24),
(34, '白蚁', '白蟻', 'Termite', 0, 0.00, 24),
(35, '其他', '其他', 'Other', 0, 0.00, 24),
(36, '蟑螂', '蟑螂', 'Cockroach', 1, 1.50, 25),
(37, '跳虱', '跳蝨', 'Flea', 1, 1.50, 25),
(38, '蚂蚁', '螞蟻', 'Ant', 1, 1.50, 25),
(39, '老鼠', '老鼠', 'Rodent', 1, 1.50, 25),
(40, '衣魚', '衣魚', 'Sliver fish', 1, 1.50, 25),
(41, '床虱', '床蝨', 'Bedbug', 0, 0.00, 25),
(42, '白蚁', '白蟻', 'Termite', 0, 0.00, 25),
(43, '其他', '其他', 'Other', 0, 0.00, 25),
(44, '蟑螂', '蟑螂', 'Cockroach', 1, 6.00, 26),
(45, '跳虱', '跳蝨', 'Flea', 1, 6.00, 26),
(46, '蚂蚁', '螞蟻', 'Ant', 1, 6.00, 26),
(47, '老鼠', '老鼠', 'Rodent', 1, 6.00, 26),
(48, '衣魚', '衣魚', 'Sliver fish', 1, 6.00, 26),
(49, '床虱', '床蝨', 'Bedbug', 0, 0.00, 26),
(50, '白蚁', '白蟻', 'Termite', 0, 0.00, 26),
(51, '其他', '其他', 'Other', 0, 0.00, 26),
(52, '蟑螂', '蟑螂', 'Cockroach', 1, 6.00, 27),
(53, '跳虱', '跳蝨', 'Flea', 1, 6.00, 27),
(54, '蚂蚁', '螞蟻', 'Ant', 1, 6.00, 27),
(55, '老鼠', '老鼠', 'Rodent', 1, 6.00, 27),
(56, '衣魚', '衣魚', 'Sliver fish', 1, 6.00, 27),
(57, '床虱', '床蝨', 'Bedbug', 0, 0.00, 27),
(58, '白蚁', '白蟻', 'Termite', 0, 0.00, 27),
(59, '其他', '其他', 'Other', 0, 0.00, 27),
(60, '蟑螂', '蟑螂', 'Cockroach', 1, 5.00, 28),
(61, '跳虱', '跳蝨', 'Flea', 1, 5.00, 28),
(62, '蚂蚁', '螞蟻', 'Ant', 1, 5.00, 28),
(63, '老鼠', '老鼠', 'Rodent', 1, 5.00, 28),
(64, '衣魚', '衣魚', 'Sliver fish', 1, 5.00, 28),
(65, '床虱', '床蝨', 'Bedbug', 0, 0.00, 28),
(66, '白蚁', '白蟻', 'Termite', 0, 0.00, 28),
(67, '其他', '其他', 'Other', 0, 0.00, 28),
(68, '蟑螂', '蟑螂', 'Cockroach', 1, 5.00, 29),
(69, '跳虱', '跳蝨', 'Flea', 1, 5.00, 29),
(70, '蚂蚁', '螞蟻', 'Ant', 1, 5.00, 29),
(71, '老鼠', '老鼠', 'Rodent', 1, 5.00, 29),
(72, '衣魚', '衣魚', 'Sliver fish', 1, 5.00, 29),
(73, '床虱', '床蝨', 'Bedbug', 0, 0.00, 29),
(74, '白蚁', '白蟻', 'Termite', 0, 0.00, 29),
(75, '其他', '其他', 'Other', 0, 0.00, 29),
(76, '蟑螂', '蟑螂', 'Cockroach', 1, 5.00, 30),
(77, '跳虱', '跳蝨', 'Flea', 1, 5.00, 30),
(78, '蚂蚁', '螞蟻', 'Ant', 1, 5.00, 30),
(79, '老鼠', '老鼠', 'Rodent', 1, 5.00, 30),
(80, '衣魚', '衣魚', 'Sliver fish', 1, 5.00, 30),
(81, '床虱', '床蝨', 'Bedbug', 0, 0.00, 30),
(82, '白蚁', '白蟻', 'Termite', 0, 0.00, 30),
(83, '其他', '其他', 'Other', 0, 0.00, 30),
(84, '蟑螂', '蟑螂', 'Cockroach', 1, 5.00, 31),
(85, '跳虱', '跳蝨', 'Flea', 1, 5.00, 31),
(86, '蚂蚁', '螞蟻', 'Ant', 1, 5.00, 31),
(87, '老鼠', '老鼠', 'Rodent', 1, 5.00, 31),
(88, '衣魚', '衣魚', 'Sliver fish', 1, 5.00, 31),
(89, '床虱', '床蝨', 'Bedbug', 0, 0.00, 31),
(90, '白蚁', '白蟻', 'Termite', 0, 0.00, 31),
(91, '其他', '其他', 'Other', 0, 0.00, 31),
(92, '蟑螂', '蟑螂', 'Cockroach', 1, 5.00, 32),
(93, '跳虱', '跳蝨', 'Flea', 1, 5.00, 32),
(94, '蚂蚁', '螞蟻', 'Ant', 1, 5.00, 32),
(95, '老鼠', '老鼠', 'Rodent', 1, 5.00, 32),
(96, '衣魚', '衣魚', 'Sliver fish', 1, 5.00, 32),
(97, '床虱', '床蝨', 'Bedbug', 0, 0.00, 32),
(98, '白蚁', '白蟻', 'Termite', 0, 0.00, 32),
(99, '其他', '其他', 'Other', 0, 0.00, 32),
(100, '蟑螂', '蟑螂', 'Cockroach', 1, 5.00, 33),
(101, '跳虱', '跳蝨', 'Flea', 1, 5.00, 33),
(102, '蚂蚁', '螞蟻', 'Ant', 1, 5.00, 33),
(103, '老鼠', '老鼠', 'Rodent', 1, 5.00, 33),
(104, '衣魚', '衣魚', 'Sliver fish', 1, 5.00, 33),
(105, '床虱', '床蝨', 'Bedbug', 0, 0.00, 33),
(106, '白蚁', '白蟻', 'Termite', 0, 0.00, 33),
(107, '其他', '其他', 'Other', 0, 0.00, 33),
(108, '蟑螂', '蟑螂', 'Cockroach', 1, 6.00, 34),
(109, '跳虱', '跳蝨', 'Flea', 1, 6.00, 34),
(110, '蚂蚁', '螞蟻', 'Ant', 1, 6.00, 34),
(111, '老鼠', '老鼠', 'Rodent', 1, 6.00, 34),
(112, '衣魚', '衣魚', 'Sliver fish', 1, 6.00, 34),
(113, '床虱', '床蝨', 'Bedbug', 0, 0.00, 34),
(114, '白蚁', '白蟻', 'Termite', 0, 0.00, 34),
(115, '其他', '其他', 'Other', 0, 0.00, 34),
(116, '蟑螂', '蟑螂', 'Cockroach', 1, 5.00, 35),
(117, '跳虱', '跳蝨', 'Flea', 1, 5.00, 35),
(118, '蚂蚁', '螞蟻', 'Ant', 1, 5.00, 35),
(119, '老鼠', '老鼠', 'Rodent', 1, 5.00, 35),
(120, '衣魚', '衣魚', 'Sliver fish', 1, 5.00, 35),
(121, '床虱', '床蝨', 'Bedbug', 0, 0.00, 35),
(122, '白蚁', '白蟻', 'Termite', 0, 0.00, 35),
(123, '其他', '其他', 'Other', 0, 0.00, 35),
(124, '蟑螂', '蟑螂', 'Cockroach', 1, 5.00, 36),
(125, '跳虱', '跳蝨', 'Flea', 1, 5.00, 36),
(126, '蚂蚁', '螞蟻', 'Ant', 1, 5.00, 36),
(127, '老鼠', '老鼠', 'Rodent', 1, 5.00, 36),
(128, '衣魚', '衣魚', 'Sliver fish', 1, 5.00, 36),
(129, '床虱', '床蝨', 'Bedbug', 0, 0.00, 36),
(130, '白蚁', '白蟻', 'Termite', 0, 0.00, 36),
(131, '其他', '其他', 'Other', 0, 0.00, 36),
(132, '蟑螂', '蟑螂', 'Cockroach', 1, 5.00, 37),
(133, '跳虱', '跳蝨', 'Flea', 1, 5.00, 37),
(134, '蚂蚁', '螞蟻', 'Ant', 1, 5.00, 37),
(135, '老鼠', '老鼠', 'Rodent', 1, 5.00, 37),
(136, '衣魚', '衣魚', 'Sliver fish', 1, 5.00, 37),
(137, '床虱', '床蝨', 'Bedbug', 0, 0.00, 37),
(138, '白蚁', '白蟻', 'Termite', 0, 0.00, 37),
(139, '其他', '其他', 'Other', 0, 0.00, 37),
(140, '蟑螂', '蟑螂', 'Cockroach', 1, 5.00, 38),
(141, '跳虱', '跳蝨', 'Flea', 1, 5.00, 38),
(142, '蚂蚁', '螞蟻', 'Ant', 1, 5.00, 38),
(143, '老鼠', '老鼠', 'Rodent', 1, 5.00, 38),
(144, '衣魚', '衣魚', 'Sliver fish', 1, 5.00, 38),
(145, '床虱', '床蝨', 'Bedbug', 0, 0.00, 38),
(146, '白蚁', '白蟻', 'Termite', 0, 0.00, 38),
(147, '其他', '其他', 'Other', 0, 0.00, 38),
(148, '蟑螂', '蟑螂', 'Cockroach', 1, 6.00, 39),
(149, '跳虱', '跳蝨', 'Flea', 1, 6.00, 39),
(150, '蚂蚁', '螞蟻', 'Ant', 1, 6.00, 39),
(151, '老鼠', '老鼠', 'Rodent', 1, 6.00, 39),
(152, '衣魚', '衣魚', 'Sliver fish', 1, 6.00, 39),
(153, '床虱', '床蝨', 'Bedbug', 0, 0.00, 39),
(154, '白蚁', '白蟻', 'Termite', 0, 0.00, 39),
(155, '其他', '其他', 'Other', 0, 0.00, 39),
(156, '蟑螂', '蟑螂', 'Cockroach', 1, 5.00, 40),
(157, '跳虱', '跳蝨', 'Flea', 1, 5.00, 40),
(158, '蚂蚁', '螞蟻', 'Ant', 1, 5.00, 40),
(159, '老鼠', '老鼠', 'Rodent', 1, 5.00, 40),
(160, '衣魚', '衣魚', 'Sliver fish', 1, 5.00, 40),
(161, '床虱', '床蝨', 'Bedbug', 0, 0.00, 40),
(162, '白蚁', '白蟻', 'Termite', 0, 0.00, 40),
(163, '其他', '其他', 'Other', 0, 0.00, 40),
(164, '蟑螂', '蟑螂', 'Cockroach', 1, 5.00, 41),
(165, '跳虱', '跳蝨', 'Flea', 1, 5.00, 41),
(166, '蚂蚁', '螞蟻', 'Ant', 1, 5.00, 41),
(167, '老鼠', '老鼠', 'Rodent', 1, 5.00, 41),
(168, '衣魚', '衣魚', 'Sliver fish', 1, 5.00, 41),
(169, '床虱', '床蝨', 'Bedbug', 0, 0.00, 41),
(170, '白蚁', '白蟻', 'Termite', 0, 0.00, 41),
(171, '其他', '其他', 'Other', 0, 0.00, 41),
(172, '蟑螂', '蟑螂', 'Cockroach', 1, 5.00, 42),
(173, '跳虱', '跳蝨', 'Flea', 1, 5.00, 42),
(174, '蚂蚁', '螞蟻', 'Ant', 1, 5.00, 42),
(175, '老鼠', '老鼠', 'Rodent', 1, 5.00, 42),
(176, '衣魚', '衣魚', 'Sliver fish', 1, 5.00, 42),
(177, '床虱', '床蝨', 'Bedbug', 0, 0.00, 42),
(178, '白蚁', '白蟻', 'Termite', 0, 0.00, 42),
(179, '其他', '其他', 'Other', 0, 0.00, 42),
(180, '蟑螂', '蟑螂', 'Cockroach', 1, 70.00, 43),
(181, '跳虱', '跳蝨', 'Flea', 1, 70.00, 43),
(182, '蚂蚁', '螞蟻', 'Ant', 1, 70.00, 43),
(183, '老鼠', '老鼠', 'Rodent', 1, 70.00, 43),
(184, '衣魚', '衣魚', 'Sliver fish', 1, 70.00, 43),
(185, '床虱', '床蝨', 'Bedbug', 0, 0.00, 43),
(186, '白蚁', '白蟻', 'Termite', 0, 0.00, 43),
(187, '其他', '其他', 'Other', 0, 0.00, 43),
(188, '蟑螂', '蟑螂', 'Cockroach', 1, 70.00, 44),
(189, '跳虱', '跳蝨', 'Flea', 1, 70.00, 44),
(190, '蚂蚁', '螞蟻', 'Ant', 1, 70.00, 44),
(191, '老鼠', '老鼠', 'Rodent', 1, 70.00, 44),
(192, '衣魚', '衣魚', 'Sliver fish', 1, 70.00, 44),
(193, '床虱', '床蝨', 'Bedbug', 0, 0.00, 44),
(194, '白蚁', '白蟻', 'Termite', 0, 0.00, 44),
(195, '其他', '其他', 'Other', 0, 0.00, 44),
(196, '蟑螂', '蟑螂', 'Cockroach', 1, 70.00, 45),
(197, '跳虱', '跳蝨', 'Flea', 1, 70.00, 45),
(198, '蚂蚁', '螞蟻', 'Ant', 1, 70.00, 45),
(199, '老鼠', '老鼠', 'Rodent', 1, 70.00, 45),
(200, '衣魚', '衣魚', 'Sliver fish', 1, 70.00, 45),
(201, '床虱', '床蝨', 'Bedbug', 0, 0.00, 45),
(202, '白蚁', '白蟻', 'Termite', 0, 0.00, 45),
(203, '其他', '其他', 'Other', 0, 0.00, 45),
(204, '蟑螂', '蟑螂', 'Cockroach', 1, 70.00, 46),
(205, '跳虱', '跳蝨', 'Flea', 1, 70.00, 46),
(206, '蚂蚁', '螞蟻', 'Ant', 1, 70.00, 46),
(207, '老鼠', '老鼠', 'Rodent', 1, 70.00, 46),
(208, '衣魚', '衣魚', 'Sliver fish', 1, 70.00, 46),
(209, '床虱', '床蝨', 'Bedbug', 0, 0.00, 46),
(210, '白蚁', '白蟻', 'Termite', 0, 0.00, 46),
(211, '其他', '其他', 'Other', 0, 0.00, 46),
(212, '蟑螂', '蟑螂', 'Cockroach', 1, 70.00, 47),
(213, '跳虱', '跳蝨', 'Flea', 1, 70.00, 47),
(214, '蚂蚁', '螞蟻', 'Ant', 1, 70.00, 47),
(215, '老鼠', '老鼠', 'Rodent', 1, 70.00, 47),
(216, '衣鱼', '衣魚', 'Sliver fish', 1, 70.00, 47),
(217, '床虱', '床蝨', 'Bedbug', 0, 0.00, 47),
(218, '白蚁', '白蟻', 'Termite', 0, 0.00, 47),
(219, '其他', '其他', 'other', 0, 0.00, 47),
(220, '蟑螂', '蟑螂', 'Cockroach', 1, 5.00, 48),
(221, '跳虱', '跳蝨', 'Flea', 1, 5.00, 48),
(222, '蚂蚁', '螞蟻', 'Ant', 1, 5.00, 48),
(223, '老鼠', '老鼠', 'Rodent', 1, 5.00, 48),
(224, '衣魚', '衣魚', 'Sliver fish', 1, 5.00, 48),
(225, '床虱', '床蝨', 'Bedbug', 0, 0.00, 48),
(226, '白蟻', '白蟻', 'Termite', 0, 0.00, 48),
(227, '其他', '其他', 'Other', 0, 0.00, 48);

-- --------------------------------------------------------

--
-- 資料表結構 `quote_city`
--

CREATE TABLE IF NOT EXISTS `quote_city` (
  `id` int(10) unsigned NOT NULL AUTO_INCREMENT,
  `region_id` int(10) NOT NULL DEFAULT '1' COMMENT '地區id',
  `city_name` varchar(30) NOT NULL COMMENT '城市名稱',
  `city_name_tw` varchar(100) DEFAULT NULL,
  `city_name_us` varchar(100) DEFAULT NULL,
  `z_index` int(10) NOT NULL DEFAULT '0' COMMENT '城市的等級',
  `other_open` int(10) NOT NULL DEFAULT '1' COMMENT '是否開啟其它地區',
  `other_price` varchar(30) DEFAULT '0' COMMENT '其它地區的車費',
  `currency_type` varchar(255) NOT NULL DEFAULT 'RMB' COMMENT '貨幣類型',
  `b_unit` varchar(50) NOT NULL DEFAULT 'chi' COMMENT '面積單位',
  `company` varchar(255) DEFAULT NULL COMMENT '公司名字',
  `company_tw` varchar(255) DEFAULT NULL,
  `company_us` varchar(255) DEFAULT NULL,
  `seal` varchar(255) DEFAULT NULL COMMENT '印章',
  `terms` text,
  `terms_tw` text,
  `terms_us` text,
  PRIMARY KEY (`id`)
) ENGINE=InnoDB  DEFAULT CHARSET=utf8 COMMENT='城市表' AUTO_INCREMENT=49 ;

--
-- 資料表的匯出資料 `quote_city`
--

INSERT INTO `quote_city` (`id`, `region_id`, `city_name`, `city_name_tw`, `city_name_us`, `z_index`, `other_open`, `other_price`, `currency_type`, `b_unit`, `company`, `company_tw`, `company_us`, `seal`, `terms`, `terms_tw`, `terms_us`) VALUES
(22, 4, '九龙', '九龍', 'Kowloon', 2, 0, NULL, 'HK$', 'chi', '史伟莎香港', '史偉莎香港', 'LBS HK', 'Public/Uploads/2018-03-01/1519899345.png', '&lt;p&gt;1.&amp;nbsp;&amp;nbsp; &amp;nbsp;保证及补偿限制 如史伟莎香港(下称「本公司」)所提供给客户的装置或产品在材料或工艺上有任何瑕疵，客户只能要求更换有瑕疵的装置或产品。在任何情况下，本公司不需承担基于合同、侵权、保证、疏忽、严格法律责任或其他法律理论上所引起的损害赔偿，不论其为专项的、间接引致的、相应的、附带引起的或惩罚性的损害赔偿。如场地存有1) 贵重物品; 2) 易碎物品; 3) 其他重要物品，顾客应提前告知本公司，否则，本公司将不会就任何失误、损失、风险或支出(不论直接或间接)负上任何的责任。本公司亦无须对任何松脱或损坏的瓷器洁具、器皿等物品负上责任。不论有何其他法律条文，客户须在得悉或在尽了合理努力后应该已得悉引起申索的事件之日起六个月内提出申索，否则将被视为放弃其申索权利。即使有何关于法律冲突方面的条款，所有基于此合约或服务及产品的申索须于香港提出。&lt;/p&gt;\r\n\r\n&lt;p&gt;2.&amp;nbsp;&amp;nbsp; &amp;nbsp;害虫控制管理服务 甲) 本公司将只采用合乎法律及规例的物料于本合约内所述之有关地址之室内范围控制害虫，所有控制害虫工作将遵照最先进、有效、科学化的害虫控制程序，以及《职业安全及健康条例》进行。如需要另行租用安全设备进行，如高空工作升降台或铝合金工作平台，其租用该设备及/或额外劳工保险的费用将由客人支付。否则，该些范围将会被剔除﹔乙) 客户同意与本公司充分合作，以确保客户能从害虫控制服务中取得有效成果。客户同意按本公司就场地管理和维护方面所作的建议维护客户的场所﹔丙) 本合约不包括视觉上不能查验、隐蔽或无法到达的地方之治理﹔丁) 由于本公司所采用的害虫控制物料需最少两小时期间让其干透，因此，本公司的服务人员只能在有限度情况下进行清理昆虫﹔戊) 客户同意若因任何原故并同时未能给与本公司至少24小时通知而变更已预约的服务，本公司有权收取港币500元作为行政费用。&lt;/p&gt;\r\n\r\n&lt;p&gt;3.&amp;nbsp;&amp;nbsp; &amp;nbsp;装置 如因人为故意破坏、粗暴滥用或盗窃而需要更换任何装置，本公司将需收取额外费用。所有装置均为本公司拥有。本公司有权拆除根据此合约所安装的装置而不会产生任何责任。未经史伟莎香港授权，客户不得及不得容许他人从根据此合约所借用的装置内拿走任何配件、加上其他部件、或以任何方式乱弄或改动该等装置。客户须容许本公司或其代理人或代表于办公时间内接近该等装置以便进行检查、维修、更换或移除等工作。&lt;/p&gt;\r\n\r\n&lt;p&gt;4.&amp;nbsp;&amp;nbsp; &amp;nbsp;服务收费 本报价根据客户所提供的实际楼面面积资料计算，因此本公司保留权利于治理面积与客户所述面积如有差别时调整报价。&lt;/p&gt;\r\n\r\n&lt;p&gt;5.&amp;nbsp;&amp;nbsp; &amp;nbsp;付款细则 客户需于服务时以现金当场支付所有服务的费用，否则本公司有权收取港币500元作为行政费用。&lt;/p&gt;\r\n\r\n&lt;p&gt;6.&amp;nbsp;&amp;nbsp; &amp;nbsp;修改条款及细则 本公司保留权利修改本条款及细则。如有任何争议，本公司保留最终决定权。&lt;/p&gt;\r\n', '&lt;p&gt;1.&amp;nbsp;&amp;nbsp; &amp;nbsp;保證及補償限制 如史偉莎香港(下稱「本公司」)所提供給客戶的裝置或產品在材料或工藝上有任何瑕疵，客戶只能要求更換有瑕疵的裝置或產品。在任何情況下，本公司不需承擔基於合同、侵權、保證、疏忽、嚴格法律責任或其他法律理論上所引起的損害賠償，不論其為專項的、間接引致的、相應的、附帶引起的或懲罰性的損害賠償。如場地存有1) 貴重物品; 2) 易碎物品; 3) 其他重要物品，顧客應提前告知本公司，否則，本公司將不會就任何失誤、損失、風險或支出(不論直接或間接)負上任何的責任。本公司亦無須對任何鬆脫或損壞的瓷器潔具、器皿等物品負上責任。不論有何其他法律條文，客戶須在得悉或在盡了合理努力後應該已得悉引起申索的事件之日起六個月內提出申索，否則將被視為放棄其申索權利。即使有何關於法律衝突方面的條款，所有基於此合約或服務及產品的申索須於香港提出。&lt;/p&gt;\r\n\r\n&lt;p&gt;2.&amp;nbsp;&amp;nbsp; &amp;nbsp;害蟲控制管理服務 甲) 本公司將只採用合乎法律及規例的物料於本合約內所述之有關地址之室內範圍控制害蟲，所有控制害蟲工作將遵照最先進、有效、科學化的害蟲控制程序，以及《職業安全及健康條例》進行。如需要另行租用安全設備進行，如高空工作升降台或鋁合金工作平台，其租用該設備及/或額外勞工保險的費用將由客人支付。否則，該些範圍將會被剔除﹔乙) 客戶同意與本公司充分合作，以確保客戶能從害蟲控制服務中取得有效成果。客戶同意按本公司就場地管理和維護方面所作的建議維護客戶的場所﹔丙) 本合約不包括視覺上不能查驗、隱蔽或無法到達的地方之治理﹔丁) 由於本公司所採用的害蟲控制物料需最少兩小時期間讓其乾透，因此，本公司的服務人員只能在有限度情況下進行清理昆蟲﹔戊) 客戶同意若因任何原故並同時未能給與本公司至少24小時通知而變更已預約的服務，本公司有權收取港幣500元作為行政費用。&lt;/p&gt;\r\n\r\n&lt;p&gt;3.&amp;nbsp;&amp;nbsp; &amp;nbsp;裝置 如因人為故意破壞、粗暴濫用或盜竊而需要更換任何裝置，本公司將需收取額外費用。所有裝置均為本公司擁有。本公司有權拆除根據此合約所安裝的裝置而不會產生任何責任。未經史偉莎香港授權，客戶不得及不得容許他人從根據此合約所借用的裝置內拿走任何配件、加上其他部件、或以任何方式亂弄或改動該等裝置。客戶須容許本公司或其代理人或代表於辦公時間內接近該等裝置以便進行檢查、維修、更換或移除等工作。&lt;/p&gt;\r\n\r\n&lt;p&gt;4.&amp;nbsp;&amp;nbsp; &amp;nbsp;服務收費 本報價根據客戶所提供的實際樓面面積資料計算，因此本公司保留權利於治理面積與客戶所述面積如有差別時調整報價。&lt;/p&gt;\r\n\r\n&lt;p&gt;5.&amp;nbsp;&amp;nbsp; &amp;nbsp;付款細則 客戶需於服務時以現金當場支付所有服務的費用，否則本公司有權收取港幣500元作為行政費用。&lt;/p&gt;\r\n\r\n&lt;p&gt;6.&amp;nbsp;&amp;nbsp; &amp;nbsp;修改條款及細則 本公司保留權利修改本條款及細則。如有任何爭議，本公司保留最終決定權。&lt;/p&gt;\r\n', '&lt;p&gt;1.&amp;nbsp;&amp;nbsp; &amp;nbsp;保證及補償限制 如史偉莎香港(下稱「本公司」)所提供給客戶的裝置或產品在材料或工藝上有任何瑕疵，客戶只能要求更換有瑕疵的裝置或產品。在任何情況下，本公司不需承擔基於合同、侵權、保證、疏忽、嚴格法律責任或其他法律理論上所引起的損害賠償，不論其為專項的、間接引致的、相應的、附帶引起的或懲罰性的損害賠償。如場地存有1) 貴重物品; 2) 易碎物品; 3) 其他重要物品，顧客應提前告知本公司，否則，本公司將不會就任何失誤、損失、風險或支出(不論直接或間接)負上任何的責任。本公司亦無須對任何鬆脫或損壞的瓷器潔具、器皿等物品負上責任。不論有何其他法律條文，客戶須在得悉或在盡了合理努力後應該已得悉引起申索的事件之日起六個月內提出申索，否則將被視為放棄其申索權利。即使有何關於法律衝突方面的條款，所有基於此合約或服務及產品的申索須於香港提出。&lt;/p&gt;\r\n\r\n&lt;p&gt;2.&amp;nbsp;&amp;nbsp; &amp;nbsp;害蟲控制管理服務 甲) 本公司將只採用合乎法律及規例的物料於本合約內所述之有關地址之室內範圍控制害蟲，所有控制害蟲工作將遵照最先進、有效、科學化的害蟲控制程序，以及《職業安全及健康條例》進行。如需要另行租用安全設備進行，如高空工作升降台或鋁合金工作平台，其租用該設備及/或額外勞工保險的費用將由客人支付。否則，該些範圍將會被剔除﹔乙) 客戶同意與本公司充分合作，以確保客戶能從害蟲控制服務中取得有效成果。客戶同意按本公司就場地管理和維護方面所作的建議維護客戶的場所﹔丙) 本合約不包括視覺上不能查驗、隱蔽或無法到達的地方之治理﹔丁) 由於本公司所採用的害蟲控制物料需最少兩小時期間讓其乾透，因此，本公司的服務人員只能在有限度情況下進行清理昆蟲﹔戊) 客戶同意若因任何原故並同時未能給與本公司至少24小時通知而變更已預約的服務，本公司有權收取港幣500元作為行政費用。&lt;/p&gt;\r\n\r\n&lt;p&gt;3.&amp;nbsp;&amp;nbsp; &amp;nbsp;裝置 如因人為故意破壞、粗暴濫用或盜竊而需要更換任何裝置，本公司將需收取額外費用。所有裝置均為本公司擁有。本公司有權拆除根據此合約所安裝的裝置而不會產生任何責任。未經史偉莎香港授權，客戶不得及不得容許他人從根據此合約所借用的裝置內拿走任何配件、加上其他部件、或以任何方式亂弄或改動該等裝置。客戶須容許本公司或其代理人或代表於辦公時間內接近該等裝置以便進行檢查、維修、更換或移除等工作。&lt;/p&gt;\r\n\r\n&lt;p&gt;4.&amp;nbsp;&amp;nbsp; &amp;nbsp;服務收費 本報價根據客戶所提供的實際樓面面積資料計算，因此本公司保留權利於治理面積與客戶所述面積如有差別時調整報價。&lt;/p&gt;\r\n\r\n&lt;p&gt;5.&amp;nbsp;&amp;nbsp; &amp;nbsp;付款細則 客戶需於服務時以現金當場支付所有服務的費用，否則本公司有權收取港幣500元作為行政費用。&lt;/p&gt;\r\n\r\n&lt;p&gt;6.&amp;nbsp;&amp;nbsp; &amp;nbsp;修改條款及細則 本公司保留權利修改本條款及細則。如有任何爭議，本公司保留最終決定權。&lt;/p&gt;\r\n'),
(23, 4, '新界', '新界', 'New Territories', 3, 0, NULL, 'HK$', 'chi', '史伟莎香港', '史偉莎香港', 'LBS HK', 'Public/Uploads/2018-03-01/1519899366.png', '&lt;p&gt;1.&amp;nbsp;&amp;nbsp; &amp;nbsp;保证及补偿限制 如史伟莎香港(下称「本公司」)所提供给客户的装置或产品在材料或工艺上有任何瑕疵，客户只能要求更换有瑕疵的装置或产品。在任何情况下，本公司不需承担基于合同、侵权、保证、疏忽、严格法律责任或其他法律理论上所引起的损害赔偿，不论其为专项的、间接引致的、相应的、附带引起的或惩罚性的损害赔偿。如场地存有1) 贵重物品; 2) 易碎物品; 3) 其他重要物品，顾客应提前告知本公司，否则，本公司将不会就任何失误、损失、风险或支出(不论直接或间接)负上任何的责任。本公司亦无须对任何松脱或损坏的瓷器洁具、器皿等物品负上责任。不论有何其他法律条文，客户须在得悉或在尽了合理努力后应该已得悉引起申索的事件之日起六个月内提出申索，否则将被视为放弃其申索权利。即使有何关于法律冲突方面的条款，所有基于此合约或服务及产品的申索须于香港提出。&lt;/p&gt;\r\n\r\n&lt;p&gt;2.&amp;nbsp;&amp;nbsp; &amp;nbsp;害虫控制管理服务 甲) 本公司将只采用合乎法律及规例的物料于本合约内所述之有关地址之室内范围控制害虫，所有控制害虫工作将遵照最先进、有效、科学化的害虫控制程序，以及《职业安全及健康条例》进行。如需要另行租用安全设备进行，如高空工作升降台或铝合金工作平台，其租用该设备及/或额外劳工保险的费用将由客人支付。否则，该些范围将会被剔除﹔乙) 客户同意与本公司充分合作，以确保客户能从害虫控制服务中取得有效成果。客户同意按本公司就场地管理和维护方面所作的建议维护客户的场所﹔丙) 本合约不包括视觉上不能查验、隐蔽或无法到达的地方之治理﹔丁) 由于本公司所采用的害虫控制物料需最少两小时期间让其干透，因此，本公司的服务人员只能在有限度情况下进行清理昆虫﹔戊) 客户同意若因任何原故并同时未能给与本公司至少24小时通知而变更已预约的服务，本公司有权收取港币500元作为行政费用。&lt;/p&gt;\r\n\r\n&lt;p&gt;3.&amp;nbsp;&amp;nbsp; &amp;nbsp;装置 如因人为故意破坏、粗暴滥用或盗窃而需要更换任何装置，本公司将需收取额外费用。所有装置均为本公司拥有。本公司有权拆除根据此合约所安装的装置而不会产生任何责任。未经史伟莎香港授权，客户不得及不得容许他人从根据此合约所借用的装置内拿走任何配件、加上其他部件、或以任何方式乱弄或改动该等装置。客户须容许本公司或其代理人或代表于办公时间内接近该等装置以便进行检查、维修、更换或移除等工作。&lt;/p&gt;\r\n\r\n&lt;p&gt;4.&amp;nbsp;&amp;nbsp; &amp;nbsp;服务收费 本报价根据客户所提供的实际楼面面积资料计算，因此本公司保留权利于治理面积与客户所述面积如有差别时调整报价。&lt;/p&gt;\r\n\r\n&lt;p&gt;5.&amp;nbsp;&amp;nbsp; &amp;nbsp;付款细则 客户需于服务时以现金当场支付所有服务的费用，否则本公司有权收取港币500元作为行政费用。&lt;/p&gt;\r\n\r\n&lt;p&gt;6.&amp;nbsp;&amp;nbsp; &amp;nbsp;修改条款及细则 本公司保留权利修改本条款及细则。如有任何争议，本公司保留最终决定权。&lt;/p&gt;\r\n', '&lt;p&gt;1.&amp;nbsp;&amp;nbsp; &amp;nbsp;保證及補償限制 如史偉莎香港(下稱「本公司」)所提供給客戶的裝置或產品在材料或工藝上有任何瑕疵，客戶只能要求更換有瑕疵的裝置或產品。在任何情況下，本公司不需承擔基於合同、侵權、保證、疏忽、嚴格法律責任或其他法律理論上所引起的損害賠償，不論其為專項的、間接引致的、相應的、附帶引起的或懲罰性的損害賠償。如場地存有1) 貴重物品; 2) 易碎物品; 3) 其他重要物品，顧客應提前告知本公司，否則，本公司將不會就任何失誤、損失、風險或支出(不論直接或間接)負上任何的責任。本公司亦無須對任何鬆脫或損壞的瓷器潔具、器皿等物品負上責任。不論有何其他法律條文，客戶須在得悉或在盡了合理努力後應該已得悉引起申索的事件之日起六個月內提出申索，否則將被視為放棄其申索權利。即使有何關於法律衝突方面的條款，所有基於此合約或服務及產品的申索須於香港提出。&lt;/p&gt;\r\n\r\n&lt;p&gt;2.&amp;nbsp;&amp;nbsp; &amp;nbsp;害蟲控制管理服務 甲) 本公司將只採用合乎法律及規例的物料於本合約內所述之有關地址之室內範圍控制害蟲，所有控制害蟲工作將遵照最先進、有效、科學化的害蟲控制程序，以及《職業安全及健康條例》進行。如需要另行租用安全設備進行，如高空工作升降台或鋁合金工作平台，其租用該設備及/或額外勞工保險的費用將由客人支付。否則，該些範圍將會被剔除﹔乙) 客戶同意與本公司充分合作，以確保客戶能從害蟲控制服務中取得有效成果。客戶同意按本公司就場地管理和維護方面所作的建議維護客戶的場所﹔丙) 本合約不包括視覺上不能查驗、隱蔽或無法到達的地方之治理﹔丁) 由於本公司所採用的害蟲控制物料需最少兩小時期間讓其乾透，因此，本公司的服務人員只能在有限度情況下進行清理昆蟲﹔戊) 客戶同意若因任何原故並同時未能給與本公司至少24小時通知而變更已預約的服務，本公司有權收取港幣500元作為行政費用。&lt;/p&gt;\r\n\r\n&lt;p&gt;3.&amp;nbsp;&amp;nbsp; &amp;nbsp;裝置 如因人為故意破壞、粗暴濫用或盜竊而需要更換任何裝置，本公司將需收取額外費用。所有裝置均為本公司擁有。本公司有權拆除根據此合約所安裝的裝置而不會產生任何責任。未經史偉莎香港授權，客戶不得及不得容許他人從根據此合約所借用的裝置內拿走任何配件、加上其他部件、或以任何方式亂弄或改動該等裝置。客戶須容許本公司或其代理人或代表於辦公時間內接近該等裝置以便進行檢查、維修、更換或移除等工作。&lt;/p&gt;\r\n\r\n&lt;p&gt;4.&amp;nbsp;&amp;nbsp; &amp;nbsp;服務收費 本報價根據客戶所提供的實際樓面面積資料計算，因此本公司保留權利於治理面積與客戶所述面積如有差別時調整報價。&lt;/p&gt;\r\n\r\n&lt;p&gt;5.&amp;nbsp;&amp;nbsp; &amp;nbsp;付款細則 客戶需於服務時以現金當場支付所有服務的費用，否則本公司有權收取港幣500元作為行政費用。&lt;/p&gt;\r\n\r\n&lt;p&gt;6.&amp;nbsp;&amp;nbsp; &amp;nbsp;修改條款及細則 本公司保留權利修改本條款及細則。如有任何爭議，本公司保留最終決定權。&lt;/p&gt;\r\n', '&lt;p&gt;1.&amp;nbsp;&amp;nbsp; &amp;nbsp;保證及補償限制 如史偉莎香港(下稱「本公司」)所提供給客戶的裝置或產品在材料或工藝上有任何瑕疵，客戶只能要求更換有瑕疵的裝置或產品。在任何情況下，本公司不需承擔基於合同、侵權、保證、疏忽、嚴格法律責任或其他法律理論上所引起的損害賠償，不論其為專項的、間接引致的、相應的、附帶引起的或懲罰性的損害賠償。如場地存有1) 貴重物品; 2) 易碎物品; 3) 其他重要物品，顧客應提前告知本公司，否則，本公司將不會就任何失誤、損失、風險或支出(不論直接或間接)負上任何的責任。本公司亦無須對任何鬆脫或損壞的瓷器潔具、器皿等物品負上責任。不論有何其他法律條文，客戶須在得悉或在盡了合理努力後應該已得悉引起申索的事件之日起六個月內提出申索，否則將被視為放棄其申索權利。即使有何關於法律衝突方面的條款，所有基於此合約或服務及產品的申索須於香港提出。&lt;/p&gt;\r\n\r\n&lt;p&gt;2.&amp;nbsp;&amp;nbsp; &amp;nbsp;害蟲控制管理服務 甲) 本公司將只採用合乎法律及規例的物料於本合約內所述之有關地址之室內範圍控制害蟲，所有控制害蟲工作將遵照最先進、有效、科學化的害蟲控制程序，以及《職業安全及健康條例》進行。如需要另行租用安全設備進行，如高空工作升降台或鋁合金工作平台，其租用該設備及/或額外勞工保險的費用將由客人支付。否則，該些範圍將會被剔除﹔乙) 客戶同意與本公司充分合作，以確保客戶能從害蟲控制服務中取得有效成果。客戶同意按本公司就場地管理和維護方面所作的建議維護客戶的場所﹔丙) 本合約不包括視覺上不能查驗、隱蔽或無法到達的地方之治理﹔丁) 由於本公司所採用的害蟲控制物料需最少兩小時期間讓其乾透，因此，本公司的服務人員只能在有限度情況下進行清理昆蟲﹔戊) 客戶同意若因任何原故並同時未能給與本公司至少24小時通知而變更已預約的服務，本公司有權收取港幣500元作為行政費用。&lt;/p&gt;\r\n\r\n&lt;p&gt;3.&amp;nbsp;&amp;nbsp; &amp;nbsp;裝置 如因人為故意破壞、粗暴濫用或盜竊而需要更換任何裝置，本公司將需收取額外費用。所有裝置均為本公司擁有。本公司有權拆除根據此合約所安裝的裝置而不會產生任何責任。未經史偉莎香港授權，客戶不得及不得容許他人從根據此合約所借用的裝置內拿走任何配件、加上其他部件、或以任何方式亂弄或改動該等裝置。客戶須容許本公司或其代理人或代表於辦公時間內接近該等裝置以便進行檢查、維修、更換或移除等工作。&lt;/p&gt;\r\n\r\n&lt;p&gt;4.&amp;nbsp;&amp;nbsp; &amp;nbsp;服務收費 本報價根據客戶所提供的實際樓面面積資料計算，因此本公司保留權利於治理面積與客戶所述面積如有差別時調整報價。&lt;/p&gt;\r\n\r\n&lt;p&gt;5.&amp;nbsp;&amp;nbsp; &amp;nbsp;付款細則 客戶需於服務時以現金當場支付所有服務的費用，否則本公司有權收取港幣500元作為行政費用。&lt;/p&gt;\r\n\r\n&lt;p&gt;6.&amp;nbsp;&amp;nbsp; &amp;nbsp;修改條款及細則 本公司保留權利修改本條款及細則。如有任何爭議，本公司保留最終決定權。&lt;/p&gt;\r\n'),
(24, 4, '香港岛', '香港島', 'Hong Kong Island', 1, 0, NULL, 'HK$', 'chi', '史伟莎香港', '史偉莎香港', 'LBS HK', 'Public/Uploads/2018-03-01/1519899385.png', '&lt;p&gt;1.&amp;nbsp;&amp;nbsp; &amp;nbsp;保证及补偿限制 如史伟莎香港(下称「本公司」)所提供给客户的装置或产品在材料或工艺上有任何瑕疵，客户只能要求更换有瑕疵的装置或产品。在任何情况下，本公司不需承担基于合同、侵权、保证、疏忽、严格法律责任或其他法律理论上所引起的损害赔偿，不论其为专项的、间接引致的、相应的、附带引起的或惩罚性的损害赔偿。如场地存有1) 贵重物品; 2) 易碎物品; 3) 其他重要物品，顾客应提前告知本公司，否则，本公司将不会就任何失误、损失、风险或支出(不论直接或间接)负上任何的责任。本公司亦无须对任何松脱或损坏的瓷器洁具、器皿等物品负上责任。不论有何其他法律条文，客户须在得悉或在尽了合理努力后应该已得悉引起申索的事件之日起六个月内提出申索，否则将被视为放弃其申索权利。即使有何关于法律冲突方面的条款，所有基于此合约或服务及产品的申索须于香港提出。&lt;/p&gt;\r\n\r\n&lt;p&gt;2.&amp;nbsp;&amp;nbsp; &amp;nbsp;害虫控制管理服务 甲) 本公司将只采用合乎法律及规例的物料于本合约内所述之有关地址之室内范围控制害虫，所有控制害虫工作将遵照最先进、有效、科学化的害虫控制程序，以及《职业安全及健康条例》进行。如需要另行租用安全设备进行，如高空工作升降台或铝合金工作平台，其租用该设备及/或额外劳工保险的费用将由客人支付。否则，该些范围将会被剔除﹔乙) 客户同意与本公司充分合作，以确保客户能从害虫控制服务中取得有效成果。客户同意按本公司就场地管理和维护方面所作的建议维护客户的场所﹔丙) 本合约不包括视觉上不能查验、隐蔽或无法到达的地方之治理﹔丁) 由于本公司所采用的害虫控制物料需最少两小时期间让其干透，因此，本公司的服务人员只能在有限度情况下进行清理昆虫﹔戊) 客户同意若因任何原故并同时未能给与本公司至少24小时通知而变更已预约的服务，本公司有权收取港币500元作为行政费用。&lt;/p&gt;\r\n\r\n&lt;p&gt;3.&amp;nbsp;&amp;nbsp; &amp;nbsp;装置 如因人为故意破坏、粗暴滥用或盗窃而需要更换任何装置，本公司将需收取额外费用。所有装置均为本公司拥有。本公司有权拆除根据此合约所安装的装置而不会产生任何责任。未经史伟莎香港授权，客户不得及不得容许他人从根据此合约所借用的装置内拿走任何配件、加上其他部件、或以任何方式乱弄或改动该等装置。客户须容许本公司或其代理人或代表于办公时间内接近该等装置以便进行检查、维修、更换或移除等工作。&lt;/p&gt;\r\n\r\n&lt;p&gt;4.&amp;nbsp;&amp;nbsp; &amp;nbsp;服务收费 本报价根据客户所提供的实际楼面面积资料计算，因此本公司保留权利于治理面积与客户所述面积如有差别时调整报价。&lt;/p&gt;\r\n\r\n&lt;p&gt;5.&amp;nbsp;&amp;nbsp; &amp;nbsp;付款细则 客户需于服务时以现金当场支付所有服务的费用，否则本公司有权收取港币500元作为行政费用。&lt;/p&gt;\r\n\r\n&lt;p&gt;6.&amp;nbsp;&amp;nbsp; &amp;nbsp;修改条款及细则 本公司保留权利修改本条款及细则。如有任何争议，本公司保留最终决定权。&lt;/p&gt;\r\n', '&lt;p&gt;1.&amp;nbsp;&amp;nbsp; &amp;nbsp;保證及補償限制 如史偉莎香港(下稱「本公司」)所提供給客戶的裝置或產品在材料或工藝上有任何瑕疵，客戶只能要求更換有瑕疵的裝置或產品。在任何情況下，本公司不需承擔基於合同、侵權、保證、疏忽、嚴格法律責任或其他法律理論上所引起的損害賠償，不論其為專項的、間接引致的、相應的、附帶引起的或懲罰性的損害賠償。如場地存有1) 貴重物品; 2) 易碎物品; 3) 其他重要物品，顧客應提前告知本公司，否則，本公司將不會就任何失誤、損失、風險或支出(不論直接或間接)負上任何的責任。本公司亦無須對任何鬆脫或損壞的瓷器潔具、器皿等物品負上責任。不論有何其他法律條文，客戶須在得悉或在盡了合理努力後應該已得悉引起申索的事件之日起六個月內提出申索，否則將被視為放棄其申索權利。即使有何關於法律衝突方面的條款，所有基於此合約或服務及產品的申索須於香港提出。&lt;/p&gt;\r\n\r\n&lt;p&gt;2.&amp;nbsp;&amp;nbsp; &amp;nbsp;害蟲控制管理服務 甲) 本公司將只採用合乎法律及規例的物料於本合約內所述之有關地址之室內範圍控制害蟲，所有控制害蟲工作將遵照最先進、有效、科學化的害蟲控制程序，以及《職業安全及健康條例》進行。如需要另行租用安全設備進行，如高空工作升降台或鋁合金工作平台，其租用該設備及/或額外勞工保險的費用將由客人支付。否則，該些範圍將會被剔除﹔乙) 客戶同意與本公司充分合作，以確保客戶能從害蟲控制服務中取得有效成果。客戶同意按本公司就場地管理和維護方面所作的建議維護客戶的場所﹔丙) 本合約不包括視覺上不能查驗、隱蔽或無法到達的地方之治理﹔丁) 由於本公司所採用的害蟲控制物料需最少兩小時期間讓其乾透，因此，本公司的服務人員只能在有限度情況下進行清理昆蟲﹔戊) 客戶同意若因任何原故並同時未能給與本公司至少24小時通知而變更已預約的服務，本公司有權收取港幣500元作為行政費用。&lt;/p&gt;\r\n\r\n&lt;p&gt;3.&amp;nbsp;&amp;nbsp; &amp;nbsp;裝置 如因人為故意破壞、粗暴濫用或盜竊而需要更換任何裝置，本公司將需收取額外費用。所有裝置均為本公司擁有。本公司有權拆除根據此合約所安裝的裝置而不會產生任何責任。未經史偉莎香港授權，客戶不得及不得容許他人從根據此合約所借用的裝置內拿走任何配件、加上其他部件、或以任何方式亂弄或改動該等裝置。客戶須容許本公司或其代理人或代表於辦公時間內接近該等裝置以便進行檢查、維修、更換或移除等工作。&lt;/p&gt;\r\n\r\n&lt;p&gt;4.&amp;nbsp;&amp;nbsp; &amp;nbsp;服務收費 本報價根據客戶所提供的實際樓面面積資料計算，因此本公司保留權利於治理面積與客戶所述面積如有差別時調整報價。&lt;/p&gt;\r\n\r\n&lt;p&gt;5.&amp;nbsp;&amp;nbsp; &amp;nbsp;付款細則 客戶需於服務時以現金當場支付所有服務的費用，否則本公司有權收取港幣500元作為行政費用。&lt;/p&gt;\r\n\r\n&lt;p&gt;6.&amp;nbsp;&amp;nbsp; &amp;nbsp;修改條款及細則 本公司保留權利修改本條款及細則。如有任何爭議，本公司保留最終決定權。&lt;/p&gt;\r\n', '&lt;p&gt;1.&amp;nbsp;&amp;nbsp; &amp;nbsp;保證及補償限制 如史偉莎香港(下稱「本公司」)所提供給客戶的裝置或產品在材料或工藝上有任何瑕疵，客戶只能要求更換有瑕疵的裝置或產品。在任何情況下，本公司不需承擔基於合同、侵權、保證、疏忽、嚴格法律責任或其他法律理論上所引起的損害賠償，不論其為專項的、間接引致的、相應的、附帶引起的或懲罰性的損害賠償。如場地存有1) 貴重物品; 2) 易碎物品; 3) 其他重要物品，顧客應提前告知本公司，否則，本公司將不會就任何失誤、損失、風險或支出(不論直接或間接)負上任何的責任。本公司亦無須對任何鬆脫或損壞的瓷器潔具、器皿等物品負上責任。不論有何其他法律條文，客戶須在得悉或在盡了合理努力後應該已得悉引起申索的事件之日起六個月內提出申索，否則將被視為放棄其申索權利。即使有何關於法律衝突方面的條款，所有基於此合約或服務及產品的申索須於香港提出。&lt;/p&gt;\r\n\r\n&lt;p&gt;2.&amp;nbsp;&amp;nbsp; &amp;nbsp;害蟲控制管理服務 甲) 本公司將只採用合乎法律及規例的物料於本合約內所述之有關地址之室內範圍控制害蟲，所有控制害蟲工作將遵照最先進、有效、科學化的害蟲控制程序，以及《職業安全及健康條例》進行。如需要另行租用安全設備進行，如高空工作升降台或鋁合金工作平台，其租用該設備及/或額外勞工保險的費用將由客人支付。否則，該些範圍將會被剔除﹔乙) 客戶同意與本公司充分合作，以確保客戶能從害蟲控制服務中取得有效成果。客戶同意按本公司就場地管理和維護方面所作的建議維護客戶的場所﹔丙) 本合約不包括視覺上不能查驗、隱蔽或無法到達的地方之治理﹔丁) 由於本公司所採用的害蟲控制物料需最少兩小時期間讓其乾透，因此，本公司的服務人員只能在有限度情況下進行清理昆蟲﹔戊) 客戶同意若因任何原故並同時未能給與本公司至少24小時通知而變更已預約的服務，本公司有權收取港幣500元作為行政費用。&lt;/p&gt;\r\n\r\n&lt;p&gt;3.&amp;nbsp;&amp;nbsp; &amp;nbsp;裝置 如因人為故意破壞、粗暴濫用或盜竊而需要更換任何裝置，本公司將需收取額外費用。所有裝置均為本公司擁有。本公司有權拆除根據此合約所安裝的裝置而不會產生任何責任。未經史偉莎香港授權，客戶不得及不得容許他人從根據此合約所借用的裝置內拿走任何配件、加上其他部件、或以任何方式亂弄或改動該等裝置。客戶須容許本公司或其代理人或代表於辦公時間內接近該等裝置以便進行檢查、維修、更換或移除等工作。&lt;/p&gt;\r\n\r\n&lt;p&gt;4.&amp;nbsp;&amp;nbsp; &amp;nbsp;服務收費 本報價根據客戶所提供的實際樓面面積資料計算，因此本公司保留權利於治理面積與客戶所述面積如有差別時調整報價。&lt;/p&gt;\r\n\r\n&lt;p&gt;5.&amp;nbsp;&amp;nbsp; &amp;nbsp;付款細則 客戶需於服務時以現金當場支付所有服務的費用，否則本公司有權收取港幣500元作為行政費用。&lt;/p&gt;\r\n\r\n&lt;p&gt;6.&amp;nbsp;&amp;nbsp; &amp;nbsp;修改條款及細則 本公司保留權利修改本條款及細則。如有任何爭議，本公司保留最終決定權。&lt;/p&gt;\r\n'),
(25, 6, '澳门', '澳門', 'Macau', 0, 0, NULL, 'MOP$', 'chi', '佳駿企業有限公司', '佳駿企業有限公司', '佳駿企業有限公司', 'Public/Uploads/2018-03-01/1519899415.png', '&lt;p&gt;1.&amp;nbsp;&amp;nbsp; &amp;nbsp;保证及补偿限制 如佳骏企业有限公司(下称「本公司」)所提供给客户的装置或产品在材料或工艺上有任何瑕疵，客户只能要求更换有瑕疵的装置或产品。在任何情况下，本公司不需承担基于合同、侵权、保证、疏忽、严格法律责任或其他法律理论上所引起的损害赔偿，不论其为专项的、间接引致的、相应的、附带引起的或惩罚性的损害赔偿。如场地存有1) 贵重物品; 2) 易碎物品; 3) 其他重要物品，顾客应提前告知本公司，否则，本公司将不会就任何失误、损失、风险或支出(不论直接或间接)负上任何的责任。本公司亦无须对任何松脱或损坏的瓷器洁具、器皿等物品负上责任。不论有何其他法律条文，客户须在得悉或在尽了合理努力后应该已得悉引起申索的事件之日起六个月内提出申索，否则将被视为放弃其申索权利。即使有何关于法律冲突方面的条款，所有基于此合约或服务及产品的申索须于澳门提出。&lt;/p&gt;\r\n\r\n&lt;p&gt;2.&amp;nbsp;&amp;nbsp; &amp;nbsp;害虫控制管理服务 甲) 本公司将只采用合乎法律及规例的物料于本合约内所述之有关地址之室内范围控制害虫，所有控制害虫工作将遵照最先进、有效、科学化的害虫控制程序，以及《职业安全及健康条例》进行。如需要另行租用安全设备进行，如高空工作升降台或铝合金工作平台，其租用该设备及/或额外劳工保险的费用将由客人支付。否则，该些范围将会被剔除﹔乙) 客户同意与本公司充分合作，以确保客户能从害虫控制服务中取得有效成果。客户同意按本公司就场地管理和维护方面所作的建议维护客户的场所﹔丙) 本合约不包括视觉上不能查验、隐蔽或无法到达的地方之治理﹔丁) 由于本公司所采用的害虫控制物料需最少两小时期间让其干透，因此，本公司的服务人员只能在有限度情况下进行清理昆虫﹔戊) 客户同意若因任何原故并同时未能给与本公司至少24小时通知而变更已预约的服务，本公司有权收取澳门币500元作为行政费用。&lt;/p&gt;\r\n\r\n&lt;p&gt;3.&amp;nbsp;&amp;nbsp; &amp;nbsp;装置 如因人为故意破坏、粗暴滥用或盗窃而需要更换任何装置，本公司将需收取额外费用。所有装置均为本公司拥有。本公司有权拆除根据此合约所安装的装置而不会产生任何责任。未经佳骏企业有限公司授权，客户不得及不得容许他人从根据此合约所借用的装置内拿走任何配件、加上其他部件、或以任何方式乱弄或改动该等装置。客户须容许本公司或其代理人或代表于办公时间内接近该等装置以便进行检查、维修、更换或移除等工作。&lt;/p&gt;\r\n\r\n&lt;p&gt;4.&amp;nbsp;&amp;nbsp; &amp;nbsp;服务收费 本报价根据客户所提供的实际楼面面积资料计算，因此本公司保留权利于治理面积与客户所述面积如有差别时调整报价。&lt;/p&gt;\r\n\r\n&lt;p&gt;5.&amp;nbsp;&amp;nbsp; &amp;nbsp;付款细则 客户需于服务时以现金当场支付所有服务的费用，否则本公司有权收取澳门币500元作为行政费用。&lt;/p&gt;\r\n\r\n&lt;p&gt;6.&amp;nbsp;&amp;nbsp; &amp;nbsp;修改条款及细则 本公司保留权利修改本条款及细则。如有任何争议，本公司保留最终决定权。&lt;/p&gt;\r\n', '&lt;p&gt;1.&amp;nbsp;&amp;nbsp; &amp;nbsp;保證及補償限制 如佳駿企業有限公司(下稱「本公司」)所提供給客戶的裝置或產品在材料或工藝上有任何瑕疵，客戶只能要求更換有瑕疵的裝置或產品。在任何情況下，本公司不需承擔基於合同、侵權、保證、疏忽、嚴格法律責任或其他法律理論上所引起的損害賠償，不論其為專項的、間接引致的、相應的、附帶引起的或懲罰性的損害賠償。如場地存有1) 貴重物品; 2) 易碎物品; 3) 其他重要物品，顧客應提前告知本公司，否則，本公司將不會就任何失誤、損失、風險或支出(不論直接或間接)負上任何的責任。本公司亦無須對任何鬆脫或損壞的瓷器潔具、器皿等物品負上責任。不論有何其他法律條文，客戶須在得悉或在盡了合理努力後應該已得悉引起申索的事件之日起六個月內提出申索，否則將被視為放棄其申索權利。即使有何關於法律衝突方面的條款，所有基於此合約或服務及產品的申索須於澳門提出。&lt;/p&gt;\r\n\r\n&lt;p&gt;2.&amp;nbsp;&amp;nbsp; &amp;nbsp;害蟲控制管理服務 甲) 本公司將只採用合乎法律及規例的物料於本合約內所述之有關地址之室內範圍控制害蟲，所有控制害蟲工作將遵照最先進、有效、科學化的害蟲控制程序，以及《職業安全及健康條例》進行。如需要另行租用安全設備進行，如高空工作升降台或鋁合金工作平台，其租用該設備及/或額外勞工保險的費用將由客人支付。否則，該些範圍將會被剔除﹔乙) 客戶同意與本公司充分合作，以確保客戶能從害蟲控制服務中取得有效成果。客戶同意按本公司就場地管理和維護方面所作的建議維護客戶的場所﹔丙) 本合約不包括視覺上不能查驗、隱蔽或無法到達的地方之治理﹔丁) 由於本公司所採用的害蟲控制物料需最少兩小時期間讓其乾透，因此，本公司的服務人員只能在有限度情況下進行清理昆蟲﹔戊) 客戶同意若因任何原故並同時未能給與本公司至少24小時通知而變更已預約的服務，本公司有權收取澳門幣500元作為行政費用。&lt;/p&gt;\r\n\r\n&lt;p&gt;3.&amp;nbsp;&amp;nbsp; &amp;nbsp;裝置 如因人為故意破壞、粗暴濫用或盜竊而需要更換任何裝置，本公司將需收取額外費用。所有裝置均為本公司擁有。本公司有權拆除根據此合約所安裝的裝置而不會產生任何責任。未經佳駿企業有限公司授權，客戶不得及不得容許他人從根據此合約所借用的裝置內拿走任何配件、加上其他部件、或以任何方式亂弄或改動該等裝置。客戶須容許本公司或其代理人或代表於辦公時間內接近該等裝置以便進行檢查、維修、更換或移除等工作。&lt;/p&gt;\r\n\r\n&lt;p&gt;4.&amp;nbsp;&amp;nbsp; &amp;nbsp;服務收費 本報價根據客戶所提供的實際樓面面積資料計算，因此本公司保留權利於治理面積與客戶所述面積如有差別時調整報價。&lt;/p&gt;\r\n\r\n&lt;p&gt;5.&amp;nbsp;&amp;nbsp; &amp;nbsp;付款細則 客戶需於服務時以現金當場支付所有服務的費用，否則本公司有權收取澳門幣500元作為行政費用。&lt;/p&gt;\r\n\r\n&lt;p&gt;6.&amp;nbsp;&amp;nbsp; &amp;nbsp;修改條款及細則 本公司保留權利修改本條款及細則。如有任何爭議，本公司保留最終決定權。&lt;/p&gt;\r\n', '&lt;p&gt;1.&amp;nbsp;&amp;nbsp; &amp;nbsp;保證及補償限制 如佳駿企業有限公司(下稱「本公司」)所提供給客戶的裝置或產品在材料或工藝上有任何瑕疵，客戶只能要求更換有瑕疵的裝置或產品。在任何情況下，本公司不需承擔基於合同、侵權、保證、疏忽、嚴格法律責任或其他法律理論上所引起的損害賠償，不論其為專項的、間接引致的、相應的、附帶引起的或懲罰性的損害賠償。如場地存有1) 貴重物品; 2) 易碎物品; 3) 其他重要物品，顧客應提前告知本公司，否則，本公司將不會就任何失誤、損失、風險或支出(不論直接或間接)負上任何的責任。本公司亦無須對任何鬆脫或損壞的瓷器潔具、器皿等物品負上責任。不論有何其他法律條文，客戶須在得悉或在盡了合理努力後應該已得悉引起申索的事件之日起六個月內提出申索，否則將被視為放棄其申索權利。即使有何關於法律衝突方面的條款，所有基於此合約或服務及產品的申索須於澳門提出。&lt;/p&gt;\r\n\r\n&lt;p&gt;2.&amp;nbsp;&amp;nbsp; &amp;nbsp;害蟲控制管理服務 甲) 本公司將只採用合乎法律及規例的物料於本合約內所述之有關地址之室內範圍控制害蟲，所有控制害蟲工作將遵照最先進、有效、科學化的害蟲控制程序，以及《職業安全及健康條例》進行。如需要另行租用安全設備進行，如高空工作升降台或鋁合金工作平台，其租用該設備及/或額外勞工保險的費用將由客人支付。否則，該些範圍將會被剔除﹔乙) 客戶同意與本公司充分合作，以確保客戶能從害蟲控制服務中取得有效成果。客戶同意按本公司就場地管理和維護方面所作的建議維護客戶的場所﹔丙) 本合約不包括視覺上不能查驗、隱蔽或無法到達的地方之治理﹔丁) 由於本公司所採用的害蟲控制物料需最少兩小時期間讓其乾透，因此，本公司的服務人員只能在有限度情況下進行清理昆蟲﹔戊) 客戶同意若因任何原故並同時未能給與本公司至少24小時通知而變更已預約的服務，本公司有權收取澳門幣500元作為行政費用。&lt;/p&gt;\r\n\r\n&lt;p&gt;3.&amp;nbsp;&amp;nbsp; &amp;nbsp;裝置 如因人為故意破壞、粗暴濫用或盜竊而需要更換任何裝置，本公司將需收取額外費用。所有裝置均為本公司擁有。本公司有權拆除根據此合約所安裝的裝置而不會產生任何責任。未經佳駿企業有限公司授權，客戶不得及不得容許他人從根據此合約所借用的裝置內拿走任何配件、加上其他部件、或以任何方式亂弄或改動該等裝置。客戶須容許本公司或其代理人或代表於辦公時間內接近該等裝置以便進行檢查、維修、更換或移除等工作。&lt;/p&gt;\r\n\r\n&lt;p&gt;4.&amp;nbsp;&amp;nbsp; &amp;nbsp;服務收費 本報價根據客戶所提供的實際樓面面積資料計算，因此本公司保留權利於治理面積與客戶所述面積如有差別時調整報價。&lt;/p&gt;\r\n\r\n&lt;p&gt;5.&amp;nbsp;&amp;nbsp; &amp;nbsp;付款細則 客戶需於服務時以現金當場支付所有服務的費用，否則本公司有權收取澳門幣500元作為行政費用。&lt;/p&gt;\r\n\r\n&lt;p&gt;6.&amp;nbsp;&amp;nbsp; &amp;nbsp;修改條款及細則 本公司保留權利修改本條款及細則。如有任何爭議，本公司保留最終決定權。&lt;/p&gt;\r\n');
INSERT INTO `quote_city` (`id`, `region_id`, `city_name`, `city_name_tw`, `city_name_us`, `z_index`, `other_open`, `other_price`, `currency_type`, `b_unit`, `company`, `company_tw`, `company_us`, `seal`, `terms`, `terms_tw`, `terms_us`) VALUES
(26, 3, '广州', '廣州', 'Guangzhou', 1, 1, '200', 'RMB', 'mi', '广州史伟莎环保科技有限公司', '广州史伟莎环保科技有限公司', '广州史伟莎环保科技有限公司', 'Public/Uploads/2018-03-02/1519965705.png', '&lt;p&gt;1.&amp;nbsp;&amp;nbsp;&amp;nbsp;&amp;nbsp; 付款條款與合約章則&lt;/p&gt;\r\n\r\n&lt;p&gt;&amp;nbsp;&lt;/p&gt;\r\n\r\n&lt;p&gt;1.1&amp;nbsp; &amp;nbsp; &amp;nbsp;服務協定：於協定簽署後，本協定於所載期間內均具有約束力。&lt;/p&gt;\r\n\r\n&lt;p&gt;&amp;nbsp;&lt;/p&gt;\r\n\r\n&lt;p&gt;1.2&amp;nbsp; &amp;nbsp; &amp;nbsp;付款：&lt;/p&gt;\r\n\r\n&lt;p&gt;&amp;nbsp;&lt;/p&gt;\r\n\r\n&lt;p&gt;1.2.1&amp;nbsp; &amp;nbsp; &amp;nbsp;所有家居服務費用必須要預先支付。我司將于第一次服務時提供正規發票給客戶。付款方式如下：&lt;/p&gt;\r\n\r\n&lt;p&gt;&amp;nbsp;&lt;/p&gt;\r\n\r\n&lt;table border=&quot;0&quot; cellpadding=&quot;0&quot; cellspacing=&quot;0&quot; style=&quot;width:80%&quot;&gt;\r\n	&lt;tbody&gt;\r\n		&lt;tr&gt;\r\n			&lt;td&gt;i. 支付寶&lt;/td&gt;\r\n		&lt;/tr&gt;\r\n		&lt;tr&gt;\r\n			&lt;td&gt;&lt;img alt=&quot;&quot; src=&quot;Public/Uploads/2018-03-02/1519965685.jpg&quot; style=&quot;height:97px; width:100px&quot; /&gt;&lt;/td&gt;\r\n		&lt;/tr&gt;\r\n	&lt;/tbody&gt;\r\n&lt;/table&gt;\r\n\r\n&lt;p&gt;&amp;nbsp;&lt;/p&gt;\r\n\r\n&lt;p&gt;iii.&amp;nbsp;&amp;nbsp;&amp;nbsp; 銀行轉賬:&lt;/p&gt;\r\n\r\n&lt;p&gt;&amp;nbsp; &amp;nbsp; &amp;nbsp; &amp;nbsp; 账户名：广州史伟莎环保科技有限公司&lt;/p&gt;\r\n\r\n&lt;p&gt;&amp;nbsp; &amp;nbsp; &amp;nbsp; &amp;nbsp; 开户行：广州车陂支行&lt;/p&gt;\r\n\r\n&lt;p&gt;&amp;nbsp; &amp;nbsp; &amp;nbsp; &amp;nbsp; 账&amp;nbsp; &amp;nbsp;号：3602 0126 1920 0425 827&lt;/p&gt;\r\n\r\n&lt;p&gt;&amp;nbsp;&lt;/p&gt;\r\n\r\n&lt;p&gt;2.&amp;nbsp;&amp;nbsp;&amp;nbsp;&amp;nbsp; 其他協議條件&lt;/p&gt;\r\n\r\n&lt;p&gt;&amp;nbsp;&lt;/p&gt;\r\n\r\n&lt;p&gt;2.1&amp;nbsp;&amp;nbsp; 我司滅蟲管理服務部負責於本協議內所述之有關地址的室內/室外/範圍內及合約期間內，為所述之昆蟲種類進行防滅/檢查服務。我司作業人員奉行服務第一，顧客至上的原則，以認真負責的態度，確保每次滅蟲服務達到安全、優質、有效的品質標準。所有施工/治理均根據全國衛生檢查機構滅蟲滅害的標準進行。&lt;/p&gt;\r\n\r\n&lt;p&gt;&amp;nbsp;&lt;/p&gt;\r\n\r\n&lt;p&gt;2.2&amp;nbsp;&amp;nbsp; 如需要另行租用安全設備（如高空工作升降臺或鋁合金工作平臺）進行服務的，其租用該設備及/或額外勞工保險的費用將由客戶支付。否則，我司有權對此不進行滅蟲管理服務。&lt;/p&gt;\r\n\r\n&lt;p&gt;&amp;nbsp;&lt;/p&gt;\r\n\r\n&lt;p&gt;2.3&amp;nbsp;&amp;nbsp; 本協定的服務範圍不包括視覺上不能查驗、隱蔽或無法到達的地方。&lt;/p&gt;\r\n\r\n&lt;p&gt;&amp;nbsp;&lt;/p&gt;\r\n\r\n&lt;p&gt;2.4&amp;nbsp;&amp;nbsp; 本協定提供之利益只應用於協議所載樓宇、地方或物件。若物業有增建物時，須向我司發出書面通知；否則我司有權對新增建物不提供滅蟲管理服務。&lt;/p&gt;\r\n\r\n&lt;p&gt;&amp;nbsp;&lt;/p&gt;\r\n\r\n&lt;p&gt;2.5&amp;nbsp;&amp;nbsp; 在合約期間，如客戶提前終止合約，在取得我司的同意下，客戶仍須繳付200元人民幣作為行政費用。&lt;/p&gt;\r\n\r\n&lt;p&gt;&amp;nbsp;&lt;/p&gt;\r\n\r\n&lt;p&gt;2.6&amp;nbsp;&amp;nbsp; 在合約期間，如客戶需要搬遷居所，而新的居所面積與合約約定的面積有所分別，現有合約的剩餘價值將轉載於新的合約中。如客戶要求退款的，必須根據2.5的條款方式處理。&lt;/p&gt;\r\n\r\n&lt;p&gt;&amp;nbsp;&lt;/p&gt;\r\n\r\n&lt;p&gt;2.7&amp;nbsp;&amp;nbsp; 焗霧機器可將施藥藥劑直徑控制在30微米左右，藥劑會長時間懸浮于控制區域內。建議保持現場環境的封閉，換氣系統關閉。施藥後1小時後可開窗通風。如因客戶自身原因未達到此要求的，我司不承擔任何責任。&lt;/p&gt;\r\n\r\n&lt;p&gt;&amp;nbsp;&lt;/p&gt;\r\n\r\n&lt;p&gt;2.8&amp;nbsp;&amp;nbsp; 本協定之報價是根據客戶所提供樓面面積資料計算。因此, 當實際治理面積與客戶所述面積有差別時,我司保留調整報價的權利。&lt;/p&gt;\r\n\r\n&lt;p&gt;&amp;nbsp;&lt;/p&gt;\r\n\r\n&lt;p&gt;2.9&amp;nbsp;&amp;nbsp; 若滅蟲服務于獲得客戶確認日期及時間後，因客戶不在/或不能進入樓宇內而導致我司不能進行滅蟲服務，則我司有權收取200元人民幣, 作為誤工之賠償。&lt;/p&gt;\r\n\r\n&lt;p&gt;&amp;nbsp;&lt;/p&gt;\r\n\r\n&lt;p&gt;2.10 我司會以極細心及專業的態度進行滅蟲服務。為了更好的防止任何意外發生; 在治理服務時, 客戶必須確保所有貴重及易碎物品都已妥善保管及擺放好。如確因我司人員過錯造成關於上述物件損毀的索價，其上限為一仟元人民幣或合約約定月服務費的兩倍（以較低金額作準）。&lt;/p&gt;\r\n\r\n&lt;p&gt;&amp;nbsp;&lt;/p&gt;\r\n\r\n&lt;p&gt;2.11 在服務進行期間，我們建議客戶將貴重物品存放在安全的地方。如有需要，請客戶自行觀察我司員工進行工作。&lt;/p&gt;\r\n\r\n&lt;p&gt;&amp;nbsp;&lt;/p&gt;\r\n\r\n&lt;p&gt;2.12 雖然我司使用的殺蟲劑對人類（過敏性體質人群除外）及大部分寵物是非常安全，但對水生動物及部分爬蟲類是有高度的毒性。如有任何魚缸，水族缸或魚池含有該等動物，請在治理前通知我們及/或用濕毛巾及膠布覆蓋所有開口及其過濾系統；否則由此造成的後果我司不予承擔。&lt;/p&gt;\r\n\r\n&lt;p&gt;&amp;nbsp;&lt;/p&gt;\r\n\r\n&lt;p&gt;2.13 一切由蟲害或白蟻或鼠類所引致客戶的任何損害或損失,我司一概無須負責。&lt;/p&gt;\r\n\r\n&lt;p&gt;&amp;nbsp;&lt;/p&gt;\r\n\r\n&lt;p&gt;2.14 本協議履行中發生不可抗力，導致一方無法履行約定義務的，該方應在不可抗力發生後14天內以書面形式通知另一方。如不可抗力結束後，仍存在繼續履行的可能性，應繼續履行本協議。&lt;/p&gt;\r\n\r\n&lt;p&gt;&amp;nbsp;&lt;/p&gt;\r\n\r\n&lt;p&gt;2.15 本報價只適用於蟑螂/跳虱/螞蟻/老鼠/衣魚的一次性服務。&lt;/p&gt;\r\n', '&lt;p&gt;1.&amp;nbsp;&amp;nbsp;&amp;nbsp;&amp;nbsp; 付款條款與合約章則&lt;/p&gt;\r\n\r\n&lt;p&gt;&amp;nbsp;&lt;/p&gt;\r\n\r\n&lt;p&gt;1.1&amp;nbsp; &amp;nbsp; &amp;nbsp;服務協定：於協定簽署後，本協定於所載期間內均具有約束力。&lt;/p&gt;\r\n\r\n&lt;p&gt;&amp;nbsp;&lt;/p&gt;\r\n\r\n&lt;p&gt;1.2&amp;nbsp; &amp;nbsp; &amp;nbsp;付款：&lt;/p&gt;\r\n\r\n&lt;p&gt;&amp;nbsp;&lt;/p&gt;\r\n\r\n&lt;p&gt;1.2.1&amp;nbsp; &amp;nbsp; &amp;nbsp;所有家居服務費用必須要預先支付。我司將于第一次服務時提供正規發票給客戶。付款方式如下：&lt;/p&gt;\r\n\r\n&lt;p&gt;&amp;nbsp;&lt;/p&gt;\r\n\r\n&lt;table border=&quot;0&quot; cellpadding=&quot;0&quot; cellspacing=&quot;0&quot; style=&quot;width:80%&quot;&gt;\r\n	&lt;tbody&gt;\r\n		&lt;tr&gt;\r\n			&lt;td&gt;i. 支付寶&lt;/td&gt;\r\n		&lt;/tr&gt;\r\n		&lt;tr&gt;\r\n			&lt;td&gt;&lt;img alt=&quot;&quot; src=&quot;Public/Uploads/2018-03-02/1519965685.jpg&quot; style=&quot;height:97px; width:100px&quot; /&gt;&lt;/td&gt;\r\n		&lt;/tr&gt;\r\n	&lt;/tbody&gt;\r\n&lt;/table&gt;\r\n\r\n&lt;p&gt;&amp;nbsp;&lt;/p&gt;\r\n\r\n&lt;p&gt;iii.&amp;nbsp;&amp;nbsp;&amp;nbsp; 銀行轉賬:&lt;/p&gt;\r\n\r\n&lt;p&gt;&amp;nbsp; &amp;nbsp; &amp;nbsp; &amp;nbsp; 账户名：广州史伟莎环保科技有限公司&lt;/p&gt;\r\n\r\n&lt;p&gt;&amp;nbsp; &amp;nbsp; &amp;nbsp; &amp;nbsp; 开户行：广州车陂支行&lt;/p&gt;\r\n\r\n&lt;p&gt;&amp;nbsp; &amp;nbsp; &amp;nbsp; &amp;nbsp; 账&amp;nbsp; &amp;nbsp;号：3602 0126 1920 0425 827&lt;/p&gt;\r\n\r\n&lt;p&gt;&amp;nbsp;&lt;/p&gt;\r\n\r\n&lt;p&gt;2.&amp;nbsp;&amp;nbsp;&amp;nbsp;&amp;nbsp; 其他協議條件&lt;/p&gt;\r\n\r\n&lt;p&gt;&amp;nbsp;&lt;/p&gt;\r\n\r\n&lt;p&gt;2.1&amp;nbsp;&amp;nbsp; 我司滅蟲管理服務部負責於本協議內所述之有關地址的室內/室外/範圍內及合約期間內，為所述之昆蟲種類進行防滅/檢查服務。我司作業人員奉行服務第一，顧客至上的原則，以認真負責的態度，確保每次滅蟲服務達到安全、優質、有效的品質標準。所有施工/治理均根據全國衛生檢查機構滅蟲滅害的標準進行。&lt;/p&gt;\r\n\r\n&lt;p&gt;&amp;nbsp;&lt;/p&gt;\r\n\r\n&lt;p&gt;2.2&amp;nbsp;&amp;nbsp; 如需要另行租用安全設備（如高空工作升降臺或鋁合金工作平臺）進行服務的，其租用該設備及/或額外勞工保險的費用將由客戶支付。否則，我司有權對此不進行滅蟲管理服務。&lt;/p&gt;\r\n\r\n&lt;p&gt;&amp;nbsp;&lt;/p&gt;\r\n\r\n&lt;p&gt;2.3&amp;nbsp;&amp;nbsp; 本協定的服務範圍不包括視覺上不能查驗、隱蔽或無法到達的地方。&lt;/p&gt;\r\n\r\n&lt;p&gt;&amp;nbsp;&lt;/p&gt;\r\n\r\n&lt;p&gt;2.4&amp;nbsp;&amp;nbsp; 本協定提供之利益只應用於協議所載樓宇、地方或物件。若物業有增建物時，須向我司發出書面通知；否則我司有權對新增建物不提供滅蟲管理服務。&lt;/p&gt;\r\n\r\n&lt;p&gt;&amp;nbsp;&lt;/p&gt;\r\n\r\n&lt;p&gt;2.5&amp;nbsp;&amp;nbsp; 在合約期間，如客戶提前終止合約，在取得我司的同意下，客戶仍須繳付200元人民幣作為行政費用。&lt;/p&gt;\r\n\r\n&lt;p&gt;&amp;nbsp;&lt;/p&gt;\r\n\r\n&lt;p&gt;2.6&amp;nbsp;&amp;nbsp; 在合約期間，如客戶需要搬遷居所，而新的居所面積與合約約定的面積有所分別，現有合約的剩餘價值將轉載於新的合約中。如客戶要求退款的，必須根據2.5的條款方式處理。&lt;/p&gt;\r\n\r\n&lt;p&gt;&amp;nbsp;&lt;/p&gt;\r\n\r\n&lt;p&gt;2.7&amp;nbsp;&amp;nbsp; 焗霧機器可將施藥藥劑直徑控制在30微米左右，藥劑會長時間懸浮于控制區域內。建議保持現場環境的封閉，換氣系統關閉。施藥後1小時後可開窗通風。如因客戶自身原因未達到此要求的，我司不承擔任何責任。&lt;/p&gt;\r\n\r\n&lt;p&gt;&amp;nbsp;&lt;/p&gt;\r\n\r\n&lt;p&gt;2.8&amp;nbsp;&amp;nbsp; 本協定之報價是根據客戶所提供樓面面積資料計算。因此, 當實際治理面積與客戶所述面積有差別時,我司保留調整報價的權利。&lt;/p&gt;\r\n\r\n&lt;p&gt;&amp;nbsp;&lt;/p&gt;\r\n\r\n&lt;p&gt;2.9&amp;nbsp;&amp;nbsp; 若滅蟲服務于獲得客戶確認日期及時間後，因客戶不在/或不能進入樓宇內而導致我司不能進行滅蟲服務，則我司有權收取200元人民幣, 作為誤工之賠償。&lt;/p&gt;\r\n\r\n&lt;p&gt;&amp;nbsp;&lt;/p&gt;\r\n\r\n&lt;p&gt;2.10 我司會以極細心及專業的態度進行滅蟲服務。為了更好的防止任何意外發生; 在治理服務時, 客戶必須確保所有貴重及易碎物品都已妥善保管及擺放好。如確因我司人員過錯造成關於上述物件損毀的索價，其上限為一仟元人民幣或合約約定月服務費的兩倍（以較低金額作準）。&lt;/p&gt;\r\n\r\n&lt;p&gt;&amp;nbsp;&lt;/p&gt;\r\n\r\n&lt;p&gt;2.11 在服務進行期間，我們建議客戶將貴重物品存放在安全的地方。如有需要，請客戶自行觀察我司員工進行工作。&lt;/p&gt;\r\n\r\n&lt;p&gt;&amp;nbsp;&lt;/p&gt;\r\n\r\n&lt;p&gt;2.12 雖然我司使用的殺蟲劑對人類（過敏性體質人群除外）及大部分寵物是非常安全，但對水生動物及部分爬蟲類是有高度的毒性。如有任何魚缸，水族缸或魚池含有該等動物，請在治理前通知我們及/或用濕毛巾及膠布覆蓋所有開口及其過濾系統；否則由此造成的後果我司不予承擔。&lt;/p&gt;\r\n\r\n&lt;p&gt;&amp;nbsp;&lt;/p&gt;\r\n\r\n&lt;p&gt;2.13 一切由蟲害或白蟻或鼠類所引致客戶的任何損害或損失,我司一概無須負責。&lt;/p&gt;\r\n\r\n&lt;p&gt;&amp;nbsp;&lt;/p&gt;\r\n\r\n&lt;p&gt;2.14 本協議履行中發生不可抗力，導致一方無法履行約定義務的，該方應在不可抗力發生後14天內以書面形式通知另一方。如不可抗力結束後，仍存在繼續履行的可能性，應繼續履行本協議。&lt;/p&gt;\r\n\r\n&lt;p&gt;&amp;nbsp;&lt;/p&gt;\r\n\r\n&lt;p&gt;2.15 本報價只適用於蟑螂/跳虱/螞蟻/老鼠/衣魚的一次性服務。&lt;/p&gt;\r\n', '&lt;p&gt;1.&amp;nbsp;&amp;nbsp;&amp;nbsp;&amp;nbsp; 付款條款與合約章則&lt;/p&gt;\r\n\r\n&lt;p&gt;&amp;nbsp;&lt;/p&gt;\r\n\r\n&lt;p&gt;1.1&amp;nbsp; &amp;nbsp; &amp;nbsp;服務協定：於協定簽署後，本協定於所載期間內均具有約束力。&lt;/p&gt;\r\n\r\n&lt;p&gt;&amp;nbsp;&lt;/p&gt;\r\n\r\n&lt;p&gt;1.2&amp;nbsp; &amp;nbsp; &amp;nbsp;付款：&lt;/p&gt;\r\n\r\n&lt;p&gt;&amp;nbsp;&lt;/p&gt;\r\n\r\n&lt;p&gt;1.2.1&amp;nbsp; &amp;nbsp; &amp;nbsp;所有家居服務費用必須要預先支付。我司將于第一次服務時提供正規發票給客戶。付款方式如下：&lt;/p&gt;\r\n\r\n&lt;p&gt;&amp;nbsp;&lt;/p&gt;\r\n\r\n&lt;table border=&quot;0&quot; cellpadding=&quot;0&quot; cellspacing=&quot;0&quot; style=&quot;width:80%&quot;&gt;\r\n	&lt;tbody&gt;\r\n		&lt;tr&gt;\r\n			&lt;td&gt;i. 支付寶&lt;/td&gt;\r\n		&lt;/tr&gt;\r\n		&lt;tr&gt;\r\n			&lt;td&gt;&lt;img alt=&quot;&quot; src=&quot;Public/Uploads/2018-03-02/1519965685.jpg&quot; style=&quot;height:97px; width:100px&quot; /&gt;&lt;/td&gt;\r\n		&lt;/tr&gt;\r\n	&lt;/tbody&gt;\r\n&lt;/table&gt;\r\n\r\n&lt;p&gt;&amp;nbsp;&lt;/p&gt;\r\n\r\n&lt;p&gt;iii.&amp;nbsp;&amp;nbsp;&amp;nbsp; 銀行轉賬:&lt;/p&gt;\r\n\r\n&lt;p&gt;&amp;nbsp; &amp;nbsp; &amp;nbsp; &amp;nbsp; 账户名：广州史伟莎环保科技有限公司&lt;/p&gt;\r\n\r\n&lt;p&gt;&amp;nbsp; &amp;nbsp; &amp;nbsp; &amp;nbsp; 开户行：广州车陂支行&lt;/p&gt;\r\n\r\n&lt;p&gt;&amp;nbsp; &amp;nbsp; &amp;nbsp; &amp;nbsp; 账&amp;nbsp; &amp;nbsp;号：3602 0126 1920 0425 827&lt;/p&gt;\r\n\r\n&lt;p&gt;&amp;nbsp;&lt;/p&gt;\r\n\r\n&lt;p&gt;2.&amp;nbsp;&amp;nbsp;&amp;nbsp;&amp;nbsp; 其他協議條件&lt;/p&gt;\r\n\r\n&lt;p&gt;&amp;nbsp;&lt;/p&gt;\r\n\r\n&lt;p&gt;2.1&amp;nbsp;&amp;nbsp; 我司滅蟲管理服務部負責於本協議內所述之有關地址的室內/室外/範圍內及合約期間內，為所述之昆蟲種類進行防滅/檢查服務。我司作業人員奉行服務第一，顧客至上的原則，以認真負責的態度，確保每次滅蟲服務達到安全、優質、有效的品質標準。所有施工/治理均根據全國衛生檢查機構滅蟲滅害的標準進行。&lt;/p&gt;\r\n\r\n&lt;p&gt;&amp;nbsp;&lt;/p&gt;\r\n\r\n&lt;p&gt;2.2&amp;nbsp;&amp;nbsp; 如需要另行租用安全設備（如高空工作升降臺或鋁合金工作平臺）進行服務的，其租用該設備及/或額外勞工保險的費用將由客戶支付。否則，我司有權對此不進行滅蟲管理服務。&lt;/p&gt;\r\n\r\n&lt;p&gt;&amp;nbsp;&lt;/p&gt;\r\n\r\n&lt;p&gt;2.3&amp;nbsp;&amp;nbsp; 本協定的服務範圍不包括視覺上不能查驗、隱蔽或無法到達的地方。&lt;/p&gt;\r\n\r\n&lt;p&gt;&amp;nbsp;&lt;/p&gt;\r\n\r\n&lt;p&gt;2.4&amp;nbsp;&amp;nbsp; 本協定提供之利益只應用於協議所載樓宇、地方或物件。若物業有增建物時，須向我司發出書面通知；否則我司有權對新增建物不提供滅蟲管理服務。&lt;/p&gt;\r\n\r\n&lt;p&gt;&amp;nbsp;&lt;/p&gt;\r\n\r\n&lt;p&gt;2.5&amp;nbsp;&amp;nbsp; 在合約期間，如客戶提前終止合約，在取得我司的同意下，客戶仍須繳付200元人民幣作為行政費用。&lt;/p&gt;\r\n\r\n&lt;p&gt;&amp;nbsp;&lt;/p&gt;\r\n\r\n&lt;p&gt;2.6&amp;nbsp;&amp;nbsp; 在合約期間，如客戶需要搬遷居所，而新的居所面積與合約約定的面積有所分別，現有合約的剩餘價值將轉載於新的合約中。如客戶要求退款的，必須根據2.5的條款方式處理。&lt;/p&gt;\r\n\r\n&lt;p&gt;&amp;nbsp;&lt;/p&gt;\r\n\r\n&lt;p&gt;2.7&amp;nbsp;&amp;nbsp; 焗霧機器可將施藥藥劑直徑控制在30微米左右，藥劑會長時間懸浮于控制區域內。建議保持現場環境的封閉，換氣系統關閉。施藥後1小時後可開窗通風。如因客戶自身原因未達到此要求的，我司不承擔任何責任。&lt;/p&gt;\r\n\r\n&lt;p&gt;&amp;nbsp;&lt;/p&gt;\r\n\r\n&lt;p&gt;2.8&amp;nbsp;&amp;nbsp; 本協定之報價是根據客戶所提供樓面面積資料計算。因此, 當實際治理面積與客戶所述面積有差別時,我司保留調整報價的權利。&lt;/p&gt;\r\n\r\n&lt;p&gt;&amp;nbsp;&lt;/p&gt;\r\n\r\n&lt;p&gt;2.9&amp;nbsp;&amp;nbsp; 若滅蟲服務于獲得客戶確認日期及時間後，因客戶不在/或不能進入樓宇內而導致我司不能進行滅蟲服務，則我司有權收取200元人民幣, 作為誤工之賠償。&lt;/p&gt;\r\n\r\n&lt;p&gt;&amp;nbsp;&lt;/p&gt;\r\n\r\n&lt;p&gt;2.10 我司會以極細心及專業的態度進行滅蟲服務。為了更好的防止任何意外發生; 在治理服務時, 客戶必須確保所有貴重及易碎物品都已妥善保管及擺放好。如確因我司人員過錯造成關於上述物件損毀的索價，其上限為一仟元人民幣或合約約定月服務費的兩倍（以較低金額作準）。&lt;/p&gt;\r\n\r\n&lt;p&gt;&amp;nbsp;&lt;/p&gt;\r\n\r\n&lt;p&gt;2.11 在服務進行期間，我們建議客戶將貴重物品存放在安全的地方。如有需要，請客戶自行觀察我司員工進行工作。&lt;/p&gt;\r\n\r\n&lt;p&gt;&amp;nbsp;&lt;/p&gt;\r\n\r\n&lt;p&gt;2.12 雖然我司使用的殺蟲劑對人類（過敏性體質人群除外）及大部分寵物是非常安全，但對水生動物及部分爬蟲類是有高度的毒性。如有任何魚缸，水族缸或魚池含有該等動物，請在治理前通知我們及/或用濕毛巾及膠布覆蓋所有開口及其過濾系統；否則由此造成的後果我司不予承擔。&lt;/p&gt;\r\n\r\n&lt;p&gt;&amp;nbsp;&lt;/p&gt;\r\n\r\n&lt;p&gt;2.13 一切由蟲害或白蟻或鼠類所引致客戶的任何損害或損失,我司一概無須負責。&lt;/p&gt;\r\n\r\n&lt;p&gt;&amp;nbsp;&lt;/p&gt;\r\n\r\n&lt;p&gt;2.14 本協議履行中發生不可抗力，導致一方無法履行約定義務的，該方應在不可抗力發生後14天內以書面形式通知另一方。如不可抗力結束後，仍存在繼續履行的可能性，應繼續履行本協議。&lt;/p&gt;\r\n\r\n&lt;p&gt;&amp;nbsp;&lt;/p&gt;\r\n\r\n&lt;p&gt;2.15 本報價只適用於蟑螂/跳虱/螞蟻/老鼠/衣魚的一次性服務。&lt;/p&gt;\r\n'),
(27, 3, '深圳', '深圳', 'Shenzhen', 2, 1, '200', 'RMB', 'mi', '利比斯清洁灭虫服务（深圳）有限公司', '利比斯清洁灭虫服务（深圳）有限公司', '利比斯清洁灭虫服务（深圳）有限公司', 'Public/Uploads/2018-03-02/1519965478.png', '&lt;p&gt;1.&amp;nbsp;&amp;nbsp;&amp;nbsp;&amp;nbsp; 付款條款與合約章則&lt;/p&gt;\r\n\r\n&lt;p&gt;&amp;nbsp;&lt;/p&gt;\r\n\r\n&lt;p&gt;1.1&amp;nbsp; &amp;nbsp; &amp;nbsp;服務協定：於協定簽署後，本協定於所載期間內均具有約束力。&lt;/p&gt;\r\n\r\n&lt;p&gt;&amp;nbsp;&lt;/p&gt;\r\n\r\n&lt;p&gt;1.2&amp;nbsp; &amp;nbsp; &amp;nbsp;付款：&lt;/p&gt;\r\n\r\n&lt;p&gt;&amp;nbsp;&lt;/p&gt;\r\n\r\n&lt;p&gt;1.2.1&amp;nbsp; &amp;nbsp; &amp;nbsp;所有家居服務費用必須要預先支付。我司將于第一次服務時提供正規發票給客戶。付款方式如下：&lt;/p&gt;\r\n\r\n&lt;p&gt;&amp;nbsp;&lt;/p&gt;\r\n\r\n&lt;table border=&quot;0&quot; cellpadding=&quot;0&quot; cellspacing=&quot;0&quot; style=&quot;width:80%&quot;&gt;\r\n	&lt;tbody&gt;\r\n		&lt;tr&gt;\r\n			&lt;td&gt;i. 支付寶&lt;/td&gt;\r\n			&lt;td&gt;ii.&lt;strong&gt; &lt;/strong&gt;微信支付&lt;/td&gt;\r\n		&lt;/tr&gt;\r\n		&lt;tr&gt;\r\n			&lt;td&gt;&lt;img alt=&quot;&quot; src=&quot;Public/Uploads/2018-03-02/1519965420.jpg&quot; style=&quot;height:101px; width:100px&quot; /&gt;&lt;/td&gt;\r\n			&lt;td&gt;&lt;img alt=&quot;&quot; src=&quot;Public/Uploads/2018-03-02/1519965430.jpg&quot; style=&quot;height:99px; width:100px&quot; /&gt;&lt;/td&gt;\r\n		&lt;/tr&gt;\r\n	&lt;/tbody&gt;\r\n&lt;/table&gt;\r\n\r\n&lt;p&gt;&amp;nbsp;&lt;/p&gt;\r\n\r\n&lt;p&gt;iii.&amp;nbsp;&amp;nbsp;&amp;nbsp; 銀行轉賬:&lt;/p&gt;\r\n\r\n&lt;p&gt;&amp;nbsp; &amp;nbsp; &amp;nbsp; &amp;nbsp; 账户名：利比斯清洁灭虫服务（深圳）有限公司&lt;/p&gt;\r\n\r\n&lt;p&gt;&amp;nbsp; &amp;nbsp; &amp;nbsp; &amp;nbsp; 开户行：招商银行深圳泰然金谷支行&lt;/p&gt;\r\n\r\n&lt;p&gt;&amp;nbsp; &amp;nbsp; &amp;nbsp; &amp;nbsp; 账&amp;nbsp; &amp;nbsp;号：7559 2003 5910 102&lt;/p&gt;\r\n\r\n&lt;p&gt;&amp;nbsp;&lt;/p&gt;\r\n\r\n&lt;p&gt;2.&amp;nbsp;&amp;nbsp;&amp;nbsp;&amp;nbsp; 其他協議條件&lt;/p&gt;\r\n\r\n&lt;p&gt;&amp;nbsp;&lt;/p&gt;\r\n\r\n&lt;p&gt;2.1&amp;nbsp;&amp;nbsp; 我司滅蟲管理服務部負責於本協議內所述之有關地址的室內/室外/範圍內及合約期間內，為所述之昆蟲種類進行防滅/檢查服務。我司作業人員奉行服務第一，顧客至上的原則，以認真負責的態度，確保每次滅蟲服務達到安全、優質、有效的品質標準。所有施工/治理均根據全國衛生檢查機構滅蟲滅害的標準進行。&lt;/p&gt;\r\n\r\n&lt;p&gt;&amp;nbsp;&lt;/p&gt;\r\n\r\n&lt;p&gt;2.2&amp;nbsp;&amp;nbsp; 如需要另行租用安全設備（如高空工作升降臺或鋁合金工作平臺）進行服務的，其租用該設備及/或額外勞工保險的費用將由客戶支付。否則，我司有權對此不進行滅蟲管理服務。&lt;/p&gt;\r\n\r\n&lt;p&gt;&amp;nbsp;&lt;/p&gt;\r\n\r\n&lt;p&gt;2.3&amp;nbsp;&amp;nbsp; 本協定的服務範圍不包括視覺上不能查驗、隱蔽或無法到達的地方。&lt;/p&gt;\r\n\r\n&lt;p&gt;&amp;nbsp;&lt;/p&gt;\r\n\r\n&lt;p&gt;2.4&amp;nbsp;&amp;nbsp; 本協定提供之利益只應用於協議所載樓宇、地方或物件。若物業有增建物時，須向我司發出書面通知；否則我司有權對新增建物不提供滅蟲管理服務。&lt;/p&gt;\r\n\r\n&lt;p&gt;&amp;nbsp;&lt;/p&gt;\r\n\r\n&lt;p&gt;2.5&amp;nbsp;&amp;nbsp; 在合約期間，如客戶提前終止合約，在取得我司的同意下，客戶仍須繳付200元人民幣作為行政費用。&lt;/p&gt;\r\n\r\n&lt;p&gt;&amp;nbsp;&lt;/p&gt;\r\n\r\n&lt;p&gt;2.6&amp;nbsp;&amp;nbsp; 在合約期間，如客戶需要搬遷居所，而新的居所面積與合約約定的面積有所分別，現有合約的剩餘價值將轉載於新的合約中。如客戶要求退款的，必須根據2.5的條款方式處理。&lt;/p&gt;\r\n\r\n&lt;p&gt;&amp;nbsp;&lt;/p&gt;\r\n\r\n&lt;p&gt;2.7&amp;nbsp;&amp;nbsp; 焗霧機器可將施藥藥劑直徑控制在30微米左右，藥劑會長時間懸浮于控制區域內。建議保持現場環境的封閉，換氣系統關閉。施藥後1小時後可開窗通風。如因客戶自身原因未達到此要求的，我司不承擔任何責任。&lt;/p&gt;\r\n\r\n&lt;p&gt;&amp;nbsp;&lt;/p&gt;\r\n\r\n&lt;p&gt;2.8&amp;nbsp;&amp;nbsp; 本協定之報價是根據客戶所提供樓面面積資料計算。因此, 當實際治理面積與客戶所述面積有差別時,我司保留調整報價的權利。&lt;/p&gt;\r\n\r\n&lt;p&gt;&amp;nbsp;&lt;/p&gt;\r\n\r\n&lt;p&gt;2.9&amp;nbsp;&amp;nbsp; 若滅蟲服務于獲得客戶確認日期及時間後，因客戶不在/或不能進入樓宇內而導致我司不能進行滅蟲服務，則我司有權收取200元人民幣, 作為誤工之賠償。&lt;/p&gt;\r\n\r\n&lt;p&gt;&amp;nbsp;&lt;/p&gt;\r\n\r\n&lt;p&gt;2.10 我司會以極細心及專業的態度進行滅蟲服務。為了更好的防止任何意外發生; 在治理服務時, 客戶必須確保所有貴重及易碎物品都已妥善保管及擺放好。如確因我司人員過錯造成關於上述物件損毀的索價，其上限為一仟元人民幣或合約約定月服務費的兩倍（以較低金額作準）。&lt;/p&gt;\r\n\r\n&lt;p&gt;&amp;nbsp;&lt;/p&gt;\r\n\r\n&lt;p&gt;2.11 在服務進行期間，我們建議客戶將貴重物品存放在安全的地方。如有需要，請客戶自行觀察我司員工進行工作。&lt;/p&gt;\r\n\r\n&lt;p&gt;&amp;nbsp;&lt;/p&gt;\r\n\r\n&lt;p&gt;2.12 雖然我司使用的殺蟲劑對人類（過敏性體質人群除外）及大部分寵物是非常安全，但對水生動物及部分爬蟲類是有高度的毒性。如有任何魚缸，水族缸或魚池含有該等動物，請在治理前通知我們及/或用濕毛巾及膠布覆蓋所有開口及其過濾系統；否則由此造成的後果我司不予承擔。&lt;/p&gt;\r\n\r\n&lt;p&gt;&amp;nbsp;&lt;/p&gt;\r\n\r\n&lt;p&gt;2.13 一切由蟲害或白蟻或鼠類所引致客戶的任何損害或損失,我司一概無須負責。&lt;/p&gt;\r\n\r\n&lt;p&gt;&amp;nbsp;&lt;/p&gt;\r\n\r\n&lt;p&gt;2.14 本協議履行中發生不可抗力，導致一方無法履行約定義務的，該方應在不可抗力發生後14天內以書面形式通知另一方。如不可抗力結束後，仍存在繼續履行的可能性，應繼續履行本協議。&lt;/p&gt;\r\n\r\n&lt;p&gt;&amp;nbsp;&lt;/p&gt;\r\n\r\n&lt;p&gt;2.15 本報價只適用於蟑螂/跳虱/螞蟻/老鼠/衣魚的一次性服務。&lt;/p&gt;\r\n', '&lt;p&gt;&amp;nbsp;&lt;/p&gt;\r\n\r\n&lt;p&gt;1.&amp;nbsp;&amp;nbsp;&amp;nbsp;&amp;nbsp; 付款條款與合約章則&lt;/p&gt;\r\n\r\n&lt;p&gt;&amp;nbsp;&lt;/p&gt;\r\n\r\n&lt;p&gt;1.1&amp;nbsp; &amp;nbsp; &amp;nbsp;服務協定：於協定簽署後，本協定於所載期間內均具有約束力。&lt;/p&gt;\r\n\r\n&lt;p&gt;&amp;nbsp;&lt;/p&gt;\r\n\r\n&lt;p&gt;1.2&amp;nbsp; &amp;nbsp; &amp;nbsp;付款：&lt;/p&gt;\r\n\r\n&lt;p&gt;&amp;nbsp;&lt;/p&gt;\r\n\r\n&lt;p&gt;1.2.1&amp;nbsp; &amp;nbsp; &amp;nbsp;所有家居服務費用必須要預先支付。我司將于第一次服務時提供正規發票給客戶。付款方式如下：&lt;/p&gt;\r\n\r\n&lt;p&gt;&amp;nbsp;&lt;/p&gt;\r\n\r\n&lt;table border=&quot;0&quot; cellpadding=&quot;0&quot; cellspacing=&quot;0&quot; style=&quot;width:80%&quot;&gt;\r\n	&lt;tbody&gt;\r\n		&lt;tr&gt;\r\n			&lt;td&gt;i. 支付寶&lt;/td&gt;\r\n			&lt;td&gt;ii.&lt;strong&gt; &lt;/strong&gt;微信支付&lt;/td&gt;\r\n		&lt;/tr&gt;\r\n		&lt;tr&gt;\r\n			&lt;td&gt;&lt;img alt=&quot;&quot; src=&quot;Public/Uploads/2018-03-02/1519965420.jpg&quot; style=&quot;height:101px; width:100px&quot; /&gt;&lt;/td&gt;\r\n			&lt;td&gt;&lt;img alt=&quot;&quot; src=&quot;Public/Uploads/2018-03-02/1519965430.jpg&quot; style=&quot;height:99px; width:100px&quot; /&gt;&lt;/td&gt;\r\n		&lt;/tr&gt;\r\n	&lt;/tbody&gt;\r\n&lt;/table&gt;\r\n\r\n&lt;p&gt;&amp;nbsp;&lt;/p&gt;\r\n\r\n&lt;p&gt;iii.&amp;nbsp;&amp;nbsp;&amp;nbsp; 銀行轉賬:&lt;/p&gt;\r\n\r\n&lt;p&gt;&amp;nbsp; &amp;nbsp; &amp;nbsp; &amp;nbsp; 账户名：利比斯清洁灭虫服务（深圳）有限公司&lt;/p&gt;\r\n\r\n&lt;p&gt;&amp;nbsp; &amp;nbsp; &amp;nbsp; &amp;nbsp; 开户行：招商银行深圳泰然金谷支行&lt;/p&gt;\r\n\r\n&lt;p&gt;&amp;nbsp; &amp;nbsp; &amp;nbsp; &amp;nbsp; 账&amp;nbsp; &amp;nbsp;号：7559 2003 5910 102&lt;/p&gt;\r\n\r\n&lt;p&gt;&amp;nbsp;&lt;/p&gt;\r\n\r\n&lt;p&gt;2.&amp;nbsp;&amp;nbsp;&amp;nbsp;&amp;nbsp; 其他協議條件&lt;/p&gt;\r\n\r\n&lt;p&gt;&amp;nbsp;&lt;/p&gt;\r\n\r\n&lt;p&gt;2.1&amp;nbsp;&amp;nbsp; 我司滅蟲管理服務部負責於本協議內所述之有關地址的室內/室外/範圍內及合約期間內，為所述之昆蟲種類進行防滅/檢查服務。我司作業人員奉行服務第一，顧客至上的原則，以認真負責的態度，確保每次滅蟲服務達到安全、優質、有效的品質標準。所有施工/治理均根據全國衛生檢查機構滅蟲滅害的標準進行。&lt;/p&gt;\r\n\r\n&lt;p&gt;&amp;nbsp;&lt;/p&gt;\r\n\r\n&lt;p&gt;2.2&amp;nbsp;&amp;nbsp; 如需要另行租用安全設備（如高空工作升降臺或鋁合金工作平臺）進行服務的，其租用該設備及/或額外勞工保險的費用將由客戶支付。否則，我司有權對此不進行滅蟲管理服務。&lt;/p&gt;\r\n\r\n&lt;p&gt;&amp;nbsp;&lt;/p&gt;\r\n\r\n&lt;p&gt;2.3&amp;nbsp;&amp;nbsp; 本協定的服務範圍不包括視覺上不能查驗、隱蔽或無法到達的地方。&lt;/p&gt;\r\n\r\n&lt;p&gt;&amp;nbsp;&lt;/p&gt;\r\n\r\n&lt;p&gt;2.4&amp;nbsp;&amp;nbsp; 本協定提供之利益只應用於協議所載樓宇、地方或物件。若物業有增建物時，須向我司發出書面通知；否則我司有權對新增建物不提供滅蟲管理服務。&lt;/p&gt;\r\n\r\n&lt;p&gt;&amp;nbsp;&lt;/p&gt;\r\n\r\n&lt;p&gt;2.5&amp;nbsp;&amp;nbsp; 在合約期間，如客戶提前終止合約，在取得我司的同意下，客戶仍須繳付200元人民幣作為行政費用。&lt;/p&gt;\r\n\r\n&lt;p&gt;&amp;nbsp;&lt;/p&gt;\r\n\r\n&lt;p&gt;2.6&amp;nbsp;&amp;nbsp; 在合約期間，如客戶需要搬遷居所，而新的居所面積與合約約定的面積有所分別，現有合約的剩餘價值將轉載於新的合約中。如客戶要求退款的，必須根據2.5的條款方式處理。&lt;/p&gt;\r\n\r\n&lt;p&gt;&amp;nbsp;&lt;/p&gt;\r\n\r\n&lt;p&gt;2.7&amp;nbsp;&amp;nbsp; 焗霧機器可將施藥藥劑直徑控制在30微米左右，藥劑會長時間懸浮于控制區域內。建議保持現場環境的封閉，換氣系統關閉。施藥後1小時後可開窗通風。如因客戶自身原因未達到此要求的，我司不承擔任何責任。&lt;/p&gt;\r\n\r\n&lt;p&gt;&amp;nbsp;&lt;/p&gt;\r\n\r\n&lt;p&gt;2.8&amp;nbsp;&amp;nbsp; 本協定之報價是根據客戶所提供樓面面積資料計算。因此, 當實際治理面積與客戶所述面積有差別時,我司保留調整報價的權利。&lt;/p&gt;\r\n\r\n&lt;p&gt;&amp;nbsp;&lt;/p&gt;\r\n\r\n&lt;p&gt;2.9&amp;nbsp;&amp;nbsp; 若滅蟲服務于獲得客戶確認日期及時間後，因客戶不在/或不能進入樓宇內而導致我司不能進行滅蟲服務，則我司有權收取200元人民幣, 作為誤工之賠償。&lt;/p&gt;\r\n\r\n&lt;p&gt;&amp;nbsp;&lt;/p&gt;\r\n\r\n&lt;p&gt;2.10 我司會以極細心及專業的態度進行滅蟲服務。為了更好的防止任何意外發生; 在治理服務時, 客戶必須確保所有貴重及易碎物品都已妥善保管及擺放好。如確因我司人員過錯造成關於上述物件損毀的索價，其上限為一仟元人民幣或合約約定月服務費的兩倍（以較低金額作準）。&lt;/p&gt;\r\n\r\n&lt;p&gt;&amp;nbsp;&lt;/p&gt;\r\n\r\n&lt;p&gt;2.11 在服務進行期間，我們建議客戶將貴重物品存放在安全的地方。如有需要，請客戶自行觀察我司員工進行工作。&lt;/p&gt;\r\n\r\n&lt;p&gt;&amp;nbsp;&lt;/p&gt;\r\n\r\n&lt;p&gt;2.12 雖然我司使用的殺蟲劑對人類（過敏性體質人群除外）及大部分寵物是非常安全，但對水生動物及部分爬蟲類是有高度的毒性。如有任何魚缸，水族缸或魚池含有該等動物，請在治理前通知我們及/或用濕毛巾及膠布覆蓋所有開口及其過濾系統；否則由此造成的後果我司不予承擔。&lt;/p&gt;\r\n\r\n&lt;p&gt;&amp;nbsp;&lt;/p&gt;\r\n\r\n&lt;p&gt;2.13 一切由蟲害或白蟻或鼠類所引致客戶的任何損害或損失,我司一概無須負責。&lt;/p&gt;\r\n\r\n&lt;p&gt;&amp;nbsp;&lt;/p&gt;\r\n\r\n&lt;p&gt;2.14 本協議履行中發生不可抗力，導致一方無法履行約定義務的，該方應在不可抗力發生後14天內以書面形式通知另一方。如不可抗力結束後，仍存在繼續履行的可能性，應繼續履行本協議。&lt;/p&gt;\r\n\r\n&lt;p&gt;&amp;nbsp;&lt;/p&gt;\r\n\r\n&lt;p&gt;2.15 本報價只適用於蟑螂/跳虱/螞蟻/老鼠/衣魚的一次性服務。&lt;/p&gt;\r\n', '&lt;p&gt;1.&amp;nbsp;&amp;nbsp;&amp;nbsp;&amp;nbsp; 付款條款與合約章則&lt;/p&gt;\r\n\r\n&lt;p&gt;&amp;nbsp;&lt;/p&gt;\r\n\r\n&lt;p&gt;1.1&amp;nbsp; &amp;nbsp; &amp;nbsp;服務協定：於協定簽署後，本協定於所載期間內均具有約束力。&lt;/p&gt;\r\n\r\n&lt;p&gt;&amp;nbsp;&lt;/p&gt;\r\n\r\n&lt;p&gt;1.2&amp;nbsp; &amp;nbsp; &amp;nbsp;付款：&lt;/p&gt;\r\n\r\n&lt;p&gt;&amp;nbsp;&lt;/p&gt;\r\n\r\n&lt;p&gt;1.2.1&amp;nbsp; &amp;nbsp; &amp;nbsp;所有家居服務費用必須要預先支付。我司將于第一次服務時提供正規發票給客戶。付款方式如下：&lt;/p&gt;\r\n\r\n&lt;p&gt;&amp;nbsp;&lt;/p&gt;\r\n\r\n&lt;table border=&quot;0&quot; cellpadding=&quot;0&quot; cellspacing=&quot;0&quot; style=&quot;width:80%&quot;&gt;\r\n	&lt;tbody&gt;\r\n		&lt;tr&gt;\r\n			&lt;td&gt;i. 支付寶&lt;/td&gt;\r\n			&lt;td&gt;ii.&lt;strong&gt; &lt;/strong&gt;微信支付&lt;/td&gt;\r\n		&lt;/tr&gt;\r\n		&lt;tr&gt;\r\n			&lt;td&gt;&lt;img alt=&quot;&quot; src=&quot;Public/Uploads/2018-03-02/1519965420.jpg&quot; style=&quot;height:101px; width:100px&quot; /&gt;&lt;/td&gt;\r\n			&lt;td&gt;&lt;img alt=&quot;&quot; src=&quot;Public/Uploads/2018-03-02/1519965430.jpg&quot; style=&quot;height:99px; width:100px&quot; /&gt;&lt;/td&gt;\r\n		&lt;/tr&gt;\r\n	&lt;/tbody&gt;\r\n&lt;/table&gt;\r\n\r\n&lt;p&gt;&amp;nbsp;&lt;/p&gt;\r\n\r\n&lt;p&gt;iii.&amp;nbsp;&amp;nbsp;&amp;nbsp; 銀行轉賬:&lt;/p&gt;\r\n\r\n&lt;p&gt;&amp;nbsp; &amp;nbsp; &amp;nbsp; &amp;nbsp; 账户名：利比斯清洁灭虫服务（深圳）有限公司&lt;/p&gt;\r\n\r\n&lt;p&gt;&amp;nbsp; &amp;nbsp; &amp;nbsp; &amp;nbsp; 开户行：招商银行深圳泰然金谷支行&lt;/p&gt;\r\n\r\n&lt;p&gt;&amp;nbsp; &amp;nbsp; &amp;nbsp; &amp;nbsp; 账&amp;nbsp; &amp;nbsp;号：7559 2003 5910 102&lt;/p&gt;\r\n\r\n&lt;p&gt;&amp;nbsp;&lt;/p&gt;\r\n\r\n&lt;p&gt;2.&amp;nbsp;&amp;nbsp;&amp;nbsp;&amp;nbsp; 其他協議條件&lt;/p&gt;\r\n\r\n&lt;p&gt;&amp;nbsp;&lt;/p&gt;\r\n\r\n&lt;p&gt;2.1&amp;nbsp;&amp;nbsp; 我司滅蟲管理服務部負責於本協議內所述之有關地址的室內/室外/範圍內及合約期間內，為所述之昆蟲種類進行防滅/檢查服務。我司作業人員奉行服務第一，顧客至上的原則，以認真負責的態度，確保每次滅蟲服務達到安全、優質、有效的品質標準。所有施工/治理均根據全國衛生檢查機構滅蟲滅害的標準進行。&lt;/p&gt;\r\n\r\n&lt;p&gt;&amp;nbsp;&lt;/p&gt;\r\n\r\n&lt;p&gt;2.2&amp;nbsp;&amp;nbsp; 如需要另行租用安全設備（如高空工作升降臺或鋁合金工作平臺）進行服務的，其租用該設備及/或額外勞工保險的費用將由客戶支付。否則，我司有權對此不進行滅蟲管理服務。&lt;/p&gt;\r\n\r\n&lt;p&gt;&amp;nbsp;&lt;/p&gt;\r\n\r\n&lt;p&gt;2.3&amp;nbsp;&amp;nbsp; 本協定的服務範圍不包括視覺上不能查驗、隱蔽或無法到達的地方。&lt;/p&gt;\r\n\r\n&lt;p&gt;&amp;nbsp;&lt;/p&gt;\r\n\r\n&lt;p&gt;2.4&amp;nbsp;&amp;nbsp; 本協定提供之利益只應用於協議所載樓宇、地方或物件。若物業有增建物時，須向我司發出書面通知；否則我司有權對新增建物不提供滅蟲管理服務。&lt;/p&gt;\r\n\r\n&lt;p&gt;&amp;nbsp;&lt;/p&gt;\r\n\r\n&lt;p&gt;2.5&amp;nbsp;&amp;nbsp; 在合約期間，如客戶提前終止合約，在取得我司的同意下，客戶仍須繳付200元人民幣作為行政費用。&lt;/p&gt;\r\n\r\n&lt;p&gt;&amp;nbsp;&lt;/p&gt;\r\n\r\n&lt;p&gt;2.6&amp;nbsp;&amp;nbsp; 在合約期間，如客戶需要搬遷居所，而新的居所面積與合約約定的面積有所分別，現有合約的剩餘價值將轉載於新的合約中。如客戶要求退款的，必須根據2.5的條款方式處理。&lt;/p&gt;\r\n\r\n&lt;p&gt;&amp;nbsp;&lt;/p&gt;\r\n\r\n&lt;p&gt;2.7&amp;nbsp;&amp;nbsp; 焗霧機器可將施藥藥劑直徑控制在30微米左右，藥劑會長時間懸浮于控制區域內。建議保持現場環境的封閉，換氣系統關閉。施藥後1小時後可開窗通風。如因客戶自身原因未達到此要求的，我司不承擔任何責任。&lt;/p&gt;\r\n\r\n&lt;p&gt;&amp;nbsp;&lt;/p&gt;\r\n\r\n&lt;p&gt;2.8&amp;nbsp;&amp;nbsp; 本協定之報價是根據客戶所提供樓面面積資料計算。因此, 當實際治理面積與客戶所述面積有差別時,我司保留調整報價的權利。&lt;/p&gt;\r\n\r\n&lt;p&gt;&amp;nbsp;&lt;/p&gt;\r\n\r\n&lt;p&gt;2.9&amp;nbsp;&amp;nbsp; 若滅蟲服務于獲得客戶確認日期及時間後，因客戶不在/或不能進入樓宇內而導致我司不能進行滅蟲服務，則我司有權收取200元人民幣, 作為誤工之賠償。&lt;/p&gt;\r\n\r\n&lt;p&gt;&amp;nbsp;&lt;/p&gt;\r\n\r\n&lt;p&gt;2.10 我司會以極細心及專業的態度進行滅蟲服務。為了更好的防止任何意外發生; 在治理服務時, 客戶必須確保所有貴重及易碎物品都已妥善保管及擺放好。如確因我司人員過錯造成關於上述物件損毀的索價，其上限為一仟元人民幣或合約約定月服務費的兩倍（以較低金額作準）。&lt;/p&gt;\r\n\r\n&lt;p&gt;&amp;nbsp;&lt;/p&gt;\r\n\r\n&lt;p&gt;2.11 在服務進行期間，我們建議客戶將貴重物品存放在安全的地方。如有需要，請客戶自行觀察我司員工進行工作。&lt;/p&gt;\r\n\r\n&lt;p&gt;&amp;nbsp;&lt;/p&gt;\r\n\r\n&lt;p&gt;2.12 雖然我司使用的殺蟲劑對人類（過敏性體質人群除外）及大部分寵物是非常安全，但對水生動物及部分爬蟲類是有高度的毒性。如有任何魚缸，水族缸或魚池含有該等動物，請在治理前通知我們及/或用濕毛巾及膠布覆蓋所有開口及其過濾系統；否則由此造成的後果我司不予承擔。&lt;/p&gt;\r\n\r\n&lt;p&gt;&amp;nbsp;&lt;/p&gt;\r\n\r\n&lt;p&gt;2.13 一切由蟲害或白蟻或鼠類所引致客戶的任何損害或損失,我司一概無須負責。&lt;/p&gt;\r\n\r\n&lt;p&gt;&amp;nbsp;&lt;/p&gt;\r\n\r\n&lt;p&gt;2.14 本協議履行中發生不可抗力，導致一方無法履行約定義務的，該方應在不可抗力發生後14天內以書面形式通知另一方。如不可抗力結束後，仍存在繼續履行的可能性，應繼續履行本協議。&lt;/p&gt;\r\n\r\n&lt;p&gt;&amp;nbsp;&lt;/p&gt;\r\n\r\n&lt;p&gt;2.15 本報價只適用於蟑螂/跳虱/螞蟻/老鼠/衣魚的一次性服務。&lt;/p&gt;\r\n');
INSERT INTO `quote_city` (`id`, `region_id`, `city_name`, `city_name_tw`, `city_name_us`, `z_index`, `other_open`, `other_price`, `currency_type`, `b_unit`, `company`, `company_tw`, `company_us`, `seal`, `terms`, `terms_tw`, `terms_us`) VALUES
(28, 3, '东莞', '東莞', 'Dongguan', 3, 1, '150', 'RMB', 'mi', '利比斯清洁灭虫服务（深圳）有限公司东莞分公司', '利比斯清洁灭虫服务（深圳）有限公司东莞分公司', '利比斯清洁灭虫服务（深圳）有限公司东莞分公司', 'Public/Uploads/2018-03-02/1519965331.png', '&lt;p&gt;1.&amp;nbsp;&amp;nbsp;&amp;nbsp;&amp;nbsp; 付款條款與合約章則&lt;/p&gt;\r\n\r\n&lt;p&gt;&amp;nbsp;&lt;/p&gt;\r\n\r\n&lt;p&gt;1.1&amp;nbsp; &amp;nbsp; &amp;nbsp;服務協定：於協定簽署後，本協定於所載期間內均具有約束力。&lt;/p&gt;\r\n\r\n&lt;p&gt;&amp;nbsp;&lt;/p&gt;\r\n\r\n&lt;p&gt;1.2&amp;nbsp; &amp;nbsp; &amp;nbsp;付款：&lt;/p&gt;\r\n\r\n&lt;p&gt;&amp;nbsp;&lt;/p&gt;\r\n\r\n&lt;p&gt;1.2.1&amp;nbsp; &amp;nbsp; &amp;nbsp;所有家居服務費用必須要預先支付。我司將于第一次服務時提供正規發票給客戶。付款方式如下：&lt;/p&gt;\r\n\r\n&lt;p&gt;&amp;nbsp;&lt;/p&gt;\r\n\r\n&lt;table border=&quot;0&quot; cellpadding=&quot;0&quot; cellspacing=&quot;0&quot; style=&quot;width:80%&quot;&gt;\r\n	&lt;tbody&gt;\r\n		&lt;tr&gt;\r\n			&lt;td&gt;i. 支付寶&lt;/td&gt;\r\n		&lt;/tr&gt;\r\n		&lt;tr&gt;\r\n			&lt;td&gt;&lt;img alt=&quot;&quot; src=&quot;Public/Uploads/2018-03-02/1519965308.jpg&quot; style=&quot;height:99px; width:100px&quot; /&gt;&lt;/td&gt;\r\n		&lt;/tr&gt;\r\n	&lt;/tbody&gt;\r\n&lt;/table&gt;\r\n\r\n&lt;p&gt;&amp;nbsp;&lt;/p&gt;\r\n\r\n&lt;p&gt;iii.&amp;nbsp;&amp;nbsp;&amp;nbsp; 銀行轉賬:&lt;/p&gt;\r\n\r\n&lt;p&gt;&amp;nbsp; &amp;nbsp; &amp;nbsp; &amp;nbsp; 账户名：利比斯清洁灭虫服务（深圳）有限公司东莞分公司&lt;/p&gt;\r\n\r\n&lt;p&gt;&amp;nbsp; &amp;nbsp; &amp;nbsp; &amp;nbsp; 开户行：中国银行东莞聚福支行&lt;/p&gt;\r\n\r\n&lt;p&gt;&amp;nbsp; &amp;nbsp; &amp;nbsp; &amp;nbsp; 账&amp;nbsp; &amp;nbsp;号：6613 6135 9108&lt;/p&gt;\r\n\r\n&lt;p&gt;&amp;nbsp;&lt;/p&gt;\r\n\r\n&lt;p&gt;2.&amp;nbsp;&amp;nbsp;&amp;nbsp;&amp;nbsp; 其他協議條件&lt;/p&gt;\r\n\r\n&lt;p&gt;&amp;nbsp;&lt;/p&gt;\r\n\r\n&lt;p&gt;2.1&amp;nbsp;&amp;nbsp; 我司滅蟲管理服務部負責於本協議內所述之有關地址的室內/室外/範圍內及合約期間內，為所述之昆蟲種類進行防滅/檢查服務。我司作業人員奉行服務第一，顧客至上的原則，以認真負責的態度，確保每次滅蟲服務達到安全、優質、有效的品質標準。所有施工/治理均根據全國衛生檢查機構滅蟲滅害的標準進行。&lt;/p&gt;\r\n\r\n&lt;p&gt;&amp;nbsp;&lt;/p&gt;\r\n\r\n&lt;p&gt;2.2&amp;nbsp;&amp;nbsp; 如需要另行租用安全設備（如高空工作升降臺或鋁合金工作平臺）進行服務的，其租用該設備及/或額外勞工保險的費用將由客戶支付。否則，我司有權對此不進行滅蟲管理服務。&lt;/p&gt;\r\n\r\n&lt;p&gt;&amp;nbsp;&lt;/p&gt;\r\n\r\n&lt;p&gt;2.3&amp;nbsp;&amp;nbsp; 本協定的服務範圍不包括視覺上不能查驗、隱蔽或無法到達的地方。&lt;/p&gt;\r\n\r\n&lt;p&gt;&amp;nbsp;&lt;/p&gt;\r\n\r\n&lt;p&gt;2.4&amp;nbsp;&amp;nbsp; 本協定提供之利益只應用於協議所載樓宇、地方或物件。若物業有增建物時，須向我司發出書面通知；否則我司有權對新增建物不提供滅蟲管理服務。&lt;/p&gt;\r\n\r\n&lt;p&gt;&amp;nbsp;&lt;/p&gt;\r\n\r\n&lt;p&gt;2.5&amp;nbsp;&amp;nbsp; 在合約期間，如客戶提前終止合約，在取得我司的同意下，客戶仍須繳付200元人民幣作為行政費用。&lt;/p&gt;\r\n\r\n&lt;p&gt;&amp;nbsp;&lt;/p&gt;\r\n\r\n&lt;p&gt;2.6&amp;nbsp;&amp;nbsp; 在合約期間，如客戶需要搬遷居所，而新的居所面積與合約約定的面積有所分別，現有合約的剩餘價值將轉載於新的合約中。如客戶要求退款的，必須根據2.5的條款方式處理。&lt;/p&gt;\r\n\r\n&lt;p&gt;&amp;nbsp;&lt;/p&gt;\r\n\r\n&lt;p&gt;2.7&amp;nbsp;&amp;nbsp; 焗霧機器可將施藥藥劑直徑控制在30微米左右，藥劑會長時間懸浮于控制區域內。建議保持現場環境的封閉，換氣系統關閉。施藥後1小時後可開窗通風。如因客戶自身原因未達到此要求的，我司不承擔任何責任。&lt;/p&gt;\r\n\r\n&lt;p&gt;&amp;nbsp;&lt;/p&gt;\r\n\r\n&lt;p&gt;2.8&amp;nbsp;&amp;nbsp; 本協定之報價是根據客戶所提供樓面面積資料計算。因此, 當實際治理面積與客戶所述面積有差別時,我司保留調整報價的權利。&lt;/p&gt;\r\n\r\n&lt;p&gt;&amp;nbsp;&lt;/p&gt;\r\n\r\n&lt;p&gt;2.9&amp;nbsp;&amp;nbsp; 若滅蟲服務于獲得客戶確認日期及時間後，因客戶不在/或不能進入樓宇內而導致我司不能進行滅蟲服務，則我司有權收取200元人民幣, 作為誤工之賠償。&lt;/p&gt;\r\n\r\n&lt;p&gt;&amp;nbsp;&lt;/p&gt;\r\n\r\n&lt;p&gt;2.10 我司會以極細心及專業的態度進行滅蟲服務。為了更好的防止任何意外發生; 在治理服務時, 客戶必須確保所有貴重及易碎物品都已妥善保管及擺放好。如確因我司人員過錯造成關於上述物件損毀的索價，其上限為一仟元人民幣或合約約定月服務費的兩倍（以較低金額作準）。&lt;/p&gt;\r\n\r\n&lt;p&gt;&amp;nbsp;&lt;/p&gt;\r\n\r\n&lt;p&gt;2.11 在服務進行期間，我們建議客戶將貴重物品存放在安全的地方。如有需要，請客戶自行觀察我司員工進行工作。&lt;/p&gt;\r\n\r\n&lt;p&gt;&amp;nbsp;&lt;/p&gt;\r\n\r\n&lt;p&gt;2.12 雖然我司使用的殺蟲劑對人類（過敏性體質人群除外）及大部分寵物是非常安全，但對水生動物及部分爬蟲類是有高度的毒性。如有任何魚缸，水族缸或魚池含有該等動物，請在治理前通知我們及/或用濕毛巾及膠布覆蓋所有開口及其過濾系統；否則由此造成的後果我司不予承擔。&lt;/p&gt;\r\n\r\n&lt;p&gt;&amp;nbsp;&lt;/p&gt;\r\n\r\n&lt;p&gt;2.13 一切由蟲害或白蟻或鼠類所引致客戶的任何損害或損失,我司一概無須負責。&lt;/p&gt;\r\n\r\n&lt;p&gt;&amp;nbsp;&lt;/p&gt;\r\n\r\n&lt;p&gt;2.14 本協議履行中發生不可抗力，導致一方無法履行約定義務的，該方應在不可抗力發生後14天內以書面形式通知另一方。如不可抗力結束後，仍存在繼續履行的可能性，應繼續履行本協議。&lt;/p&gt;\r\n\r\n&lt;p&gt;&amp;nbsp;&lt;/p&gt;\r\n\r\n&lt;p&gt;2.15 本報價只適用於蟑螂/跳虱/螞蟻/老鼠/衣魚的一次性服務。&lt;/p&gt;\r\n', '&lt;p&gt;1.&amp;nbsp;&amp;nbsp;&amp;nbsp;&amp;nbsp; 付款條款與合約章則&lt;/p&gt;\r\n\r\n&lt;p&gt;&amp;nbsp;&lt;/p&gt;\r\n\r\n&lt;p&gt;1.1&amp;nbsp; &amp;nbsp; &amp;nbsp;服務協定：於協定簽署後，本協定於所載期間內均具有約束力。&lt;/p&gt;\r\n\r\n&lt;p&gt;&amp;nbsp;&lt;/p&gt;\r\n\r\n&lt;p&gt;1.2&amp;nbsp; &amp;nbsp; &amp;nbsp;付款：&lt;/p&gt;\r\n\r\n&lt;p&gt;&amp;nbsp;&lt;/p&gt;\r\n\r\n&lt;p&gt;1.2.1&amp;nbsp; &amp;nbsp; &amp;nbsp;所有家居服務費用必須要預先支付。我司將于第一次服務時提供正規發票給客戶。付款方式如下：&lt;/p&gt;\r\n\r\n&lt;p&gt;&amp;nbsp;&lt;/p&gt;\r\n\r\n&lt;table border=&quot;0&quot; cellpadding=&quot;0&quot; cellspacing=&quot;0&quot; style=&quot;width:80%&quot;&gt;\r\n	&lt;tbody&gt;\r\n		&lt;tr&gt;\r\n			&lt;td&gt;i. 支付寶&lt;/td&gt;\r\n		&lt;/tr&gt;\r\n		&lt;tr&gt;\r\n			&lt;td&gt;&lt;img alt=&quot;&quot; src=&quot;Public/Uploads/2018-03-02/1519965308.jpg&quot; style=&quot;height:99px; width:100px&quot; /&gt;&lt;/td&gt;\r\n		&lt;/tr&gt;\r\n	&lt;/tbody&gt;\r\n&lt;/table&gt;\r\n\r\n&lt;p&gt;&amp;nbsp;&lt;/p&gt;\r\n\r\n&lt;p&gt;iii.&amp;nbsp;&amp;nbsp;&amp;nbsp; 銀行轉賬:&lt;/p&gt;\r\n\r\n&lt;p&gt;&amp;nbsp; &amp;nbsp; &amp;nbsp; &amp;nbsp; 账户名：利比斯清洁灭虫服务（深圳）有限公司东莞分公司&lt;/p&gt;\r\n\r\n&lt;p&gt;&amp;nbsp; &amp;nbsp; &amp;nbsp; &amp;nbsp; 开户行：中国银行东莞聚福支行&lt;/p&gt;\r\n\r\n&lt;p&gt;&amp;nbsp; &amp;nbsp; &amp;nbsp; &amp;nbsp; 账&amp;nbsp; &amp;nbsp;号：6613 6135 9108&lt;/p&gt;\r\n\r\n&lt;p&gt;&amp;nbsp;&lt;/p&gt;\r\n\r\n&lt;p&gt;2.&amp;nbsp;&amp;nbsp;&amp;nbsp;&amp;nbsp; 其他協議條件&lt;/p&gt;\r\n\r\n&lt;p&gt;&amp;nbsp;&lt;/p&gt;\r\n\r\n&lt;p&gt;2.1&amp;nbsp;&amp;nbsp; 我司滅蟲管理服務部負責於本協議內所述之有關地址的室內/室外/範圍內及合約期間內，為所述之昆蟲種類進行防滅/檢查服務。我司作業人員奉行服務第一，顧客至上的原則，以認真負責的態度，確保每次滅蟲服務達到安全、優質、有效的品質標準。所有施工/治理均根據全國衛生檢查機構滅蟲滅害的標準進行。&lt;/p&gt;\r\n\r\n&lt;p&gt;&amp;nbsp;&lt;/p&gt;\r\n\r\n&lt;p&gt;2.2&amp;nbsp;&amp;nbsp; 如需要另行租用安全設備（如高空工作升降臺或鋁合金工作平臺）進行服務的，其租用該設備及/或額外勞工保險的費用將由客戶支付。否則，我司有權對此不進行滅蟲管理服務。&lt;/p&gt;\r\n\r\n&lt;p&gt;&amp;nbsp;&lt;/p&gt;\r\n\r\n&lt;p&gt;2.3&amp;nbsp;&amp;nbsp; 本協定的服務範圍不包括視覺上不能查驗、隱蔽或無法到達的地方。&lt;/p&gt;\r\n\r\n&lt;p&gt;&amp;nbsp;&lt;/p&gt;\r\n\r\n&lt;p&gt;2.4&amp;nbsp;&amp;nbsp; 本協定提供之利益只應用於協議所載樓宇、地方或物件。若物業有增建物時，須向我司發出書面通知；否則我司有權對新增建物不提供滅蟲管理服務。&lt;/p&gt;\r\n\r\n&lt;p&gt;&amp;nbsp;&lt;/p&gt;\r\n\r\n&lt;p&gt;2.5&amp;nbsp;&amp;nbsp; 在合約期間，如客戶提前終止合約，在取得我司的同意下，客戶仍須繳付200元人民幣作為行政費用。&lt;/p&gt;\r\n\r\n&lt;p&gt;&amp;nbsp;&lt;/p&gt;\r\n\r\n&lt;p&gt;2.6&amp;nbsp;&amp;nbsp; 在合約期間，如客戶需要搬遷居所，而新的居所面積與合約約定的面積有所分別，現有合約的剩餘價值將轉載於新的合約中。如客戶要求退款的，必須根據2.5的條款方式處理。&lt;/p&gt;\r\n\r\n&lt;p&gt;&amp;nbsp;&lt;/p&gt;\r\n\r\n&lt;p&gt;2.7&amp;nbsp;&amp;nbsp; 焗霧機器可將施藥藥劑直徑控制在30微米左右，藥劑會長時間懸浮于控制區域內。建議保持現場環境的封閉，換氣系統關閉。施藥後1小時後可開窗通風。如因客戶自身原因未達到此要求的，我司不承擔任何責任。&lt;/p&gt;\r\n\r\n&lt;p&gt;&amp;nbsp;&lt;/p&gt;\r\n\r\n&lt;p&gt;2.8&amp;nbsp;&amp;nbsp; 本協定之報價是根據客戶所提供樓面面積資料計算。因此, 當實際治理面積與客戶所述面積有差別時,我司保留調整報價的權利。&lt;/p&gt;\r\n\r\n&lt;p&gt;&amp;nbsp;&lt;/p&gt;\r\n\r\n&lt;p&gt;2.9&amp;nbsp;&amp;nbsp; 若滅蟲服務于獲得客戶確認日期及時間後，因客戶不在/或不能進入樓宇內而導致我司不能進行滅蟲服務，則我司有權收取200元人民幣, 作為誤工之賠償。&lt;/p&gt;\r\n\r\n&lt;p&gt;&amp;nbsp;&lt;/p&gt;\r\n\r\n&lt;p&gt;2.10 我司會以極細心及專業的態度進行滅蟲服務。為了更好的防止任何意外發生; 在治理服務時, 客戶必須確保所有貴重及易碎物品都已妥善保管及擺放好。如確因我司人員過錯造成關於上述物件損毀的索價，其上限為一仟元人民幣或合約約定月服務費的兩倍（以較低金額作準）。&lt;/p&gt;\r\n\r\n&lt;p&gt;&amp;nbsp;&lt;/p&gt;\r\n\r\n&lt;p&gt;2.11 在服務進行期間，我們建議客戶將貴重物品存放在安全的地方。如有需要，請客戶自行觀察我司員工進行工作。&lt;/p&gt;\r\n\r\n&lt;p&gt;&amp;nbsp;&lt;/p&gt;\r\n\r\n&lt;p&gt;2.12 雖然我司使用的殺蟲劑對人類（過敏性體質人群除外）及大部分寵物是非常安全，但對水生動物及部分爬蟲類是有高度的毒性。如有任何魚缸，水族缸或魚池含有該等動物，請在治理前通知我們及/或用濕毛巾及膠布覆蓋所有開口及其過濾系統；否則由此造成的後果我司不予承擔。&lt;/p&gt;\r\n\r\n&lt;p&gt;&amp;nbsp;&lt;/p&gt;\r\n\r\n&lt;p&gt;2.13 一切由蟲害或白蟻或鼠類所引致客戶的任何損害或損失,我司一概無須負責。&lt;/p&gt;\r\n\r\n&lt;p&gt;&amp;nbsp;&lt;/p&gt;\r\n\r\n&lt;p&gt;2.14 本協議履行中發生不可抗力，導致一方無法履行約定義務的，該方應在不可抗力發生後14天內以書面形式通知另一方。如不可抗力結束後，仍存在繼續履行的可能性，應繼續履行本協議。&lt;/p&gt;\r\n\r\n&lt;p&gt;&amp;nbsp;&lt;/p&gt;\r\n\r\n&lt;p&gt;2.15 本報價只適用於蟑螂/跳虱/螞蟻/老鼠/衣魚的一次性服務。&lt;/p&gt;\r\n', '&lt;p&gt;1.&amp;nbsp;&amp;nbsp;&amp;nbsp;&amp;nbsp; 付款條款與合約章則&lt;/p&gt;\r\n\r\n&lt;p&gt;&amp;nbsp;&lt;/p&gt;\r\n\r\n&lt;p&gt;1.1&amp;nbsp; &amp;nbsp; &amp;nbsp;服務協定：於協定簽署後，本協定於所載期間內均具有約束力。&lt;/p&gt;\r\n\r\n&lt;p&gt;&amp;nbsp;&lt;/p&gt;\r\n\r\n&lt;p&gt;1.2&amp;nbsp; &amp;nbsp; &amp;nbsp;付款：&lt;/p&gt;\r\n\r\n&lt;p&gt;&amp;nbsp;&lt;/p&gt;\r\n\r\n&lt;p&gt;1.2.1&amp;nbsp; &amp;nbsp; &amp;nbsp;所有家居服務費用必須要預先支付。我司將于第一次服務時提供正規發票給客戶。付款方式如下：&lt;/p&gt;\r\n\r\n&lt;p&gt;&amp;nbsp;&lt;/p&gt;\r\n\r\n&lt;table border=&quot;0&quot; cellpadding=&quot;0&quot; cellspacing=&quot;0&quot; style=&quot;width:80%&quot;&gt;\r\n	&lt;tbody&gt;\r\n		&lt;tr&gt;\r\n			&lt;td&gt;i. 支付寶&lt;/td&gt;\r\n		&lt;/tr&gt;\r\n		&lt;tr&gt;\r\n			&lt;td&gt;&lt;img alt=&quot;&quot; src=&quot;Public/Uploads/2018-03-02/1519965308.jpg&quot; style=&quot;height:99px; width:100px&quot; /&gt;&lt;/td&gt;\r\n		&lt;/tr&gt;\r\n	&lt;/tbody&gt;\r\n&lt;/table&gt;\r\n\r\n&lt;p&gt;&amp;nbsp;&lt;/p&gt;\r\n\r\n&lt;p&gt;iii.&amp;nbsp;&amp;nbsp;&amp;nbsp; 銀行轉賬:&lt;/p&gt;\r\n\r\n&lt;p&gt;&amp;nbsp; &amp;nbsp; &amp;nbsp; &amp;nbsp; 账户名：利比斯清洁灭虫服务（深圳）有限公司东莞分公司&lt;/p&gt;\r\n\r\n&lt;p&gt;&amp;nbsp; &amp;nbsp; &amp;nbsp; &amp;nbsp; 开户行：中国银行东莞聚福支行&lt;/p&gt;\r\n\r\n&lt;p&gt;&amp;nbsp; &amp;nbsp; &amp;nbsp; &amp;nbsp; 账&amp;nbsp; &amp;nbsp;号：6613 6135 9108&lt;/p&gt;\r\n\r\n&lt;p&gt;&amp;nbsp;&lt;/p&gt;\r\n\r\n&lt;p&gt;2.&amp;nbsp;&amp;nbsp;&amp;nbsp;&amp;nbsp; 其他協議條件&lt;/p&gt;\r\n\r\n&lt;p&gt;&amp;nbsp;&lt;/p&gt;\r\n\r\n&lt;p&gt;2.1&amp;nbsp;&amp;nbsp; 我司滅蟲管理服務部負責於本協議內所述之有關地址的室內/室外/範圍內及合約期間內，為所述之昆蟲種類進行防滅/檢查服務。我司作業人員奉行服務第一，顧客至上的原則，以認真負責的態度，確保每次滅蟲服務達到安全、優質、有效的品質標準。所有施工/治理均根據全國衛生檢查機構滅蟲滅害的標準進行。&lt;/p&gt;\r\n\r\n&lt;p&gt;&amp;nbsp;&lt;/p&gt;\r\n\r\n&lt;p&gt;2.2&amp;nbsp;&amp;nbsp; 如需要另行租用安全設備（如高空工作升降臺或鋁合金工作平臺）進行服務的，其租用該設備及/或額外勞工保險的費用將由客戶支付。否則，我司有權對此不進行滅蟲管理服務。&lt;/p&gt;\r\n\r\n&lt;p&gt;&amp;nbsp;&lt;/p&gt;\r\n\r\n&lt;p&gt;2.3&amp;nbsp;&amp;nbsp; 本協定的服務範圍不包括視覺上不能查驗、隱蔽或無法到達的地方。&lt;/p&gt;\r\n\r\n&lt;p&gt;&amp;nbsp;&lt;/p&gt;\r\n\r\n&lt;p&gt;2.4&amp;nbsp;&amp;nbsp; 本協定提供之利益只應用於協議所載樓宇、地方或物件。若物業有增建物時，須向我司發出書面通知；否則我司有權對新增建物不提供滅蟲管理服務。&lt;/p&gt;\r\n\r\n&lt;p&gt;&amp;nbsp;&lt;/p&gt;\r\n\r\n&lt;p&gt;2.5&amp;nbsp;&amp;nbsp; 在合約期間，如客戶提前終止合約，在取得我司的同意下，客戶仍須繳付200元人民幣作為行政費用。&lt;/p&gt;\r\n\r\n&lt;p&gt;&amp;nbsp;&lt;/p&gt;\r\n\r\n&lt;p&gt;2.6&amp;nbsp;&amp;nbsp; 在合約期間，如客戶需要搬遷居所，而新的居所面積與合約約定的面積有所分別，現有合約的剩餘價值將轉載於新的合約中。如客戶要求退款的，必須根據2.5的條款方式處理。&lt;/p&gt;\r\n\r\n&lt;p&gt;&amp;nbsp;&lt;/p&gt;\r\n\r\n&lt;p&gt;2.7&amp;nbsp;&amp;nbsp; 焗霧機器可將施藥藥劑直徑控制在30微米左右，藥劑會長時間懸浮于控制區域內。建議保持現場環境的封閉，換氣系統關閉。施藥後1小時後可開窗通風。如因客戶自身原因未達到此要求的，我司不承擔任何責任。&lt;/p&gt;\r\n\r\n&lt;p&gt;&amp;nbsp;&lt;/p&gt;\r\n\r\n&lt;p&gt;2.8&amp;nbsp;&amp;nbsp; 本協定之報價是根據客戶所提供樓面面積資料計算。因此, 當實際治理面積與客戶所述面積有差別時,我司保留調整報價的權利。&lt;/p&gt;\r\n\r\n&lt;p&gt;&amp;nbsp;&lt;/p&gt;\r\n\r\n&lt;p&gt;2.9&amp;nbsp;&amp;nbsp; 若滅蟲服務于獲得客戶確認日期及時間後，因客戶不在/或不能進入樓宇內而導致我司不能進行滅蟲服務，則我司有權收取200元人民幣, 作為誤工之賠償。&lt;/p&gt;\r\n\r\n&lt;p&gt;&amp;nbsp;&lt;/p&gt;\r\n\r\n&lt;p&gt;2.10 我司會以極細心及專業的態度進行滅蟲服務。為了更好的防止任何意外發生; 在治理服務時, 客戶必須確保所有貴重及易碎物品都已妥善保管及擺放好。如確因我司人員過錯造成關於上述物件損毀的索價，其上限為一仟元人民幣或合約約定月服務費的兩倍（以較低金額作準）。&lt;/p&gt;\r\n\r\n&lt;p&gt;&amp;nbsp;&lt;/p&gt;\r\n\r\n&lt;p&gt;2.11 在服務進行期間，我們建議客戶將貴重物品存放在安全的地方。如有需要，請客戶自行觀察我司員工進行工作。&lt;/p&gt;\r\n\r\n&lt;p&gt;&amp;nbsp;&lt;/p&gt;\r\n\r\n&lt;p&gt;2.12 雖然我司使用的殺蟲劑對人類（過敏性體質人群除外）及大部分寵物是非常安全，但對水生動物及部分爬蟲類是有高度的毒性。如有任何魚缸，水族缸或魚池含有該等動物，請在治理前通知我們及/或用濕毛巾及膠布覆蓋所有開口及其過濾系統；否則由此造成的後果我司不予承擔。&lt;/p&gt;\r\n\r\n&lt;p&gt;&amp;nbsp;&lt;/p&gt;\r\n\r\n&lt;p&gt;2.13 一切由蟲害或白蟻或鼠類所引致客戶的任何損害或損失,我司一概無須負責。&lt;/p&gt;\r\n\r\n&lt;p&gt;&amp;nbsp;&lt;/p&gt;\r\n\r\n&lt;p&gt;2.14 本協議履行中發生不可抗力，導致一方無法履行約定義務的，該方應在不可抗力發生後14天內以書面形式通知另一方。如不可抗力結束後，仍存在繼續履行的可能性，應繼續履行本協議。&lt;/p&gt;\r\n\r\n&lt;p&gt;&amp;nbsp;&lt;/p&gt;\r\n\r\n&lt;p&gt;2.15 本報價只適用於蟑螂/跳虱/螞蟻/老鼠/衣魚的一次性服務。&lt;/p&gt;\r\n'),
(29, 3, '珠海', '珠海', 'Zhuhai', 4, 1, '150', 'RMB', 'mi', '珠海史伟莎环保科技有限公司', '珠海史伟莎环保科技有限公司', '珠海史伟莎环保科技有限公司', 'Public/Uploads/2018-03-02/1519964955.png', '&lt;p&gt;1.&amp;nbsp;&amp;nbsp;&amp;nbsp;&amp;nbsp; 付款條款與合約章則&lt;/p&gt;\r\n\r\n&lt;p&gt;&amp;nbsp;&lt;/p&gt;\r\n\r\n&lt;p&gt;1.1&amp;nbsp; &amp;nbsp; &amp;nbsp;服務協定：於協定簽署後，本協定於所載期間內均具有約束力。&lt;/p&gt;\r\n\r\n&lt;p&gt;&amp;nbsp;&lt;/p&gt;\r\n\r\n&lt;p&gt;1.2&amp;nbsp; &amp;nbsp; &amp;nbsp;付款：&lt;/p&gt;\r\n\r\n&lt;p&gt;&amp;nbsp;&lt;/p&gt;\r\n\r\n&lt;p&gt;1.2.1&amp;nbsp; &amp;nbsp; &amp;nbsp;所有家居服務費用必須要預先支付。我司將于第一次服務時提供正規發票給客戶。付款方式如下：&lt;/p&gt;\r\n\r\n&lt;p&gt;&amp;nbsp;&lt;/p&gt;\r\n\r\n&lt;table border=&quot;0&quot; cellpadding=&quot;0&quot; cellspacing=&quot;0&quot; style=&quot;width:80%&quot;&gt;\r\n	&lt;tbody&gt;\r\n		&lt;tr&gt;\r\n			&lt;td&gt;i. 支付寶&lt;/td&gt;\r\n			&lt;td&gt;ii.&lt;strong&gt; &lt;/strong&gt;微信支付&lt;/td&gt;\r\n		&lt;/tr&gt;\r\n		&lt;tr&gt;\r\n			&lt;td&gt;&lt;img alt=&quot;&quot; src=&quot;Public/Uploads/2018-01-29/1517213498.png&quot; style=&quot;height:100px; width:100px&quot; /&gt;&lt;/td&gt;\r\n			&lt;td&gt;&lt;img alt=&quot;&quot; src=&quot;Public/Uploads/2018-01-29/1517213512.png&quot; style=&quot;height:100px; width:100px&quot; /&gt;&lt;/td&gt;\r\n		&lt;/tr&gt;\r\n	&lt;/tbody&gt;\r\n&lt;/table&gt;\r\n\r\n&lt;p&gt;&amp;nbsp;&lt;/p&gt;\r\n\r\n&lt;p&gt;iii.&amp;nbsp;&amp;nbsp;&amp;nbsp; 銀行轉賬:&lt;/p&gt;\r\n\r\n&lt;p&gt;&amp;nbsp; &amp;nbsp; &amp;nbsp; &amp;nbsp; 账户名：珠海史伟莎环保科技有限公司&lt;/p&gt;\r\n\r\n&lt;p&gt;&amp;nbsp; &amp;nbsp; &amp;nbsp; &amp;nbsp; 开户行：中国农业银行珠海分行营业部&lt;/p&gt;\r\n\r\n&lt;p&gt;&amp;nbsp; &amp;nbsp; &amp;nbsp; &amp;nbsp; 账&amp;nbsp; &amp;nbsp;号：4435 0101 0400 27400&lt;/p&gt;\r\n\r\n&lt;p&gt;&amp;nbsp;&lt;/p&gt;\r\n\r\n&lt;p&gt;2.&amp;nbsp;&amp;nbsp;&amp;nbsp;&amp;nbsp; 其他協議條件&lt;/p&gt;\r\n\r\n&lt;p&gt;&amp;nbsp;&lt;/p&gt;\r\n\r\n&lt;p&gt;2.1&amp;nbsp;&amp;nbsp; 我司滅蟲管理服務部負責於本協議內所述之有關地址的室內/室外/範圍內及合約期間內，為所述之昆蟲種類進行防滅/檢查服務。我司作業人員奉行服務第一，顧客至上的原則，以認真負責的態度，確保每次滅蟲服務達到安全、優質、有效的品質標準。所有施工/治理均根據全國衛生檢查機構滅蟲滅害的標準進行。&lt;/p&gt;\r\n\r\n&lt;p&gt;&amp;nbsp;&lt;/p&gt;\r\n\r\n&lt;p&gt;2.2&amp;nbsp;&amp;nbsp; 如需要另行租用安全設備（如高空工作升降臺或鋁合金工作平臺）進行服務的，其租用該設備及/或額外勞工保險的費用將由客戶支付。否則，我司有權對此不進行滅蟲管理服務。&lt;/p&gt;\r\n\r\n&lt;p&gt;&amp;nbsp;&lt;/p&gt;\r\n\r\n&lt;p&gt;2.3&amp;nbsp;&amp;nbsp; 本協定的服務範圍不包括視覺上不能查驗、隱蔽或無法到達的地方。&lt;/p&gt;\r\n\r\n&lt;p&gt;&amp;nbsp;&lt;/p&gt;\r\n\r\n&lt;p&gt;2.4&amp;nbsp;&amp;nbsp; 本協定提供之利益只應用於協議所載樓宇、地方或物件。若物業有增建物時，須向我司發出書面通知；否則我司有權對新增建物不提供滅蟲管理服務。&lt;/p&gt;\r\n\r\n&lt;p&gt;&amp;nbsp;&lt;/p&gt;\r\n\r\n&lt;p&gt;2.5&amp;nbsp;&amp;nbsp; 在合約期間，如客戶提前終止合約，在取得我司的同意下，客戶仍須繳付200元人民幣作為行政費用。&lt;/p&gt;\r\n\r\n&lt;p&gt;&amp;nbsp;&lt;/p&gt;\r\n\r\n&lt;p&gt;2.6&amp;nbsp;&amp;nbsp; 在合約期間，如客戶需要搬遷居所，而新的居所面積與合約約定的面積有所分別，現有合約的剩餘價值將轉載於新的合約中。如客戶要求退款的，必須根據2.5的條款方式處理。&lt;/p&gt;\r\n\r\n&lt;p&gt;&amp;nbsp;&lt;/p&gt;\r\n\r\n&lt;p&gt;2.7&amp;nbsp;&amp;nbsp; 焗霧機器可將施藥藥劑直徑控制在30微米左右，藥劑會長時間懸浮于控制區域內。建議保持現場環境的封閉，換氣系統關閉。施藥後1小時後可開窗通風。如因客戶自身原因未達到此要求的，我司不承擔任何責任。&lt;/p&gt;\r\n\r\n&lt;p&gt;&amp;nbsp;&lt;/p&gt;\r\n\r\n&lt;p&gt;2.8&amp;nbsp;&amp;nbsp; 本協定之報價是根據客戶所提供樓面面積資料計算。因此, 當實際治理面積與客戶所述面積有差別時,我司保留調整報價的權利。&lt;/p&gt;\r\n\r\n&lt;p&gt;&amp;nbsp;&lt;/p&gt;\r\n\r\n&lt;p&gt;2.9&amp;nbsp;&amp;nbsp; 若滅蟲服務于獲得客戶確認日期及時間後，因客戶不在/或不能進入樓宇內而導致我司不能進行滅蟲服務，則我司有權收取200元人民幣, 作為誤工之賠償。&lt;/p&gt;\r\n\r\n&lt;p&gt;&amp;nbsp;&lt;/p&gt;\r\n\r\n&lt;p&gt;2.10 我司會以極細心及專業的態度進行滅蟲服務。為了更好的防止任何意外發生; 在治理服務時, 客戶必須確保所有貴重及易碎物品都已妥善保管及擺放好。如確因我司人員過錯造成關於上述物件損毀的索價，其上限為一仟元人民幣或合約約定月服務費的兩倍（以較低金額作準）。&lt;/p&gt;\r\n\r\n&lt;p&gt;&amp;nbsp;&lt;/p&gt;\r\n\r\n&lt;p&gt;2.11 在服務進行期間，我們建議客戶將貴重物品存放在安全的地方。如有需要，請客戶自行觀察我司員工進行工作。&lt;/p&gt;\r\n\r\n&lt;p&gt;&amp;nbsp;&lt;/p&gt;\r\n\r\n&lt;p&gt;2.12 雖然我司使用的殺蟲劑對人類（過敏性體質人群除外）及大部分寵物是非常安全，但對水生動物及部分爬蟲類是有高度的毒性。如有任何魚缸，水族缸或魚池含有該等動物，請在治理前通知我們及/或用濕毛巾及膠布覆蓋所有開口及其過濾系統；否則由此造成的後果我司不予承擔。&lt;/p&gt;\r\n\r\n&lt;p&gt;&amp;nbsp;&lt;/p&gt;\r\n\r\n&lt;p&gt;2.13 一切由蟲害或白蟻或鼠類所引致客戶的任何損害或損失,我司一概無須負責。&lt;/p&gt;\r\n\r\n&lt;p&gt;&amp;nbsp;&lt;/p&gt;\r\n\r\n&lt;p&gt;2.14 本協議履行中發生不可抗力，導致一方無法履行約定義務的，該方應在不可抗力發生後14天內以書面形式通知另一方。如不可抗力結束後，仍存在繼續履行的可能性，應繼續履行本協議。&lt;/p&gt;\r\n\r\n&lt;p&gt;&amp;nbsp;&lt;/p&gt;\r\n\r\n&lt;p&gt;2.15 本報價只適用於蟑螂/跳虱/螞蟻/老鼠/衣魚的一次性服務。&lt;/p&gt;\r\n', '&lt;p&gt;1.&amp;nbsp;&amp;nbsp;&amp;nbsp;&amp;nbsp; 付款條款與合約章則&lt;/p&gt;\r\n\r\n&lt;p&gt;&amp;nbsp;&lt;/p&gt;\r\n\r\n&lt;p&gt;1.1&amp;nbsp; &amp;nbsp; &amp;nbsp;服務協定：於協定簽署後，本協定於所載期間內均具有約束力。&lt;/p&gt;\r\n\r\n&lt;p&gt;&amp;nbsp;&lt;/p&gt;\r\n\r\n&lt;p&gt;1.2&amp;nbsp; &amp;nbsp; &amp;nbsp;付款：&lt;/p&gt;\r\n\r\n&lt;p&gt;&amp;nbsp;&lt;/p&gt;\r\n\r\n&lt;p&gt;1.2.1&amp;nbsp; &amp;nbsp; &amp;nbsp;所有家居服務費用必須要預先支付。我司將于第一次服務時提供正規發票給客戶。付款方式如下：&lt;/p&gt;\r\n\r\n&lt;p&gt;&amp;nbsp;&lt;/p&gt;\r\n\r\n&lt;table border=&quot;0&quot; cellpadding=&quot;0&quot; cellspacing=&quot;0&quot; style=&quot;width:80%&quot;&gt;\r\n	&lt;tbody&gt;\r\n		&lt;tr&gt;\r\n			&lt;td&gt;i. 支付寶&lt;/td&gt;\r\n			&lt;td&gt;ii.&lt;strong&gt; &lt;/strong&gt;微信支付&lt;/td&gt;\r\n		&lt;/tr&gt;\r\n		&lt;tr&gt;\r\n			&lt;td&gt;&lt;img alt=&quot;&quot; src=&quot;Public/Uploads/2018-01-29/1517213498.png&quot; style=&quot;height:100px; width:100px&quot; /&gt;&lt;/td&gt;\r\n			&lt;td&gt;&lt;img alt=&quot;&quot; src=&quot;Public/Uploads/2018-01-29/1517213512.png&quot; style=&quot;height:100px; width:100px&quot; /&gt;&lt;/td&gt;\r\n		&lt;/tr&gt;\r\n	&lt;/tbody&gt;\r\n&lt;/table&gt;\r\n\r\n&lt;p&gt;&amp;nbsp;&lt;/p&gt;\r\n\r\n&lt;p&gt;iii.&amp;nbsp;&amp;nbsp;&amp;nbsp; 銀行轉賬:&lt;/p&gt;\r\n\r\n&lt;p&gt;&amp;nbsp; &amp;nbsp; &amp;nbsp; &amp;nbsp; 账户名：珠海史伟莎环保科技有限公司&lt;/p&gt;\r\n\r\n&lt;p&gt;&amp;nbsp; &amp;nbsp; &amp;nbsp; &amp;nbsp; 开户行：中国农业银行珠海分行营业部&lt;/p&gt;\r\n\r\n&lt;p&gt;&amp;nbsp; &amp;nbsp; &amp;nbsp; &amp;nbsp; 账&amp;nbsp; &amp;nbsp;号：4435 0101 0400 27400&lt;/p&gt;\r\n\r\n&lt;p&gt;&amp;nbsp;&lt;/p&gt;\r\n\r\n&lt;p&gt;2.&amp;nbsp;&amp;nbsp;&amp;nbsp;&amp;nbsp; 其他協議條件&lt;/p&gt;\r\n\r\n&lt;p&gt;&amp;nbsp;&lt;/p&gt;\r\n\r\n&lt;p&gt;2.1&amp;nbsp;&amp;nbsp; 我司滅蟲管理服務部負責於本協議內所述之有關地址的室內/室外/範圍內及合約期間內，為所述之昆蟲種類進行防滅/檢查服務。我司作業人員奉行服務第一，顧客至上的原則，以認真負責的態度，確保每次滅蟲服務達到安全、優質、有效的品質標準。所有施工/治理均根據全國衛生檢查機構滅蟲滅害的標準進行。&lt;/p&gt;\r\n\r\n&lt;p&gt;&amp;nbsp;&lt;/p&gt;\r\n\r\n&lt;p&gt;2.2&amp;nbsp;&amp;nbsp; 如需要另行租用安全設備（如高空工作升降臺或鋁合金工作平臺）進行服務的，其租用該設備及/或額外勞工保險的費用將由客戶支付。否則，我司有權對此不進行滅蟲管理服務。&lt;/p&gt;\r\n\r\n&lt;p&gt;&amp;nbsp;&lt;/p&gt;\r\n\r\n&lt;p&gt;2.3&amp;nbsp;&amp;nbsp; 本協定的服務範圍不包括視覺上不能查驗、隱蔽或無法到達的地方。&lt;/p&gt;\r\n\r\n&lt;p&gt;&amp;nbsp;&lt;/p&gt;\r\n\r\n&lt;p&gt;2.4&amp;nbsp;&amp;nbsp; 本協定提供之利益只應用於協議所載樓宇、地方或物件。若物業有增建物時，須向我司發出書面通知；否則我司有權對新增建物不提供滅蟲管理服務。&lt;/p&gt;\r\n\r\n&lt;p&gt;&amp;nbsp;&lt;/p&gt;\r\n\r\n&lt;p&gt;2.5&amp;nbsp;&amp;nbsp; 在合約期間，如客戶提前終止合約，在取得我司的同意下，客戶仍須繳付200元人民幣作為行政費用。&lt;/p&gt;\r\n\r\n&lt;p&gt;&amp;nbsp;&lt;/p&gt;\r\n\r\n&lt;p&gt;2.6&amp;nbsp;&amp;nbsp; 在合約期間，如客戶需要搬遷居所，而新的居所面積與合約約定的面積有所分別，現有合約的剩餘價值將轉載於新的合約中。如客戶要求退款的，必須根據2.5的條款方式處理。&lt;/p&gt;\r\n\r\n&lt;p&gt;&amp;nbsp;&lt;/p&gt;\r\n\r\n&lt;p&gt;2.7&amp;nbsp;&amp;nbsp; 焗霧機器可將施藥藥劑直徑控制在30微米左右，藥劑會長時間懸浮于控制區域內。建議保持現場環境的封閉，換氣系統關閉。施藥後1小時後可開窗通風。如因客戶自身原因未達到此要求的，我司不承擔任何責任。&lt;/p&gt;\r\n\r\n&lt;p&gt;&amp;nbsp;&lt;/p&gt;\r\n\r\n&lt;p&gt;2.8&amp;nbsp;&amp;nbsp; 本協定之報價是根據客戶所提供樓面面積資料計算。因此, 當實際治理面積與客戶所述面積有差別時,我司保留調整報價的權利。&lt;/p&gt;\r\n\r\n&lt;p&gt;&amp;nbsp;&lt;/p&gt;\r\n\r\n&lt;p&gt;2.9&amp;nbsp;&amp;nbsp; 若滅蟲服務于獲得客戶確認日期及時間後，因客戶不在/或不能進入樓宇內而導致我司不能進行滅蟲服務，則我司有權收取200元人民幣, 作為誤工之賠償。&lt;/p&gt;\r\n\r\n&lt;p&gt;&amp;nbsp;&lt;/p&gt;\r\n\r\n&lt;p&gt;2.10 我司會以極細心及專業的態度進行滅蟲服務。為了更好的防止任何意外發生; 在治理服務時, 客戶必須確保所有貴重及易碎物品都已妥善保管及擺放好。如確因我司人員過錯造成關於上述物件損毀的索價，其上限為一仟元人民幣或合約約定月服務費的兩倍（以較低金額作準）。&lt;/p&gt;\r\n\r\n&lt;p&gt;&amp;nbsp;&lt;/p&gt;\r\n\r\n&lt;p&gt;2.11 在服務進行期間，我們建議客戶將貴重物品存放在安全的地方。如有需要，請客戶自行觀察我司員工進行工作。&lt;/p&gt;\r\n\r\n&lt;p&gt;&amp;nbsp;&lt;/p&gt;\r\n\r\n&lt;p&gt;2.12 雖然我司使用的殺蟲劑對人類（過敏性體質人群除外）及大部分寵物是非常安全，但對水生動物及部分爬蟲類是有高度的毒性。如有任何魚缸，水族缸或魚池含有該等動物，請在治理前通知我們及/或用濕毛巾及膠布覆蓋所有開口及其過濾系統；否則由此造成的後果我司不予承擔。&lt;/p&gt;\r\n\r\n&lt;p&gt;&amp;nbsp;&lt;/p&gt;\r\n\r\n&lt;p&gt;2.13 一切由蟲害或白蟻或鼠類所引致客戶的任何損害或損失,我司一概無須負責。&lt;/p&gt;\r\n\r\n&lt;p&gt;&amp;nbsp;&lt;/p&gt;\r\n\r\n&lt;p&gt;2.14 本協議履行中發生不可抗力，導致一方無法履行約定義務的，該方應在不可抗力發生後14天內以書面形式通知另一方。如不可抗力結束後，仍存在繼續履行的可能性，應繼續履行本協議。&lt;/p&gt;\r\n\r\n&lt;p&gt;&amp;nbsp;&lt;/p&gt;\r\n\r\n&lt;p&gt;2.15 本報價只適用於蟑螂/跳虱/螞蟻/老鼠/衣魚的一次性服務。&lt;/p&gt;\r\n', '&lt;p&gt;1.&amp;nbsp;&amp;nbsp;&amp;nbsp;&amp;nbsp; 付款條款與合約章則&lt;/p&gt;\r\n\r\n&lt;p&gt;&amp;nbsp;&lt;/p&gt;\r\n\r\n&lt;p&gt;1.1&amp;nbsp; &amp;nbsp; &amp;nbsp;服務協定：於協定簽署後，本協定於所載期間內均具有約束力。&lt;/p&gt;\r\n\r\n&lt;p&gt;&amp;nbsp;&lt;/p&gt;\r\n\r\n&lt;p&gt;1.2&amp;nbsp; &amp;nbsp; &amp;nbsp;付款：&lt;/p&gt;\r\n\r\n&lt;p&gt;&amp;nbsp;&lt;/p&gt;\r\n\r\n&lt;p&gt;1.2.1&amp;nbsp; &amp;nbsp; &amp;nbsp;所有家居服務費用必須要預先支付。我司將于第一次服務時提供正規發票給客戶。付款方式如下：&lt;/p&gt;\r\n\r\n&lt;p&gt;&amp;nbsp;&lt;/p&gt;\r\n\r\n&lt;table border=&quot;0&quot; cellpadding=&quot;0&quot; cellspacing=&quot;0&quot; style=&quot;width:80%&quot;&gt;\r\n	&lt;tbody&gt;\r\n		&lt;tr&gt;\r\n			&lt;td&gt;i. 支付寶&lt;/td&gt;\r\n			&lt;td&gt;ii.&lt;strong&gt; &lt;/strong&gt;微信支付&lt;/td&gt;\r\n		&lt;/tr&gt;\r\n		&lt;tr&gt;\r\n			&lt;td&gt;&lt;img alt=&quot;&quot; src=&quot;Public/Uploads/2018-01-29/1517213498.png&quot; style=&quot;height:100px; width:100px&quot; /&gt;&lt;/td&gt;\r\n			&lt;td&gt;&lt;img alt=&quot;&quot; src=&quot;Public/Uploads/2018-01-29/1517213512.png&quot; style=&quot;height:100px; width:100px&quot; /&gt;&lt;/td&gt;\r\n		&lt;/tr&gt;\r\n	&lt;/tbody&gt;\r\n&lt;/table&gt;\r\n\r\n&lt;p&gt;&amp;nbsp;&lt;/p&gt;\r\n\r\n&lt;p&gt;iii.&amp;nbsp;&amp;nbsp;&amp;nbsp; 銀行轉賬:&lt;/p&gt;\r\n\r\n&lt;p&gt;&amp;nbsp; &amp;nbsp; &amp;nbsp; &amp;nbsp; 账户名：珠海史伟莎环保科技有限公司&lt;/p&gt;\r\n\r\n&lt;p&gt;&amp;nbsp; &amp;nbsp; &amp;nbsp; &amp;nbsp; 开户行：中国农业银行珠海分行营业部&lt;/p&gt;\r\n\r\n&lt;p&gt;&amp;nbsp; &amp;nbsp; &amp;nbsp; &amp;nbsp; 账&amp;nbsp; &amp;nbsp;号：4435 0101 0400 27400&lt;/p&gt;\r\n\r\n&lt;p&gt;&amp;nbsp;&lt;/p&gt;\r\n\r\n&lt;p&gt;2.&amp;nbsp;&amp;nbsp;&amp;nbsp;&amp;nbsp; 其他協議條件&lt;/p&gt;\r\n\r\n&lt;p&gt;&amp;nbsp;&lt;/p&gt;\r\n\r\n&lt;p&gt;2.1&amp;nbsp;&amp;nbsp; 我司滅蟲管理服務部負責於本協議內所述之有關地址的室內/室外/範圍內及合約期間內，為所述之昆蟲種類進行防滅/檢查服務。我司作業人員奉行服務第一，顧客至上的原則，以認真負責的態度，確保每次滅蟲服務達到安全、優質、有效的品質標準。所有施工/治理均根據全國衛生檢查機構滅蟲滅害的標準進行。&lt;/p&gt;\r\n\r\n&lt;p&gt;&amp;nbsp;&lt;/p&gt;\r\n\r\n&lt;p&gt;2.2&amp;nbsp;&amp;nbsp; 如需要另行租用安全設備（如高空工作升降臺或鋁合金工作平臺）進行服務的，其租用該設備及/或額外勞工保險的費用將由客戶支付。否則，我司有權對此不進行滅蟲管理服務。&lt;/p&gt;\r\n\r\n&lt;p&gt;&amp;nbsp;&lt;/p&gt;\r\n\r\n&lt;p&gt;2.3&amp;nbsp;&amp;nbsp; 本協定的服務範圍不包括視覺上不能查驗、隱蔽或無法到達的地方。&lt;/p&gt;\r\n\r\n&lt;p&gt;&amp;nbsp;&lt;/p&gt;\r\n\r\n&lt;p&gt;2.4&amp;nbsp;&amp;nbsp; 本協定提供之利益只應用於協議所載樓宇、地方或物件。若物業有增建物時，須向我司發出書面通知；否則我司有權對新增建物不提供滅蟲管理服務。&lt;/p&gt;\r\n\r\n&lt;p&gt;&amp;nbsp;&lt;/p&gt;\r\n\r\n&lt;p&gt;2.5&amp;nbsp;&amp;nbsp; 在合約期間，如客戶提前終止合約，在取得我司的同意下，客戶仍須繳付200元人民幣作為行政費用。&lt;/p&gt;\r\n\r\n&lt;p&gt;&amp;nbsp;&lt;/p&gt;\r\n\r\n&lt;p&gt;2.6&amp;nbsp;&amp;nbsp; 在合約期間，如客戶需要搬遷居所，而新的居所面積與合約約定的面積有所分別，現有合約的剩餘價值將轉載於新的合約中。如客戶要求退款的，必須根據2.5的條款方式處理。&lt;/p&gt;\r\n\r\n&lt;p&gt;&amp;nbsp;&lt;/p&gt;\r\n\r\n&lt;p&gt;2.7&amp;nbsp;&amp;nbsp; 焗霧機器可將施藥藥劑直徑控制在30微米左右，藥劑會長時間懸浮于控制區域內。建議保持現場環境的封閉，換氣系統關閉。施藥後1小時後可開窗通風。如因客戶自身原因未達到此要求的，我司不承擔任何責任。&lt;/p&gt;\r\n\r\n&lt;p&gt;&amp;nbsp;&lt;/p&gt;\r\n\r\n&lt;p&gt;2.8&amp;nbsp;&amp;nbsp; 本協定之報價是根據客戶所提供樓面面積資料計算。因此, 當實際治理面積與客戶所述面積有差別時,我司保留調整報價的權利。&lt;/p&gt;\r\n\r\n&lt;p&gt;&amp;nbsp;&lt;/p&gt;\r\n\r\n&lt;p&gt;2.9&amp;nbsp;&amp;nbsp; 若滅蟲服務于獲得客戶確認日期及時間後，因客戶不在/或不能進入樓宇內而導致我司不能進行滅蟲服務，則我司有權收取200元人民幣, 作為誤工之賠償。&lt;/p&gt;\r\n\r\n&lt;p&gt;&amp;nbsp;&lt;/p&gt;\r\n\r\n&lt;p&gt;2.10 我司會以極細心及專業的態度進行滅蟲服務。為了更好的防止任何意外發生; 在治理服務時, 客戶必須確保所有貴重及易碎物品都已妥善保管及擺放好。如確因我司人員過錯造成關於上述物件損毀的索價，其上限為一仟元人民幣或合約約定月服務費的兩倍（以較低金額作準）。&lt;/p&gt;\r\n\r\n&lt;p&gt;&amp;nbsp;&lt;/p&gt;\r\n\r\n&lt;p&gt;2.11 在服務進行期間，我們建議客戶將貴重物品存放在安全的地方。如有需要，請客戶自行觀察我司員工進行工作。&lt;/p&gt;\r\n\r\n&lt;p&gt;&amp;nbsp;&lt;/p&gt;\r\n\r\n&lt;p&gt;2.12 雖然我司使用的殺蟲劑對人類（過敏性體質人群除外）及大部分寵物是非常安全，但對水生動物及部分爬蟲類是有高度的毒性。如有任何魚缸，水族缸或魚池含有該等動物，請在治理前通知我們及/或用濕毛巾及膠布覆蓋所有開口及其過濾系統；否則由此造成的後果我司不予承擔。&lt;/p&gt;\r\n\r\n&lt;p&gt;&amp;nbsp;&lt;/p&gt;\r\n\r\n&lt;p&gt;2.13 一切由蟲害或白蟻或鼠類所引致客戶的任何損害或損失,我司一概無須負責。&lt;/p&gt;\r\n\r\n&lt;p&gt;&amp;nbsp;&lt;/p&gt;\r\n\r\n&lt;p&gt;2.14 本協議履行中發生不可抗力，導致一方無法履行約定義務的，該方應在不可抗力發生後14天內以書面形式通知另一方。如不可抗力結束後，仍存在繼續履行的可能性，應繼續履行本協議。&lt;/p&gt;\r\n\r\n&lt;p&gt;&amp;nbsp;&lt;/p&gt;\r\n\r\n&lt;p&gt;2.15 本報價只適用於蟑螂/跳虱/螞蟻/老鼠/衣魚的一次性服務。&lt;/p&gt;\r\n');
INSERT INTO `quote_city` (`id`, `region_id`, `city_name`, `city_name_tw`, `city_name_us`, `z_index`, `other_open`, `other_price`, `currency_type`, `b_unit`, `company`, `company_tw`, `company_us`, `seal`, `terms`, `terms_tw`, `terms_us`) VALUES
(30, 3, '佛山', '佛山', 'Foshan', 5, 1, '150', 'RMB', 'mi', '佛山史伟莎清洁灭虫服务有限公司', '佛山史伟莎清洁灭虫服务有限公司', '佛山史伟莎清洁灭虫服务有限公司', 'Public/Uploads/2018-03-02/1519964821.png', '&lt;p&gt;1.&amp;nbsp;&amp;nbsp;&amp;nbsp;&amp;nbsp; 付款條款與合約章則&lt;/p&gt;\r\n\r\n&lt;p&gt;&amp;nbsp;&lt;/p&gt;\r\n\r\n&lt;p&gt;1.1&amp;nbsp; &amp;nbsp; &amp;nbsp;服務協定：於協定簽署後，本協定於所載期間內均具有約束力。&lt;/p&gt;\r\n\r\n&lt;p&gt;&amp;nbsp;&lt;/p&gt;\r\n\r\n&lt;p&gt;1.2&amp;nbsp; &amp;nbsp; &amp;nbsp;付款：&lt;/p&gt;\r\n\r\n&lt;p&gt;&amp;nbsp;&lt;/p&gt;\r\n\r\n&lt;p&gt;1.2.1&amp;nbsp; &amp;nbsp; &amp;nbsp;所有家居服務費用必須要預先支付。我司將于第一次服務時提供正規發票給客戶。付款方式如下：&lt;/p&gt;\r\n\r\n&lt;p&gt;&amp;nbsp;&lt;/p&gt;\r\n\r\n&lt;table border=&quot;0&quot; cellpadding=&quot;0&quot; cellspacing=&quot;0&quot; style=&quot;width:80%&quot;&gt;\r\n	&lt;tbody&gt;\r\n		&lt;tr&gt;\r\n			&lt;td&gt;i. 支付寶&lt;/td&gt;\r\n		&lt;/tr&gt;\r\n		&lt;tr&gt;\r\n			&lt;td&gt;&lt;img alt=&quot;&quot; src=&quot;Public/Uploads/2018-03-02/1519964797.jpg&quot; style=&quot;height:100px; width:100px&quot; /&gt;&lt;/td&gt;\r\n		&lt;/tr&gt;\r\n	&lt;/tbody&gt;\r\n&lt;/table&gt;\r\n\r\n&lt;p&gt;&amp;nbsp;&lt;/p&gt;\r\n\r\n&lt;p&gt;iii.&amp;nbsp;&amp;nbsp;&amp;nbsp; 銀行轉賬:&lt;/p&gt;\r\n\r\n&lt;p&gt;&amp;nbsp; &amp;nbsp; &amp;nbsp; &amp;nbsp; 账户名：佛山史伟莎清洁灭虫服务有限公司&lt;/p&gt;\r\n\r\n&lt;p&gt;&amp;nbsp; &amp;nbsp; &amp;nbsp; &amp;nbsp; 开户行：中国农业银行股份有限公司南海翠园支行&lt;/p&gt;\r\n\r\n&lt;p&gt;&amp;nbsp; &amp;nbsp; &amp;nbsp; &amp;nbsp; 账&amp;nbsp; &amp;nbsp;号：4450 7601 0400 03900&lt;/p&gt;\r\n\r\n&lt;p&gt;&amp;nbsp;&lt;/p&gt;\r\n\r\n&lt;p&gt;2.&amp;nbsp;&amp;nbsp;&amp;nbsp;&amp;nbsp; 其他協議條件&lt;/p&gt;\r\n\r\n&lt;p&gt;&amp;nbsp;&lt;/p&gt;\r\n\r\n&lt;p&gt;2.1&amp;nbsp;&amp;nbsp; 我司滅蟲管理服務部負責於本協議內所述之有關地址的室內/室外/範圍內及合約期間內，為所述之昆蟲種類進行防滅/檢查服務。我司作業人員奉行服務第一，顧客至上的原則，以認真負責的態度，確保每次滅蟲服務達到安全、優質、有效的品質標準。所有施工/治理均根據全國衛生檢查機構滅蟲滅害的標準進行。&lt;/p&gt;\r\n\r\n&lt;p&gt;&amp;nbsp;&lt;/p&gt;\r\n\r\n&lt;p&gt;2.2&amp;nbsp;&amp;nbsp; 如需要另行租用安全設備（如高空工作升降臺或鋁合金工作平臺）進行服務的，其租用該設備及/或額外勞工保險的費用將由客戶支付。否則，我司有權對此不進行滅蟲管理服務。&lt;/p&gt;\r\n\r\n&lt;p&gt;&amp;nbsp;&lt;/p&gt;\r\n\r\n&lt;p&gt;2.3&amp;nbsp;&amp;nbsp; 本協定的服務範圍不包括視覺上不能查驗、隱蔽或無法到達的地方。&lt;/p&gt;\r\n\r\n&lt;p&gt;&amp;nbsp;&lt;/p&gt;\r\n\r\n&lt;p&gt;2.4&amp;nbsp;&amp;nbsp; 本協定提供之利益只應用於協議所載樓宇、地方或物件。若物業有增建物時，須向我司發出書面通知；否則我司有權對新增建物不提供滅蟲管理服務。&lt;/p&gt;\r\n\r\n&lt;p&gt;&amp;nbsp;&lt;/p&gt;\r\n\r\n&lt;p&gt;2.5&amp;nbsp;&amp;nbsp; 在合約期間，如客戶提前終止合約，在取得我司的同意下，客戶仍須繳付200元人民幣作為行政費用。&lt;/p&gt;\r\n\r\n&lt;p&gt;&amp;nbsp;&lt;/p&gt;\r\n\r\n&lt;p&gt;2.6&amp;nbsp;&amp;nbsp; 在合約期間，如客戶需要搬遷居所，而新的居所面積與合約約定的面積有所分別，現有合約的剩餘價值將轉載於新的合約中。如客戶要求退款的，必須根據2.5的條款方式處理。&lt;/p&gt;\r\n\r\n&lt;p&gt;&amp;nbsp;&lt;/p&gt;\r\n\r\n&lt;p&gt;2.7&amp;nbsp;&amp;nbsp; 焗霧機器可將施藥藥劑直徑控制在30微米左右，藥劑會長時間懸浮于控制區域內。建議保持現場環境的封閉，換氣系統關閉。施藥後1小時後可開窗通風。如因客戶自身原因未達到此要求的，我司不承擔任何責任。&lt;/p&gt;\r\n\r\n&lt;p&gt;&amp;nbsp;&lt;/p&gt;\r\n\r\n&lt;p&gt;2.8&amp;nbsp;&amp;nbsp; 本協定之報價是根據客戶所提供樓面面積資料計算。因此, 當實際治理面積與客戶所述面積有差別時,我司保留調整報價的權利。&lt;/p&gt;\r\n\r\n&lt;p&gt;&amp;nbsp;&lt;/p&gt;\r\n\r\n&lt;p&gt;2.9&amp;nbsp;&amp;nbsp; 若滅蟲服務于獲得客戶確認日期及時間後，因客戶不在/或不能進入樓宇內而導致我司不能進行滅蟲服務，則我司有權收取200元人民幣, 作為誤工之賠償。&lt;/p&gt;\r\n\r\n&lt;p&gt;&amp;nbsp;&lt;/p&gt;\r\n\r\n&lt;p&gt;2.10 我司會以極細心及專業的態度進行滅蟲服務。為了更好的防止任何意外發生; 在治理服務時, 客戶必須確保所有貴重及易碎物品都已妥善保管及擺放好。如確因我司人員過錯造成關於上述物件損毀的索價，其上限為一仟元人民幣或合約約定月服務費的兩倍（以較低金額作準）。&lt;/p&gt;\r\n\r\n&lt;p&gt;&amp;nbsp;&lt;/p&gt;\r\n\r\n&lt;p&gt;2.11 在服務進行期間，我們建議客戶將貴重物品存放在安全的地方。如有需要，請客戶自行觀察我司員工進行工作。&lt;/p&gt;\r\n\r\n&lt;p&gt;&amp;nbsp;&lt;/p&gt;\r\n\r\n&lt;p&gt;2.12 雖然我司使用的殺蟲劑對人類（過敏性體質人群除外）及大部分寵物是非常安全，但對水生動物及部分爬蟲類是有高度的毒性。如有任何魚缸，水族缸或魚池含有該等動物，請在治理前通知我們及/或用濕毛巾及膠布覆蓋所有開口及其過濾系統；否則由此造成的後果我司不予承擔。&lt;/p&gt;\r\n\r\n&lt;p&gt;&amp;nbsp;&lt;/p&gt;\r\n\r\n&lt;p&gt;2.13 一切由蟲害或白蟻或鼠類所引致客戶的任何損害或損失,我司一概無須負責。&lt;/p&gt;\r\n\r\n&lt;p&gt;&amp;nbsp;&lt;/p&gt;\r\n\r\n&lt;p&gt;2.14 本協議履行中發生不可抗力，導致一方無法履行約定義務的，該方應在不可抗力發生後14天內以書面形式通知另一方。如不可抗力結束後，仍存在繼續履行的可能性，應繼續履行本協議。&lt;/p&gt;\r\n\r\n&lt;p&gt;&amp;nbsp;&lt;/p&gt;\r\n\r\n&lt;p&gt;2.15 本報價只適用於蟑螂/跳虱/螞蟻/老鼠/衣魚的一次性服務。&lt;/p&gt;\r\n', '&lt;p&gt;1.&amp;nbsp;&amp;nbsp;&amp;nbsp;&amp;nbsp; 付款條款與合約章則&lt;/p&gt;\r\n\r\n&lt;p&gt;&amp;nbsp;&lt;/p&gt;\r\n\r\n&lt;p&gt;1.1&amp;nbsp; &amp;nbsp; &amp;nbsp;服務協定：於協定簽署後，本協定於所載期間內均具有約束力。&lt;/p&gt;\r\n\r\n&lt;p&gt;&amp;nbsp;&lt;/p&gt;\r\n\r\n&lt;p&gt;1.2&amp;nbsp; &amp;nbsp; &amp;nbsp;付款：&lt;/p&gt;\r\n\r\n&lt;p&gt;&amp;nbsp;&lt;/p&gt;\r\n\r\n&lt;p&gt;1.2.1&amp;nbsp; &amp;nbsp; &amp;nbsp;所有家居服務費用必須要預先支付。我司將于第一次服務時提供正規發票給客戶。付款方式如下：&lt;/p&gt;\r\n\r\n&lt;p&gt;&amp;nbsp;&lt;/p&gt;\r\n\r\n&lt;table border=&quot;0&quot; cellpadding=&quot;0&quot; cellspacing=&quot;0&quot; style=&quot;width:80%&quot;&gt;\r\n	&lt;tbody&gt;\r\n		&lt;tr&gt;\r\n			&lt;td&gt;i. 支付寶&lt;/td&gt;\r\n		&lt;/tr&gt;\r\n		&lt;tr&gt;\r\n			&lt;td&gt;&lt;img alt=&quot;&quot; src=&quot;Public/Uploads/2018-03-02/1519964797.jpg&quot; style=&quot;height:100px; width:100px&quot; /&gt;&lt;/td&gt;\r\n		&lt;/tr&gt;\r\n	&lt;/tbody&gt;\r\n&lt;/table&gt;\r\n\r\n&lt;p&gt;&amp;nbsp;&lt;/p&gt;\r\n\r\n&lt;p&gt;iii.&amp;nbsp;&amp;nbsp;&amp;nbsp; 銀行轉賬:&lt;/p&gt;\r\n\r\n&lt;p&gt;&amp;nbsp; &amp;nbsp; &amp;nbsp; &amp;nbsp; 账户名：佛山史伟莎清洁灭虫服务有限公司&lt;/p&gt;\r\n\r\n&lt;p&gt;&amp;nbsp; &amp;nbsp; &amp;nbsp; &amp;nbsp; 开户行：中国农业银行股份有限公司南海翠园支行&lt;/p&gt;\r\n\r\n&lt;p&gt;&amp;nbsp; &amp;nbsp; &amp;nbsp; &amp;nbsp; 账&amp;nbsp; &amp;nbsp;号：4450 7601 0400 03900&lt;/p&gt;\r\n\r\n&lt;p&gt;&amp;nbsp;&lt;/p&gt;\r\n\r\n&lt;p&gt;2.&amp;nbsp;&amp;nbsp;&amp;nbsp;&amp;nbsp; 其他協議條件&lt;/p&gt;\r\n\r\n&lt;p&gt;&amp;nbsp;&lt;/p&gt;\r\n\r\n&lt;p&gt;2.1&amp;nbsp;&amp;nbsp; 我司滅蟲管理服務部負責於本協議內所述之有關地址的室內/室外/範圍內及合約期間內，為所述之昆蟲種類進行防滅/檢查服務。我司作業人員奉行服務第一，顧客至上的原則，以認真負責的態度，確保每次滅蟲服務達到安全、優質、有效的品質標準。所有施工/治理均根據全國衛生檢查機構滅蟲滅害的標準進行。&lt;/p&gt;\r\n\r\n&lt;p&gt;&amp;nbsp;&lt;/p&gt;\r\n\r\n&lt;p&gt;2.2&amp;nbsp;&amp;nbsp; 如需要另行租用安全設備（如高空工作升降臺或鋁合金工作平臺）進行服務的，其租用該設備及/或額外勞工保險的費用將由客戶支付。否則，我司有權對此不進行滅蟲管理服務。&lt;/p&gt;\r\n\r\n&lt;p&gt;&amp;nbsp;&lt;/p&gt;\r\n\r\n&lt;p&gt;2.3&amp;nbsp;&amp;nbsp; 本協定的服務範圍不包括視覺上不能查驗、隱蔽或無法到達的地方。&lt;/p&gt;\r\n\r\n&lt;p&gt;&amp;nbsp;&lt;/p&gt;\r\n\r\n&lt;p&gt;2.4&amp;nbsp;&amp;nbsp; 本協定提供之利益只應用於協議所載樓宇、地方或物件。若物業有增建物時，須向我司發出書面通知；否則我司有權對新增建物不提供滅蟲管理服務。&lt;/p&gt;\r\n\r\n&lt;p&gt;&amp;nbsp;&lt;/p&gt;\r\n\r\n&lt;p&gt;2.5&amp;nbsp;&amp;nbsp; 在合約期間，如客戶提前終止合約，在取得我司的同意下，客戶仍須繳付200元人民幣作為行政費用。&lt;/p&gt;\r\n\r\n&lt;p&gt;&amp;nbsp;&lt;/p&gt;\r\n\r\n&lt;p&gt;2.6&amp;nbsp;&amp;nbsp; 在合約期間，如客戶需要搬遷居所，而新的居所面積與合約約定的面積有所分別，現有合約的剩餘價值將轉載於新的合約中。如客戶要求退款的，必須根據2.5的條款方式處理。&lt;/p&gt;\r\n\r\n&lt;p&gt;&amp;nbsp;&lt;/p&gt;\r\n\r\n&lt;p&gt;2.7&amp;nbsp;&amp;nbsp; 焗霧機器可將施藥藥劑直徑控制在30微米左右，藥劑會長時間懸浮于控制區域內。建議保持現場環境的封閉，換氣系統關閉。施藥後1小時後可開窗通風。如因客戶自身原因未達到此要求的，我司不承擔任何責任。&lt;/p&gt;\r\n\r\n&lt;p&gt;&amp;nbsp;&lt;/p&gt;\r\n\r\n&lt;p&gt;2.8&amp;nbsp;&amp;nbsp; 本協定之報價是根據客戶所提供樓面面積資料計算。因此, 當實際治理面積與客戶所述面積有差別時,我司保留調整報價的權利。&lt;/p&gt;\r\n\r\n&lt;p&gt;&amp;nbsp;&lt;/p&gt;\r\n\r\n&lt;p&gt;2.9&amp;nbsp;&amp;nbsp; 若滅蟲服務于獲得客戶確認日期及時間後，因客戶不在/或不能進入樓宇內而導致我司不能進行滅蟲服務，則我司有權收取200元人民幣, 作為誤工之賠償。&lt;/p&gt;\r\n\r\n&lt;p&gt;&amp;nbsp;&lt;/p&gt;\r\n\r\n&lt;p&gt;2.10 我司會以極細心及專業的態度進行滅蟲服務。為了更好的防止任何意外發生; 在治理服務時, 客戶必須確保所有貴重及易碎物品都已妥善保管及擺放好。如確因我司人員過錯造成關於上述物件損毀的索價，其上限為一仟元人民幣或合約約定月服務費的兩倍（以較低金額作準）。&lt;/p&gt;\r\n\r\n&lt;p&gt;&amp;nbsp;&lt;/p&gt;\r\n\r\n&lt;p&gt;2.11 在服務進行期間，我們建議客戶將貴重物品存放在安全的地方。如有需要，請客戶自行觀察我司員工進行工作。&lt;/p&gt;\r\n\r\n&lt;p&gt;&amp;nbsp;&lt;/p&gt;\r\n\r\n&lt;p&gt;2.12 雖然我司使用的殺蟲劑對人類（過敏性體質人群除外）及大部分寵物是非常安全，但對水生動物及部分爬蟲類是有高度的毒性。如有任何魚缸，水族缸或魚池含有該等動物，請在治理前通知我們及/或用濕毛巾及膠布覆蓋所有開口及其過濾系統；否則由此造成的後果我司不予承擔。&lt;/p&gt;\r\n\r\n&lt;p&gt;&amp;nbsp;&lt;/p&gt;\r\n\r\n&lt;p&gt;2.13 一切由蟲害或白蟻或鼠類所引致客戶的任何損害或損失,我司一概無須負責。&lt;/p&gt;\r\n\r\n&lt;p&gt;&amp;nbsp;&lt;/p&gt;\r\n\r\n&lt;p&gt;2.14 本協議履行中發生不可抗力，導致一方無法履行約定義務的，該方應在不可抗力發生後14天內以書面形式通知另一方。如不可抗力結束後，仍存在繼續履行的可能性，應繼續履行本協議。&lt;/p&gt;\r\n\r\n&lt;p&gt;&amp;nbsp;&lt;/p&gt;\r\n\r\n&lt;p&gt;2.15 本報價只適用於蟑螂/跳虱/螞蟻/老鼠/衣魚的一次性服務。&lt;/p&gt;\r\n', '&lt;p&gt;1.&amp;nbsp;&amp;nbsp;&amp;nbsp;&amp;nbsp; 付款條款與合約章則&lt;/p&gt;\r\n\r\n&lt;p&gt;&amp;nbsp;&lt;/p&gt;\r\n\r\n&lt;p&gt;1.1&amp;nbsp; &amp;nbsp; &amp;nbsp;服務協定：於協定簽署後，本協定於所載期間內均具有約束力。&lt;/p&gt;\r\n\r\n&lt;p&gt;&amp;nbsp;&lt;/p&gt;\r\n\r\n&lt;p&gt;1.2&amp;nbsp; &amp;nbsp; &amp;nbsp;付款：&lt;/p&gt;\r\n\r\n&lt;p&gt;&amp;nbsp;&lt;/p&gt;\r\n\r\n&lt;p&gt;1.2.1&amp;nbsp; &amp;nbsp; &amp;nbsp;所有家居服務費用必須要預先支付。我司將于第一次服務時提供正規發票給客戶。付款方式如下：&lt;/p&gt;\r\n\r\n&lt;p&gt;&amp;nbsp;&lt;/p&gt;\r\n\r\n&lt;table border=&quot;0&quot; cellpadding=&quot;0&quot; cellspacing=&quot;0&quot; style=&quot;width:80%&quot;&gt;\r\n	&lt;tbody&gt;\r\n		&lt;tr&gt;\r\n			&lt;td&gt;i. 支付寶&lt;/td&gt;\r\n		&lt;/tr&gt;\r\n		&lt;tr&gt;\r\n			&lt;td&gt;&lt;img alt=&quot;&quot; src=&quot;Public/Uploads/2018-03-02/1519964797.jpg&quot; style=&quot;height:100px; width:100px&quot; /&gt;&lt;/td&gt;\r\n		&lt;/tr&gt;\r\n	&lt;/tbody&gt;\r\n&lt;/table&gt;\r\n\r\n&lt;p&gt;&amp;nbsp;&lt;/p&gt;\r\n\r\n&lt;p&gt;iii.&amp;nbsp;&amp;nbsp;&amp;nbsp; 銀行轉賬:&lt;/p&gt;\r\n\r\n&lt;p&gt;&amp;nbsp; &amp;nbsp; &amp;nbsp; &amp;nbsp; 账户名：佛山史伟莎清洁灭虫服务有限公司&lt;/p&gt;\r\n\r\n&lt;p&gt;&amp;nbsp; &amp;nbsp; &amp;nbsp; &amp;nbsp; 开户行：中国农业银行股份有限公司南海翠园支行&lt;/p&gt;\r\n\r\n&lt;p&gt;&amp;nbsp; &amp;nbsp; &amp;nbsp; &amp;nbsp; 账&amp;nbsp; &amp;nbsp;号：4450 7601 0400 03900&lt;/p&gt;\r\n\r\n&lt;p&gt;&amp;nbsp;&lt;/p&gt;\r\n\r\n&lt;p&gt;2.&amp;nbsp;&amp;nbsp;&amp;nbsp;&amp;nbsp; 其他協議條件&lt;/p&gt;\r\n\r\n&lt;p&gt;&amp;nbsp;&lt;/p&gt;\r\n\r\n&lt;p&gt;2.1&amp;nbsp;&amp;nbsp; 我司滅蟲管理服務部負責於本協議內所述之有關地址的室內/室外/範圍內及合約期間內，為所述之昆蟲種類進行防滅/檢查服務。我司作業人員奉行服務第一，顧客至上的原則，以認真負責的態度，確保每次滅蟲服務達到安全、優質、有效的品質標準。所有施工/治理均根據全國衛生檢查機構滅蟲滅害的標準進行。&lt;/p&gt;\r\n\r\n&lt;p&gt;&amp;nbsp;&lt;/p&gt;\r\n\r\n&lt;p&gt;2.2&amp;nbsp;&amp;nbsp; 如需要另行租用安全設備（如高空工作升降臺或鋁合金工作平臺）進行服務的，其租用該設備及/或額外勞工保險的費用將由客戶支付。否則，我司有權對此不進行滅蟲管理服務。&lt;/p&gt;\r\n\r\n&lt;p&gt;&amp;nbsp;&lt;/p&gt;\r\n\r\n&lt;p&gt;2.3&amp;nbsp;&amp;nbsp; 本協定的服務範圍不包括視覺上不能查驗、隱蔽或無法到達的地方。&lt;/p&gt;\r\n\r\n&lt;p&gt;&amp;nbsp;&lt;/p&gt;\r\n\r\n&lt;p&gt;2.4&amp;nbsp;&amp;nbsp; 本協定提供之利益只應用於協議所載樓宇、地方或物件。若物業有增建物時，須向我司發出書面通知；否則我司有權對新增建物不提供滅蟲管理服務。&lt;/p&gt;\r\n\r\n&lt;p&gt;&amp;nbsp;&lt;/p&gt;\r\n\r\n&lt;p&gt;2.5&amp;nbsp;&amp;nbsp; 在合約期間，如客戶提前終止合約，在取得我司的同意下，客戶仍須繳付200元人民幣作為行政費用。&lt;/p&gt;\r\n\r\n&lt;p&gt;&amp;nbsp;&lt;/p&gt;\r\n\r\n&lt;p&gt;2.6&amp;nbsp;&amp;nbsp; 在合約期間，如客戶需要搬遷居所，而新的居所面積與合約約定的面積有所分別，現有合約的剩餘價值將轉載於新的合約中。如客戶要求退款的，必須根據2.5的條款方式處理。&lt;/p&gt;\r\n\r\n&lt;p&gt;&amp;nbsp;&lt;/p&gt;\r\n\r\n&lt;p&gt;2.7&amp;nbsp;&amp;nbsp; 焗霧機器可將施藥藥劑直徑控制在30微米左右，藥劑會長時間懸浮于控制區域內。建議保持現場環境的封閉，換氣系統關閉。施藥後1小時後可開窗通風。如因客戶自身原因未達到此要求的，我司不承擔任何責任。&lt;/p&gt;\r\n\r\n&lt;p&gt;&amp;nbsp;&lt;/p&gt;\r\n\r\n&lt;p&gt;2.8&amp;nbsp;&amp;nbsp; 本協定之報價是根據客戶所提供樓面面積資料計算。因此, 當實際治理面積與客戶所述面積有差別時,我司保留調整報價的權利。&lt;/p&gt;\r\n\r\n&lt;p&gt;&amp;nbsp;&lt;/p&gt;\r\n\r\n&lt;p&gt;2.9&amp;nbsp;&amp;nbsp; 若滅蟲服務于獲得客戶確認日期及時間後，因客戶不在/或不能進入樓宇內而導致我司不能進行滅蟲服務，則我司有權收取200元人民幣, 作為誤工之賠償。&lt;/p&gt;\r\n\r\n&lt;p&gt;&amp;nbsp;&lt;/p&gt;\r\n\r\n&lt;p&gt;2.10 我司會以極細心及專業的態度進行滅蟲服務。為了更好的防止任何意外發生; 在治理服務時, 客戶必須確保所有貴重及易碎物品都已妥善保管及擺放好。如確因我司人員過錯造成關於上述物件損毀的索價，其上限為一仟元人民幣或合約約定月服務費的兩倍（以較低金額作準）。&lt;/p&gt;\r\n\r\n&lt;p&gt;&amp;nbsp;&lt;/p&gt;\r\n\r\n&lt;p&gt;2.11 在服務進行期間，我們建議客戶將貴重物品存放在安全的地方。如有需要，請客戶自行觀察我司員工進行工作。&lt;/p&gt;\r\n\r\n&lt;p&gt;&amp;nbsp;&lt;/p&gt;\r\n\r\n&lt;p&gt;2.12 雖然我司使用的殺蟲劑對人類（過敏性體質人群除外）及大部分寵物是非常安全，但對水生動物及部分爬蟲類是有高度的毒性。如有任何魚缸，水族缸或魚池含有該等動物，請在治理前通知我們及/或用濕毛巾及膠布覆蓋所有開口及其過濾系統；否則由此造成的後果我司不予承擔。&lt;/p&gt;\r\n\r\n&lt;p&gt;&amp;nbsp;&lt;/p&gt;\r\n\r\n&lt;p&gt;2.13 一切由蟲害或白蟻或鼠類所引致客戶的任何損害或損失,我司一概無須負責。&lt;/p&gt;\r\n\r\n&lt;p&gt;&amp;nbsp;&lt;/p&gt;\r\n\r\n&lt;p&gt;2.14 本協議履行中發生不可抗力，導致一方無法履行約定義務的，該方應在不可抗力發生後14天內以書面形式通知另一方。如不可抗力結束後，仍存在繼續履行的可能性，應繼續履行本協議。&lt;/p&gt;\r\n\r\n&lt;p&gt;&amp;nbsp;&lt;/p&gt;\r\n\r\n&lt;p&gt;2.15 本報價只適用於蟑螂/跳虱/螞蟻/老鼠/衣魚的一次性服務。&lt;/p&gt;\r\n'),
(31, 3, '中山', '中山', 'Zhongshan', 6, 1, '150', 'RMB', 'mi', '中山史伟莎环保科技有限公司', '中山史伟莎环保科技有限公司', '中山史伟莎环保科技有限公司', 'Public/Uploads/2018-03-02/1519964668.png', '&lt;p&gt;1.&amp;nbsp;&amp;nbsp;&amp;nbsp;&amp;nbsp; 付款條款與合約章則&lt;/p&gt;\r\n\r\n&lt;p&gt;&amp;nbsp;&lt;/p&gt;\r\n\r\n&lt;p&gt;1.1&amp;nbsp; &amp;nbsp; &amp;nbsp;服務協定：於協定簽署後，本協定於所載期間內均具有約束力。&lt;/p&gt;\r\n\r\n&lt;p&gt;&amp;nbsp;&lt;/p&gt;\r\n\r\n&lt;p&gt;1.2&amp;nbsp; &amp;nbsp; &amp;nbsp;付款：&lt;/p&gt;\r\n\r\n&lt;p&gt;&amp;nbsp;&lt;/p&gt;\r\n\r\n&lt;p&gt;1.2.1&amp;nbsp; &amp;nbsp; &amp;nbsp;所有家居服務費用必須要預先支付。我司將于第一次服務時提供正規發票給客戶。付款方式如下：&lt;/p&gt;\r\n\r\n&lt;p&gt;&amp;nbsp;&lt;/p&gt;\r\n\r\n&lt;table border=&quot;0&quot; cellpadding=&quot;0&quot; cellspacing=&quot;0&quot; style=&quot;width:80%&quot;&gt;\r\n	&lt;tbody&gt;\r\n		&lt;tr&gt;\r\n			&lt;td&gt;i. 支付寶&lt;/td&gt;\r\n			&lt;td&gt;ii.&lt;strong&gt; &lt;/strong&gt;微信支付&lt;/td&gt;\r\n		&lt;/tr&gt;\r\n		&lt;tr&gt;\r\n			&lt;td&gt;&lt;img alt=&quot;&quot; src=&quot;Public/Uploads/2018-03-02/1519964639.jpg&quot; style=&quot;height:100px; width:100px&quot; /&gt;&lt;/td&gt;\r\n			&lt;td&gt;&lt;img alt=&quot;&quot; src=&quot;Public/Uploads/2018-03-02/1519964648.jpg&quot; style=&quot;height:100px; width:100px&quot; /&gt;&lt;/td&gt;\r\n		&lt;/tr&gt;\r\n	&lt;/tbody&gt;\r\n&lt;/table&gt;\r\n\r\n&lt;p&gt;&amp;nbsp;&lt;/p&gt;\r\n\r\n&lt;p&gt;iii.&amp;nbsp;&amp;nbsp;&amp;nbsp; 銀行轉賬:&lt;/p&gt;\r\n\r\n&lt;p&gt;&amp;nbsp; &amp;nbsp; &amp;nbsp; &amp;nbsp; 账户名：中山史伟莎环保科技有限公司&lt;/p&gt;\r\n\r\n&lt;p&gt;&amp;nbsp; &amp;nbsp; &amp;nbsp; &amp;nbsp; 开户行：农业银行中山颐和支行&lt;/p&gt;\r\n\r\n&lt;p&gt;&amp;nbsp; &amp;nbsp; &amp;nbsp; &amp;nbsp; 账&amp;nbsp; &amp;nbsp;号：4431 1401 0400 0506 2&lt;/p&gt;\r\n\r\n&lt;p&gt;&amp;nbsp;&lt;/p&gt;\r\n\r\n&lt;p&gt;2.&amp;nbsp;&amp;nbsp;&amp;nbsp;&amp;nbsp; 其他協議條件&lt;/p&gt;\r\n\r\n&lt;p&gt;&amp;nbsp;&lt;/p&gt;\r\n\r\n&lt;p&gt;2.1&amp;nbsp;&amp;nbsp; 我司滅蟲管理服務部負責於本協議內所述之有關地址的室內/室外/範圍內及合約期間內，為所述之昆蟲種類進行防滅/檢查服務。我司作業人員奉行服務第一，顧客至上的原則，以認真負責的態度，確保每次滅蟲服務達到安全、優質、有效的品質標準。所有施工/治理均根據全國衛生檢查機構滅蟲滅害的標準進行。&lt;/p&gt;\r\n\r\n&lt;p&gt;&amp;nbsp;&lt;/p&gt;\r\n\r\n&lt;p&gt;2.2&amp;nbsp;&amp;nbsp; 如需要另行租用安全設備（如高空工作升降臺或鋁合金工作平臺）進行服務的，其租用該設備及/或額外勞工保險的費用將由客戶支付。否則，我司有權對此不進行滅蟲管理服務。&lt;/p&gt;\r\n\r\n&lt;p&gt;&amp;nbsp;&lt;/p&gt;\r\n\r\n&lt;p&gt;2.3&amp;nbsp;&amp;nbsp; 本協定的服務範圍不包括視覺上不能查驗、隱蔽或無法到達的地方。&lt;/p&gt;\r\n\r\n&lt;p&gt;&amp;nbsp;&lt;/p&gt;\r\n\r\n&lt;p&gt;2.4&amp;nbsp;&amp;nbsp; 本協定提供之利益只應用於協議所載樓宇、地方或物件。若物業有增建物時，須向我司發出書面通知；否則我司有權對新增建物不提供滅蟲管理服務。&lt;/p&gt;\r\n\r\n&lt;p&gt;&amp;nbsp;&lt;/p&gt;\r\n\r\n&lt;p&gt;2.5&amp;nbsp;&amp;nbsp; 在合約期間，如客戶提前終止合約，在取得我司的同意下，客戶仍須繳付200元人民幣作為行政費用。&lt;/p&gt;\r\n\r\n&lt;p&gt;&amp;nbsp;&lt;/p&gt;\r\n\r\n&lt;p&gt;2.6&amp;nbsp;&amp;nbsp; 在合約期間，如客戶需要搬遷居所，而新的居所面積與合約約定的面積有所分別，現有合約的剩餘價值將轉載於新的合約中。如客戶要求退款的，必須根據2.5的條款方式處理。&lt;/p&gt;\r\n\r\n&lt;p&gt;&amp;nbsp;&lt;/p&gt;\r\n\r\n&lt;p&gt;2.7&amp;nbsp;&amp;nbsp; 焗霧機器可將施藥藥劑直徑控制在30微米左右，藥劑會長時間懸浮于控制區域內。建議保持現場環境的封閉，換氣系統關閉。施藥後1小時後可開窗通風。如因客戶自身原因未達到此要求的，我司不承擔任何責任。&lt;/p&gt;\r\n\r\n&lt;p&gt;&amp;nbsp;&lt;/p&gt;\r\n\r\n&lt;p&gt;2.8&amp;nbsp;&amp;nbsp; 本協定之報價是根據客戶所提供樓面面積資料計算。因此, 當實際治理面積與客戶所述面積有差別時,我司保留調整報價的權利。&lt;/p&gt;\r\n\r\n&lt;p&gt;&amp;nbsp;&lt;/p&gt;\r\n\r\n&lt;p&gt;2.9&amp;nbsp;&amp;nbsp; 若滅蟲服務于獲得客戶確認日期及時間後，因客戶不在/或不能進入樓宇內而導致我司不能進行滅蟲服務，則我司有權收取200元人民幣, 作為誤工之賠償。&lt;/p&gt;\r\n\r\n&lt;p&gt;&amp;nbsp;&lt;/p&gt;\r\n\r\n&lt;p&gt;2.10 我司會以極細心及專業的態度進行滅蟲服務。為了更好的防止任何意外發生; 在治理服務時, 客戶必須確保所有貴重及易碎物品都已妥善保管及擺放好。如確因我司人員過錯造成關於上述物件損毀的索價，其上限為一仟元人民幣或合約約定月服務費的兩倍（以較低金額作準）。&lt;/p&gt;\r\n\r\n&lt;p&gt;&amp;nbsp;&lt;/p&gt;\r\n\r\n&lt;p&gt;2.11 在服務進行期間，我們建議客戶將貴重物品存放在安全的地方。如有需要，請客戶自行觀察我司員工進行工作。&lt;/p&gt;\r\n\r\n&lt;p&gt;&amp;nbsp;&lt;/p&gt;\r\n\r\n&lt;p&gt;2.12 雖然我司使用的殺蟲劑對人類（過敏性體質人群除外）及大部分寵物是非常安全，但對水生動物及部分爬蟲類是有高度的毒性。如有任何魚缸，水族缸或魚池含有該等動物，請在治理前通知我們及/或用濕毛巾及膠布覆蓋所有開口及其過濾系統；否則由此造成的後果我司不予承擔。&lt;/p&gt;\r\n\r\n&lt;p&gt;&amp;nbsp;&lt;/p&gt;\r\n\r\n&lt;p&gt;2.13 一切由蟲害或白蟻或鼠類所引致客戶的任何損害或損失,我司一概無須負責。&lt;/p&gt;\r\n\r\n&lt;p&gt;&amp;nbsp;&lt;/p&gt;\r\n\r\n&lt;p&gt;2.14 本協議履行中發生不可抗力，導致一方無法履行約定義務的，該方應在不可抗力發生後14天內以書面形式通知另一方。如不可抗力結束後，仍存在繼續履行的可能性，應繼續履行本協議。&lt;/p&gt;\r\n\r\n&lt;p&gt;&amp;nbsp;&lt;/p&gt;\r\n\r\n&lt;p&gt;2.15 本報價只適用於蟑螂/跳虱/螞蟻/老鼠/衣魚的一次性服務。&lt;/p&gt;\r\n', '&lt;p&gt;1.&amp;nbsp;&amp;nbsp;&amp;nbsp;&amp;nbsp; 付款條款與合約章則&lt;/p&gt;\r\n\r\n&lt;p&gt;&amp;nbsp;&lt;/p&gt;\r\n\r\n&lt;p&gt;1.1&amp;nbsp; &amp;nbsp; &amp;nbsp;服務協定：於協定簽署後，本協定於所載期間內均具有約束力。&lt;/p&gt;\r\n\r\n&lt;p&gt;&amp;nbsp;&lt;/p&gt;\r\n\r\n&lt;p&gt;1.2&amp;nbsp; &amp;nbsp; &amp;nbsp;付款：&lt;/p&gt;\r\n\r\n&lt;p&gt;&amp;nbsp;&lt;/p&gt;\r\n\r\n&lt;p&gt;1.2.1&amp;nbsp; &amp;nbsp; &amp;nbsp;所有家居服務費用必須要預先支付。我司將于第一次服務時提供正規發票給客戶。付款方式如下：&lt;/p&gt;\r\n\r\n&lt;p&gt;&amp;nbsp;&lt;/p&gt;\r\n\r\n&lt;table border=&quot;0&quot; cellpadding=&quot;0&quot; cellspacing=&quot;0&quot; style=&quot;width:80%&quot;&gt;\r\n	&lt;tbody&gt;\r\n		&lt;tr&gt;\r\n			&lt;td&gt;i. 支付寶&lt;/td&gt;\r\n			&lt;td&gt;ii.&lt;strong&gt; &lt;/strong&gt;微信支付&lt;/td&gt;\r\n		&lt;/tr&gt;\r\n		&lt;tr&gt;\r\n			&lt;td&gt;&lt;img alt=&quot;&quot; src=&quot;Public/Uploads/2018-03-02/1519964639.jpg&quot; style=&quot;height:100px; width:100px&quot; /&gt;&lt;/td&gt;\r\n			&lt;td&gt;&lt;img alt=&quot;&quot; src=&quot;Public/Uploads/2018-03-02/1519964648.jpg&quot; style=&quot;height:100px; width:100px&quot; /&gt;&lt;/td&gt;\r\n		&lt;/tr&gt;\r\n	&lt;/tbody&gt;\r\n&lt;/table&gt;\r\n\r\n&lt;p&gt;&amp;nbsp;&lt;/p&gt;\r\n\r\n&lt;p&gt;iii.&amp;nbsp;&amp;nbsp;&amp;nbsp; 銀行轉賬:&lt;/p&gt;\r\n\r\n&lt;p&gt;&amp;nbsp; &amp;nbsp; &amp;nbsp; &amp;nbsp; 账户名：中山史伟莎环保科技有限公司&lt;/p&gt;\r\n\r\n&lt;p&gt;&amp;nbsp; &amp;nbsp; &amp;nbsp; &amp;nbsp; 开户行：农业银行中山颐和支行&lt;/p&gt;\r\n\r\n&lt;p&gt;&amp;nbsp; &amp;nbsp; &amp;nbsp; &amp;nbsp; 账&amp;nbsp; &amp;nbsp;号：4431 1401 0400 0506 2&lt;/p&gt;\r\n\r\n&lt;p&gt;&amp;nbsp;&lt;/p&gt;\r\n\r\n&lt;p&gt;2.&amp;nbsp;&amp;nbsp;&amp;nbsp;&amp;nbsp; 其他協議條件&lt;/p&gt;\r\n\r\n&lt;p&gt;&amp;nbsp;&lt;/p&gt;\r\n\r\n&lt;p&gt;2.1&amp;nbsp;&amp;nbsp; 我司滅蟲管理服務部負責於本協議內所述之有關地址的室內/室外/範圍內及合約期間內，為所述之昆蟲種類進行防滅/檢查服務。我司作業人員奉行服務第一，顧客至上的原則，以認真負責的態度，確保每次滅蟲服務達到安全、優質、有效的品質標準。所有施工/治理均根據全國衛生檢查機構滅蟲滅害的標準進行。&lt;/p&gt;\r\n\r\n&lt;p&gt;&amp;nbsp;&lt;/p&gt;\r\n\r\n&lt;p&gt;2.2&amp;nbsp;&amp;nbsp; 如需要另行租用安全設備（如高空工作升降臺或鋁合金工作平臺）進行服務的，其租用該設備及/或額外勞工保險的費用將由客戶支付。否則，我司有權對此不進行滅蟲管理服務。&lt;/p&gt;\r\n\r\n&lt;p&gt;&amp;nbsp;&lt;/p&gt;\r\n\r\n&lt;p&gt;2.3&amp;nbsp;&amp;nbsp; 本協定的服務範圍不包括視覺上不能查驗、隱蔽或無法到達的地方。&lt;/p&gt;\r\n\r\n&lt;p&gt;&amp;nbsp;&lt;/p&gt;\r\n\r\n&lt;p&gt;2.4&amp;nbsp;&amp;nbsp; 本協定提供之利益只應用於協議所載樓宇、地方或物件。若物業有增建物時，須向我司發出書面通知；否則我司有權對新增建物不提供滅蟲管理服務。&lt;/p&gt;\r\n\r\n&lt;p&gt;&amp;nbsp;&lt;/p&gt;\r\n\r\n&lt;p&gt;2.5&amp;nbsp;&amp;nbsp; 在合約期間，如客戶提前終止合約，在取得我司的同意下，客戶仍須繳付200元人民幣作為行政費用。&lt;/p&gt;\r\n\r\n&lt;p&gt;&amp;nbsp;&lt;/p&gt;\r\n\r\n&lt;p&gt;2.6&amp;nbsp;&amp;nbsp; 在合約期間，如客戶需要搬遷居所，而新的居所面積與合約約定的面積有所分別，現有合約的剩餘價值將轉載於新的合約中。如客戶要求退款的，必須根據2.5的條款方式處理。&lt;/p&gt;\r\n\r\n&lt;p&gt;&amp;nbsp;&lt;/p&gt;\r\n\r\n&lt;p&gt;2.7&amp;nbsp;&amp;nbsp; 焗霧機器可將施藥藥劑直徑控制在30微米左右，藥劑會長時間懸浮于控制區域內。建議保持現場環境的封閉，換氣系統關閉。施藥後1小時後可開窗通風。如因客戶自身原因未達到此要求的，我司不承擔任何責任。&lt;/p&gt;\r\n\r\n&lt;p&gt;&amp;nbsp;&lt;/p&gt;\r\n\r\n&lt;p&gt;2.8&amp;nbsp;&amp;nbsp; 本協定之報價是根據客戶所提供樓面面積資料計算。因此, 當實際治理面積與客戶所述面積有差別時,我司保留調整報價的權利。&lt;/p&gt;\r\n\r\n&lt;p&gt;&amp;nbsp;&lt;/p&gt;\r\n\r\n&lt;p&gt;2.9&amp;nbsp;&amp;nbsp; 若滅蟲服務于獲得客戶確認日期及時間後，因客戶不在/或不能進入樓宇內而導致我司不能進行滅蟲服務，則我司有權收取200元人民幣, 作為誤工之賠償。&lt;/p&gt;\r\n\r\n&lt;p&gt;&amp;nbsp;&lt;/p&gt;\r\n\r\n&lt;p&gt;2.10 我司會以極細心及專業的態度進行滅蟲服務。為了更好的防止任何意外發生; 在治理服務時, 客戶必須確保所有貴重及易碎物品都已妥善保管及擺放好。如確因我司人員過錯造成關於上述物件損毀的索價，其上限為一仟元人民幣或合約約定月服務費的兩倍（以較低金額作準）。&lt;/p&gt;\r\n\r\n&lt;p&gt;&amp;nbsp;&lt;/p&gt;\r\n\r\n&lt;p&gt;2.11 在服務進行期間，我們建議客戶將貴重物品存放在安全的地方。如有需要，請客戶自行觀察我司員工進行工作。&lt;/p&gt;\r\n\r\n&lt;p&gt;&amp;nbsp;&lt;/p&gt;\r\n\r\n&lt;p&gt;2.12 雖然我司使用的殺蟲劑對人類（過敏性體質人群除外）及大部分寵物是非常安全，但對水生動物及部分爬蟲類是有高度的毒性。如有任何魚缸，水族缸或魚池含有該等動物，請在治理前通知我們及/或用濕毛巾及膠布覆蓋所有開口及其過濾系統；否則由此造成的後果我司不予承擔。&lt;/p&gt;\r\n\r\n&lt;p&gt;&amp;nbsp;&lt;/p&gt;\r\n\r\n&lt;p&gt;2.13 一切由蟲害或白蟻或鼠類所引致客戶的任何損害或損失,我司一概無須負責。&lt;/p&gt;\r\n\r\n&lt;p&gt;&amp;nbsp;&lt;/p&gt;\r\n\r\n&lt;p&gt;2.14 本協議履行中發生不可抗力，導致一方無法履行約定義務的，該方應在不可抗力發生後14天內以書面形式通知另一方。如不可抗力結束後，仍存在繼續履行的可能性，應繼續履行本協議。&lt;/p&gt;\r\n\r\n&lt;p&gt;&amp;nbsp;&lt;/p&gt;\r\n\r\n&lt;p&gt;2.15 本報價只適用於蟑螂/跳虱/螞蟻/老鼠/衣魚的一次性服務。&lt;/p&gt;\r\n', '&lt;p&gt;1.&amp;nbsp;&amp;nbsp;&amp;nbsp;&amp;nbsp; 付款條款與合約章則&lt;/p&gt;\r\n\r\n&lt;p&gt;&amp;nbsp;&lt;/p&gt;\r\n\r\n&lt;p&gt;1.1&amp;nbsp; &amp;nbsp; &amp;nbsp;服務協定：於協定簽署後，本協定於所載期間內均具有約束力。&lt;/p&gt;\r\n\r\n&lt;p&gt;&amp;nbsp;&lt;/p&gt;\r\n\r\n&lt;p&gt;1.2&amp;nbsp; &amp;nbsp; &amp;nbsp;付款：&lt;/p&gt;\r\n\r\n&lt;p&gt;&amp;nbsp;&lt;/p&gt;\r\n\r\n&lt;p&gt;1.2.1&amp;nbsp; &amp;nbsp; &amp;nbsp;所有家居服務費用必須要預先支付。我司將于第一次服務時提供正規發票給客戶。付款方式如下：&lt;/p&gt;\r\n\r\n&lt;p&gt;&amp;nbsp;&lt;/p&gt;\r\n\r\n&lt;table border=&quot;0&quot; cellpadding=&quot;0&quot; cellspacing=&quot;0&quot; style=&quot;width:80%&quot;&gt;\r\n	&lt;tbody&gt;\r\n		&lt;tr&gt;\r\n			&lt;td&gt;i. 支付寶&lt;/td&gt;\r\n			&lt;td&gt;ii.&lt;strong&gt; &lt;/strong&gt;微信支付&lt;/td&gt;\r\n		&lt;/tr&gt;\r\n		&lt;tr&gt;\r\n			&lt;td&gt;&lt;img alt=&quot;&quot; src=&quot;Public/Uploads/2018-03-02/1519964639.jpg&quot; style=&quot;height:100px; width:100px&quot; /&gt;&lt;/td&gt;\r\n			&lt;td&gt;&lt;img alt=&quot;&quot; src=&quot;Public/Uploads/2018-03-02/1519964648.jpg&quot; style=&quot;height:100px; width:100px&quot; /&gt;&lt;/td&gt;\r\n		&lt;/tr&gt;\r\n	&lt;/tbody&gt;\r\n&lt;/table&gt;\r\n\r\n&lt;p&gt;&amp;nbsp;&lt;/p&gt;\r\n\r\n&lt;p&gt;iii.&amp;nbsp;&amp;nbsp;&amp;nbsp; 銀行轉賬:&lt;/p&gt;\r\n\r\n&lt;p&gt;&amp;nbsp; &amp;nbsp; &amp;nbsp; &amp;nbsp; 账户名：中山史伟莎环保科技有限公司&lt;/p&gt;\r\n\r\n&lt;p&gt;&amp;nbsp; &amp;nbsp; &amp;nbsp; &amp;nbsp; 开户行：农业银行中山颐和支行&lt;/p&gt;\r\n\r\n&lt;p&gt;&amp;nbsp; &amp;nbsp; &amp;nbsp; &amp;nbsp; 账&amp;nbsp; &amp;nbsp;号：4431 1401 0400 0506 2&lt;/p&gt;\r\n\r\n&lt;p&gt;&amp;nbsp;&lt;/p&gt;\r\n\r\n&lt;p&gt;2.&amp;nbsp;&amp;nbsp;&amp;nbsp;&amp;nbsp; 其他協議條件&lt;/p&gt;\r\n\r\n&lt;p&gt;&amp;nbsp;&lt;/p&gt;\r\n\r\n&lt;p&gt;2.1&amp;nbsp;&amp;nbsp; 我司滅蟲管理服務部負責於本協議內所述之有關地址的室內/室外/範圍內及合約期間內，為所述之昆蟲種類進行防滅/檢查服務。我司作業人員奉行服務第一，顧客至上的原則，以認真負責的態度，確保每次滅蟲服務達到安全、優質、有效的品質標準。所有施工/治理均根據全國衛生檢查機構滅蟲滅害的標準進行。&lt;/p&gt;\r\n\r\n&lt;p&gt;&amp;nbsp;&lt;/p&gt;\r\n\r\n&lt;p&gt;2.2&amp;nbsp;&amp;nbsp; 如需要另行租用安全設備（如高空工作升降臺或鋁合金工作平臺）進行服務的，其租用該設備及/或額外勞工保險的費用將由客戶支付。否則，我司有權對此不進行滅蟲管理服務。&lt;/p&gt;\r\n\r\n&lt;p&gt;&amp;nbsp;&lt;/p&gt;\r\n\r\n&lt;p&gt;2.3&amp;nbsp;&amp;nbsp; 本協定的服務範圍不包括視覺上不能查驗、隱蔽或無法到達的地方。&lt;/p&gt;\r\n\r\n&lt;p&gt;&amp;nbsp;&lt;/p&gt;\r\n\r\n&lt;p&gt;2.4&amp;nbsp;&amp;nbsp; 本協定提供之利益只應用於協議所載樓宇、地方或物件。若物業有增建物時，須向我司發出書面通知；否則我司有權對新增建物不提供滅蟲管理服務。&lt;/p&gt;\r\n\r\n&lt;p&gt;&amp;nbsp;&lt;/p&gt;\r\n\r\n&lt;p&gt;2.5&amp;nbsp;&amp;nbsp; 在合約期間，如客戶提前終止合約，在取得我司的同意下，客戶仍須繳付200元人民幣作為行政費用。&lt;/p&gt;\r\n\r\n&lt;p&gt;&amp;nbsp;&lt;/p&gt;\r\n\r\n&lt;p&gt;2.6&amp;nbsp;&amp;nbsp; 在合約期間，如客戶需要搬遷居所，而新的居所面積與合約約定的面積有所分別，現有合約的剩餘價值將轉載於新的合約中。如客戶要求退款的，必須根據2.5的條款方式處理。&lt;/p&gt;\r\n\r\n&lt;p&gt;&amp;nbsp;&lt;/p&gt;\r\n\r\n&lt;p&gt;2.7&amp;nbsp;&amp;nbsp; 焗霧機器可將施藥藥劑直徑控制在30微米左右，藥劑會長時間懸浮于控制區域內。建議保持現場環境的封閉，換氣系統關閉。施藥後1小時後可開窗通風。如因客戶自身原因未達到此要求的，我司不承擔任何責任。&lt;/p&gt;\r\n\r\n&lt;p&gt;&amp;nbsp;&lt;/p&gt;\r\n\r\n&lt;p&gt;2.8&amp;nbsp;&amp;nbsp; 本協定之報價是根據客戶所提供樓面面積資料計算。因此, 當實際治理面積與客戶所述面積有差別時,我司保留調整報價的權利。&lt;/p&gt;\r\n\r\n&lt;p&gt;&amp;nbsp;&lt;/p&gt;\r\n\r\n&lt;p&gt;2.9&amp;nbsp;&amp;nbsp; 若滅蟲服務于獲得客戶確認日期及時間後，因客戶不在/或不能進入樓宇內而導致我司不能進行滅蟲服務，則我司有權收取200元人民幣, 作為誤工之賠償。&lt;/p&gt;\r\n\r\n&lt;p&gt;&amp;nbsp;&lt;/p&gt;\r\n\r\n&lt;p&gt;2.10 我司會以極細心及專業的態度進行滅蟲服務。為了更好的防止任何意外發生; 在治理服務時, 客戶必須確保所有貴重及易碎物品都已妥善保管及擺放好。如確因我司人員過錯造成關於上述物件損毀的索價，其上限為一仟元人民幣或合約約定月服務費的兩倍（以較低金額作準）。&lt;/p&gt;\r\n\r\n&lt;p&gt;&amp;nbsp;&lt;/p&gt;\r\n\r\n&lt;p&gt;2.11 在服務進行期間，我們建議客戶將貴重物品存放在安全的地方。如有需要，請客戶自行觀察我司員工進行工作。&lt;/p&gt;\r\n\r\n&lt;p&gt;&amp;nbsp;&lt;/p&gt;\r\n\r\n&lt;p&gt;2.12 雖然我司使用的殺蟲劑對人類（過敏性體質人群除外）及大部分寵物是非常安全，但對水生動物及部分爬蟲類是有高度的毒性。如有任何魚缸，水族缸或魚池含有該等動物，請在治理前通知我們及/或用濕毛巾及膠布覆蓋所有開口及其過濾系統；否則由此造成的後果我司不予承擔。&lt;/p&gt;\r\n\r\n&lt;p&gt;&amp;nbsp;&lt;/p&gt;\r\n\r\n&lt;p&gt;2.13 一切由蟲害或白蟻或鼠類所引致客戶的任何損害或損失,我司一概無須負責。&lt;/p&gt;\r\n\r\n&lt;p&gt;&amp;nbsp;&lt;/p&gt;\r\n\r\n&lt;p&gt;2.14 本協議履行中發生不可抗力，導致一方無法履行約定義務的，該方應在不可抗力發生後14天內以書面形式通知另一方。如不可抗力結束後，仍存在繼續履行的可能性，應繼續履行本協議。&lt;/p&gt;\r\n\r\n&lt;p&gt;&amp;nbsp;&lt;/p&gt;\r\n\r\n&lt;p&gt;2.15 本報價只適用於蟑螂/跳虱/螞蟻/老鼠/衣魚的一次性服務。&lt;/p&gt;\r\n');
INSERT INTO `quote_city` (`id`, `region_id`, `city_name`, `city_name_tw`, `city_name_us`, `z_index`, `other_open`, `other_price`, `currency_type`, `b_unit`, `company`, `company_tw`, `company_us`, `seal`, `terms`, `terms_tw`, `terms_us`) VALUES
(32, 3, '南宁', '南寧', 'Nanning', 7, 1, '150', 'RMB', 'mi', '佛山史伟莎清洁灭虫服务有限公司南宁分公司', '佛山史伟莎清洁灭虫服务有限公司南宁分公司', '佛山史伟莎清洁灭虫服务有限公司南宁分公司', 'Public/Uploads/2018-03-02/1519964543.png', '&lt;p&gt;1.&amp;nbsp;&amp;nbsp;&amp;nbsp;&amp;nbsp; 付款條款與合約章則&lt;/p&gt;\r\n\r\n&lt;p&gt;&amp;nbsp;&lt;/p&gt;\r\n\r\n&lt;p&gt;1.1&amp;nbsp; &amp;nbsp; &amp;nbsp;服務協定：於協定簽署後，本協定於所載期間內均具有約束力。&lt;/p&gt;\r\n\r\n&lt;p&gt;&amp;nbsp;&lt;/p&gt;\r\n\r\n&lt;p&gt;1.2&amp;nbsp; &amp;nbsp; &amp;nbsp;付款：&lt;/p&gt;\r\n\r\n&lt;p&gt;&amp;nbsp;&lt;/p&gt;\r\n\r\n&lt;p&gt;1.2.1&amp;nbsp; &amp;nbsp; &amp;nbsp;所有家居服務費用必須要預先支付。我司將于第一次服務時提供正規發票給客戶。付款方式如下：&lt;/p&gt;\r\n\r\n&lt;p&gt;&amp;nbsp;&lt;/p&gt;\r\n\r\n&lt;table border=&quot;0&quot; cellpadding=&quot;0&quot; cellspacing=&quot;0&quot; style=&quot;width:80%&quot;&gt;\r\n	&lt;tbody&gt;\r\n		&lt;tr&gt;\r\n			&lt;td&gt;i. 支付寶&lt;/td&gt;\r\n		&lt;/tr&gt;\r\n		&lt;tr&gt;\r\n			&lt;td&gt;&lt;img alt=&quot;&quot; src=&quot;Public/Uploads/2018-03-02/1519964523.jpg&quot; style=&quot;height:99px; width:100px&quot; /&gt;&lt;/td&gt;\r\n		&lt;/tr&gt;\r\n	&lt;/tbody&gt;\r\n&lt;/table&gt;\r\n\r\n&lt;p&gt;&amp;nbsp;&lt;/p&gt;\r\n\r\n&lt;p&gt;iii.&amp;nbsp;&amp;nbsp;&amp;nbsp; 銀行轉賬:&lt;/p&gt;\r\n\r\n&lt;p&gt;&amp;nbsp; &amp;nbsp; &amp;nbsp; &amp;nbsp; 账户名：佛山史伟莎清洁灭虫服务有限公司南宁分公司&lt;/p&gt;\r\n\r\n&lt;p&gt;&amp;nbsp; &amp;nbsp; &amp;nbsp; &amp;nbsp; 开户行：中国建设银行广西区分行营业部&lt;/p&gt;\r\n\r\n&lt;p&gt;&amp;nbsp; &amp;nbsp; &amp;nbsp; &amp;nbsp; 账&amp;nbsp; &amp;nbsp;号：4500 1594 1510 5072 4849&lt;/p&gt;\r\n\r\n&lt;p&gt;&amp;nbsp;&lt;/p&gt;\r\n\r\n&lt;p&gt;2.&amp;nbsp;&amp;nbsp;&amp;nbsp;&amp;nbsp; 其他協議條件&lt;/p&gt;\r\n\r\n&lt;p&gt;&amp;nbsp;&lt;/p&gt;\r\n\r\n&lt;p&gt;2.1&amp;nbsp;&amp;nbsp; 我司滅蟲管理服務部負責於本協議內所述之有關地址的室內/室外/範圍內及合約期間內，為所述之昆蟲種類進行防滅/檢查服務。我司作業人員奉行服務第一，顧客至上的原則，以認真負責的態度，確保每次滅蟲服務達到安全、優質、有效的品質標準。所有施工/治理均根據全國衛生檢查機構滅蟲滅害的標準進行。&lt;/p&gt;\r\n\r\n&lt;p&gt;&amp;nbsp;&lt;/p&gt;\r\n\r\n&lt;p&gt;2.2&amp;nbsp;&amp;nbsp; 如需要另行租用安全設備（如高空工作升降臺或鋁合金工作平臺）進行服務的，其租用該設備及/或額外勞工保險的費用將由客戶支付。否則，我司有權對此不進行滅蟲管理服務。&lt;/p&gt;\r\n\r\n&lt;p&gt;&amp;nbsp;&lt;/p&gt;\r\n\r\n&lt;p&gt;2.3&amp;nbsp;&amp;nbsp; 本協定的服務範圍不包括視覺上不能查驗、隱蔽或無法到達的地方。&lt;/p&gt;\r\n\r\n&lt;p&gt;&amp;nbsp;&lt;/p&gt;\r\n\r\n&lt;p&gt;2.4&amp;nbsp;&amp;nbsp; 本協定提供之利益只應用於協議所載樓宇、地方或物件。若物業有增建物時，須向我司發出書面通知；否則我司有權對新增建物不提供滅蟲管理服務。&lt;/p&gt;\r\n\r\n&lt;p&gt;&amp;nbsp;&lt;/p&gt;\r\n\r\n&lt;p&gt;2.5&amp;nbsp;&amp;nbsp; 在合約期間，如客戶提前終止合約，在取得我司的同意下，客戶仍須繳付200元人民幣作為行政費用。&lt;/p&gt;\r\n\r\n&lt;p&gt;&amp;nbsp;&lt;/p&gt;\r\n\r\n&lt;p&gt;2.6&amp;nbsp;&amp;nbsp; 在合約期間，如客戶需要搬遷居所，而新的居所面積與合約約定的面積有所分別，現有合約的剩餘價值將轉載於新的合約中。如客戶要求退款的，必須根據2.5的條款方式處理。&lt;/p&gt;\r\n\r\n&lt;p&gt;&amp;nbsp;&lt;/p&gt;\r\n\r\n&lt;p&gt;2.7&amp;nbsp;&amp;nbsp; 焗霧機器可將施藥藥劑直徑控制在30微米左右，藥劑會長時間懸浮于控制區域內。建議保持現場環境的封閉，換氣系統關閉。施藥後1小時後可開窗通風。如因客戶自身原因未達到此要求的，我司不承擔任何責任。&lt;/p&gt;\r\n\r\n&lt;p&gt;&amp;nbsp;&lt;/p&gt;\r\n\r\n&lt;p&gt;2.8&amp;nbsp;&amp;nbsp; 本協定之報價是根據客戶所提供樓面面積資料計算。因此, 當實際治理面積與客戶所述面積有差別時,我司保留調整報價的權利。&lt;/p&gt;\r\n\r\n&lt;p&gt;&amp;nbsp;&lt;/p&gt;\r\n\r\n&lt;p&gt;2.9&amp;nbsp;&amp;nbsp; 若滅蟲服務于獲得客戶確認日期及時間後，因客戶不在/或不能進入樓宇內而導致我司不能進行滅蟲服務，則我司有權收取200元人民幣, 作為誤工之賠償。&lt;/p&gt;\r\n\r\n&lt;p&gt;&amp;nbsp;&lt;/p&gt;\r\n\r\n&lt;p&gt;2.10 我司會以極細心及專業的態度進行滅蟲服務。為了更好的防止任何意外發生; 在治理服務時, 客戶必須確保所有貴重及易碎物品都已妥善保管及擺放好。如確因我司人員過錯造成關於上述物件損毀的索價，其上限為一仟元人民幣或合約約定月服務費的兩倍（以較低金額作準）。&lt;/p&gt;\r\n\r\n&lt;p&gt;&amp;nbsp;&lt;/p&gt;\r\n\r\n&lt;p&gt;2.11 在服務進行期間，我們建議客戶將貴重物品存放在安全的地方。如有需要，請客戶自行觀察我司員工進行工作。&lt;/p&gt;\r\n\r\n&lt;p&gt;&amp;nbsp;&lt;/p&gt;\r\n\r\n&lt;p&gt;2.12 雖然我司使用的殺蟲劑對人類（過敏性體質人群除外）及大部分寵物是非常安全，但對水生動物及部分爬蟲類是有高度的毒性。如有任何魚缸，水族缸或魚池含有該等動物，請在治理前通知我們及/或用濕毛巾及膠布覆蓋所有開口及其過濾系統；否則由此造成的後果我司不予承擔。&lt;/p&gt;\r\n\r\n&lt;p&gt;&amp;nbsp;&lt;/p&gt;\r\n\r\n&lt;p&gt;2.13 一切由蟲害或白蟻或鼠類所引致客戶的任何損害或損失,我司一概無須負責。&lt;/p&gt;\r\n\r\n&lt;p&gt;&amp;nbsp;&lt;/p&gt;\r\n\r\n&lt;p&gt;2.14 本協議履行中發生不可抗力，導致一方無法履行約定義務的，該方應在不可抗力發生後14天內以書面形式通知另一方。如不可抗力結束後，仍存在繼續履行的可能性，應繼續履行本協議。&lt;/p&gt;\r\n\r\n&lt;p&gt;&amp;nbsp;&lt;/p&gt;\r\n\r\n&lt;p&gt;2.15 本報價只適用於蟑螂/跳虱/螞蟻/老鼠/衣魚的一次性服務。&lt;/p&gt;\r\n', '&lt;p&gt;1.&amp;nbsp;&amp;nbsp;&amp;nbsp;&amp;nbsp; 付款條款與合約章則&lt;/p&gt;\r\n\r\n&lt;p&gt;&amp;nbsp;&lt;/p&gt;\r\n\r\n&lt;p&gt;1.1&amp;nbsp; &amp;nbsp; &amp;nbsp;服務協定：於協定簽署後，本協定於所載期間內均具有約束力。&lt;/p&gt;\r\n\r\n&lt;p&gt;&amp;nbsp;&lt;/p&gt;\r\n\r\n&lt;p&gt;1.2&amp;nbsp; &amp;nbsp; &amp;nbsp;付款：&lt;/p&gt;\r\n\r\n&lt;p&gt;&amp;nbsp;&lt;/p&gt;\r\n\r\n&lt;p&gt;1.2.1&amp;nbsp; &amp;nbsp; &amp;nbsp;所有家居服務費用必須要預先支付。我司將于第一次服務時提供正規發票給客戶。付款方式如下：&lt;/p&gt;\r\n\r\n&lt;p&gt;&amp;nbsp;&lt;/p&gt;\r\n\r\n&lt;table border=&quot;0&quot; cellpadding=&quot;0&quot; cellspacing=&quot;0&quot; style=&quot;width:80%&quot;&gt;\r\n	&lt;tbody&gt;\r\n		&lt;tr&gt;\r\n			&lt;td&gt;i. 支付寶&lt;/td&gt;\r\n		&lt;/tr&gt;\r\n		&lt;tr&gt;\r\n			&lt;td&gt;&lt;img alt=&quot;&quot; src=&quot;Public/Uploads/2018-03-02/1519964523.jpg&quot; style=&quot;height:99px; width:100px&quot; /&gt;&lt;/td&gt;\r\n		&lt;/tr&gt;\r\n	&lt;/tbody&gt;\r\n&lt;/table&gt;\r\n\r\n&lt;p&gt;&amp;nbsp;&lt;/p&gt;\r\n\r\n&lt;p&gt;iii.&amp;nbsp;&amp;nbsp;&amp;nbsp; 銀行轉賬:&lt;/p&gt;\r\n\r\n&lt;p&gt;&amp;nbsp; &amp;nbsp; &amp;nbsp; &amp;nbsp; 账户名：佛山史伟莎清洁灭虫服务有限公司南宁分公司&lt;/p&gt;\r\n\r\n&lt;p&gt;&amp;nbsp; &amp;nbsp; &amp;nbsp; &amp;nbsp; 开户行：中国建设银行广西区分行营业部&lt;/p&gt;\r\n\r\n&lt;p&gt;&amp;nbsp; &amp;nbsp; &amp;nbsp; &amp;nbsp; 账&amp;nbsp; &amp;nbsp;号：4500 1594 1510 5072 4849&lt;/p&gt;\r\n\r\n&lt;p&gt;&amp;nbsp;&lt;/p&gt;\r\n\r\n&lt;p&gt;2.&amp;nbsp;&amp;nbsp;&amp;nbsp;&amp;nbsp; 其他協議條件&lt;/p&gt;\r\n\r\n&lt;p&gt;&amp;nbsp;&lt;/p&gt;\r\n\r\n&lt;p&gt;2.1&amp;nbsp;&amp;nbsp; 我司滅蟲管理服務部負責於本協議內所述之有關地址的室內/室外/範圍內及合約期間內，為所述之昆蟲種類進行防滅/檢查服務。我司作業人員奉行服務第一，顧客至上的原則，以認真負責的態度，確保每次滅蟲服務達到安全、優質、有效的品質標準。所有施工/治理均根據全國衛生檢查機構滅蟲滅害的標準進行。&lt;/p&gt;\r\n\r\n&lt;p&gt;&amp;nbsp;&lt;/p&gt;\r\n\r\n&lt;p&gt;2.2&amp;nbsp;&amp;nbsp; 如需要另行租用安全設備（如高空工作升降臺或鋁合金工作平臺）進行服務的，其租用該設備及/或額外勞工保險的費用將由客戶支付。否則，我司有權對此不進行滅蟲管理服務。&lt;/p&gt;\r\n\r\n&lt;p&gt;&amp;nbsp;&lt;/p&gt;\r\n\r\n&lt;p&gt;2.3&amp;nbsp;&amp;nbsp; 本協定的服務範圍不包括視覺上不能查驗、隱蔽或無法到達的地方。&lt;/p&gt;\r\n\r\n&lt;p&gt;&amp;nbsp;&lt;/p&gt;\r\n\r\n&lt;p&gt;2.4&amp;nbsp;&amp;nbsp; 本協定提供之利益只應用於協議所載樓宇、地方或物件。若物業有增建物時，須向我司發出書面通知；否則我司有權對新增建物不提供滅蟲管理服務。&lt;/p&gt;\r\n\r\n&lt;p&gt;&amp;nbsp;&lt;/p&gt;\r\n\r\n&lt;p&gt;2.5&amp;nbsp;&amp;nbsp; 在合約期間，如客戶提前終止合約，在取得我司的同意下，客戶仍須繳付200元人民幣作為行政費用。&lt;/p&gt;\r\n\r\n&lt;p&gt;&amp;nbsp;&lt;/p&gt;\r\n\r\n&lt;p&gt;2.6&amp;nbsp;&amp;nbsp; 在合約期間，如客戶需要搬遷居所，而新的居所面積與合約約定的面積有所分別，現有合約的剩餘價值將轉載於新的合約中。如客戶要求退款的，必須根據2.5的條款方式處理。&lt;/p&gt;\r\n\r\n&lt;p&gt;&amp;nbsp;&lt;/p&gt;\r\n\r\n&lt;p&gt;2.7&amp;nbsp;&amp;nbsp; 焗霧機器可將施藥藥劑直徑控制在30微米左右，藥劑會長時間懸浮于控制區域內。建議保持現場環境的封閉，換氣系統關閉。施藥後1小時後可開窗通風。如因客戶自身原因未達到此要求的，我司不承擔任何責任。&lt;/p&gt;\r\n\r\n&lt;p&gt;&amp;nbsp;&lt;/p&gt;\r\n\r\n&lt;p&gt;2.8&amp;nbsp;&amp;nbsp; 本協定之報價是根據客戶所提供樓面面積資料計算。因此, 當實際治理面積與客戶所述面積有差別時,我司保留調整報價的權利。&lt;/p&gt;\r\n\r\n&lt;p&gt;&amp;nbsp;&lt;/p&gt;\r\n\r\n&lt;p&gt;2.9&amp;nbsp;&amp;nbsp; 若滅蟲服務于獲得客戶確認日期及時間後，因客戶不在/或不能進入樓宇內而導致我司不能進行滅蟲服務，則我司有權收取200元人民幣, 作為誤工之賠償。&lt;/p&gt;\r\n\r\n&lt;p&gt;&amp;nbsp;&lt;/p&gt;\r\n\r\n&lt;p&gt;2.10 我司會以極細心及專業的態度進行滅蟲服務。為了更好的防止任何意外發生; 在治理服務時, 客戶必須確保所有貴重及易碎物品都已妥善保管及擺放好。如確因我司人員過錯造成關於上述物件損毀的索價，其上限為一仟元人民幣或合約約定月服務費的兩倍（以較低金額作準）。&lt;/p&gt;\r\n\r\n&lt;p&gt;&amp;nbsp;&lt;/p&gt;\r\n\r\n&lt;p&gt;2.11 在服務進行期間，我們建議客戶將貴重物品存放在安全的地方。如有需要，請客戶自行觀察我司員工進行工作。&lt;/p&gt;\r\n\r\n&lt;p&gt;&amp;nbsp;&lt;/p&gt;\r\n\r\n&lt;p&gt;2.12 雖然我司使用的殺蟲劑對人類（過敏性體質人群除外）及大部分寵物是非常安全，但對水生動物及部分爬蟲類是有高度的毒性。如有任何魚缸，水族缸或魚池含有該等動物，請在治理前通知我們及/或用濕毛巾及膠布覆蓋所有開口及其過濾系統；否則由此造成的後果我司不予承擔。&lt;/p&gt;\r\n\r\n&lt;p&gt;&amp;nbsp;&lt;/p&gt;\r\n\r\n&lt;p&gt;2.13 一切由蟲害或白蟻或鼠類所引致客戶的任何損害或損失,我司一概無須負責。&lt;/p&gt;\r\n\r\n&lt;p&gt;&amp;nbsp;&lt;/p&gt;\r\n\r\n&lt;p&gt;2.14 本協議履行中發生不可抗力，導致一方無法履行約定義務的，該方應在不可抗力發生後14天內以書面形式通知另一方。如不可抗力結束後，仍存在繼續履行的可能性，應繼續履行本協議。&lt;/p&gt;\r\n\r\n&lt;p&gt;&amp;nbsp;&lt;/p&gt;\r\n\r\n&lt;p&gt;2.15 本報價只適用於蟑螂/跳虱/螞蟻/老鼠/衣魚的一次性服務。&lt;/p&gt;\r\n', '&lt;p&gt;1.&amp;nbsp;&amp;nbsp;&amp;nbsp;&amp;nbsp; 付款條款與合約章則&lt;/p&gt;\r\n\r\n&lt;p&gt;&amp;nbsp;&lt;/p&gt;\r\n\r\n&lt;p&gt;1.1&amp;nbsp; &amp;nbsp; &amp;nbsp;服務協定：於協定簽署後，本協定於所載期間內均具有約束力。&lt;/p&gt;\r\n\r\n&lt;p&gt;&amp;nbsp;&lt;/p&gt;\r\n\r\n&lt;p&gt;1.2&amp;nbsp; &amp;nbsp; &amp;nbsp;付款：&lt;/p&gt;\r\n\r\n&lt;p&gt;&amp;nbsp;&lt;/p&gt;\r\n\r\n&lt;p&gt;1.2.1&amp;nbsp; &amp;nbsp; &amp;nbsp;所有家居服務費用必須要預先支付。我司將于第一次服務時提供正規發票給客戶。付款方式如下：&lt;/p&gt;\r\n\r\n&lt;p&gt;&amp;nbsp;&lt;/p&gt;\r\n\r\n&lt;table border=&quot;0&quot; cellpadding=&quot;0&quot; cellspacing=&quot;0&quot; style=&quot;width:80%&quot;&gt;\r\n	&lt;tbody&gt;\r\n		&lt;tr&gt;\r\n			&lt;td&gt;i. 支付寶&lt;/td&gt;\r\n		&lt;/tr&gt;\r\n		&lt;tr&gt;\r\n			&lt;td&gt;&lt;img alt=&quot;&quot; src=&quot;Public/Uploads/2018-03-02/1519964523.jpg&quot; style=&quot;height:99px; width:100px&quot; /&gt;&lt;/td&gt;\r\n		&lt;/tr&gt;\r\n	&lt;/tbody&gt;\r\n&lt;/table&gt;\r\n\r\n&lt;p&gt;&amp;nbsp;&lt;/p&gt;\r\n\r\n&lt;p&gt;iii.&amp;nbsp;&amp;nbsp;&amp;nbsp; 銀行轉賬:&lt;/p&gt;\r\n\r\n&lt;p&gt;&amp;nbsp; &amp;nbsp; &amp;nbsp; &amp;nbsp; 账户名：佛山史伟莎清洁灭虫服务有限公司南宁分公司&lt;/p&gt;\r\n\r\n&lt;p&gt;&amp;nbsp; &amp;nbsp; &amp;nbsp; &amp;nbsp; 开户行：中国建设银行广西区分行营业部&lt;/p&gt;\r\n\r\n&lt;p&gt;&amp;nbsp; &amp;nbsp; &amp;nbsp; &amp;nbsp; 账&amp;nbsp; &amp;nbsp;号：4500 1594 1510 5072 4849&lt;/p&gt;\r\n\r\n&lt;p&gt;&amp;nbsp;&lt;/p&gt;\r\n\r\n&lt;p&gt;2.&amp;nbsp;&amp;nbsp;&amp;nbsp;&amp;nbsp; 其他協議條件&lt;/p&gt;\r\n\r\n&lt;p&gt;&amp;nbsp;&lt;/p&gt;\r\n\r\n&lt;p&gt;2.1&amp;nbsp;&amp;nbsp; 我司滅蟲管理服務部負責於本協議內所述之有關地址的室內/室外/範圍內及合約期間內，為所述之昆蟲種類進行防滅/檢查服務。我司作業人員奉行服務第一，顧客至上的原則，以認真負責的態度，確保每次滅蟲服務達到安全、優質、有效的品質標準。所有施工/治理均根據全國衛生檢查機構滅蟲滅害的標準進行。&lt;/p&gt;\r\n\r\n&lt;p&gt;&amp;nbsp;&lt;/p&gt;\r\n\r\n&lt;p&gt;2.2&amp;nbsp;&amp;nbsp; 如需要另行租用安全設備（如高空工作升降臺或鋁合金工作平臺）進行服務的，其租用該設備及/或額外勞工保險的費用將由客戶支付。否則，我司有權對此不進行滅蟲管理服務。&lt;/p&gt;\r\n\r\n&lt;p&gt;&amp;nbsp;&lt;/p&gt;\r\n\r\n&lt;p&gt;2.3&amp;nbsp;&amp;nbsp; 本協定的服務範圍不包括視覺上不能查驗、隱蔽或無法到達的地方。&lt;/p&gt;\r\n\r\n&lt;p&gt;&amp;nbsp;&lt;/p&gt;\r\n\r\n&lt;p&gt;2.4&amp;nbsp;&amp;nbsp; 本協定提供之利益只應用於協議所載樓宇、地方或物件。若物業有增建物時，須向我司發出書面通知；否則我司有權對新增建物不提供滅蟲管理服務。&lt;/p&gt;\r\n\r\n&lt;p&gt;&amp;nbsp;&lt;/p&gt;\r\n\r\n&lt;p&gt;2.5&amp;nbsp;&amp;nbsp; 在合約期間，如客戶提前終止合約，在取得我司的同意下，客戶仍須繳付200元人民幣作為行政費用。&lt;/p&gt;\r\n\r\n&lt;p&gt;&amp;nbsp;&lt;/p&gt;\r\n\r\n&lt;p&gt;2.6&amp;nbsp;&amp;nbsp; 在合約期間，如客戶需要搬遷居所，而新的居所面積與合約約定的面積有所分別，現有合約的剩餘價值將轉載於新的合約中。如客戶要求退款的，必須根據2.5的條款方式處理。&lt;/p&gt;\r\n\r\n&lt;p&gt;&amp;nbsp;&lt;/p&gt;\r\n\r\n&lt;p&gt;2.7&amp;nbsp;&amp;nbsp; 焗霧機器可將施藥藥劑直徑控制在30微米左右，藥劑會長時間懸浮于控制區域內。建議保持現場環境的封閉，換氣系統關閉。施藥後1小時後可開窗通風。如因客戶自身原因未達到此要求的，我司不承擔任何責任。&lt;/p&gt;\r\n\r\n&lt;p&gt;&amp;nbsp;&lt;/p&gt;\r\n\r\n&lt;p&gt;2.8&amp;nbsp;&amp;nbsp; 本協定之報價是根據客戶所提供樓面面積資料計算。因此, 當實際治理面積與客戶所述面積有差別時,我司保留調整報價的權利。&lt;/p&gt;\r\n\r\n&lt;p&gt;&amp;nbsp;&lt;/p&gt;\r\n\r\n&lt;p&gt;2.9&amp;nbsp;&amp;nbsp; 若滅蟲服務于獲得客戶確認日期及時間後，因客戶不在/或不能進入樓宇內而導致我司不能進行滅蟲服務，則我司有權收取200元人民幣, 作為誤工之賠償。&lt;/p&gt;\r\n\r\n&lt;p&gt;&amp;nbsp;&lt;/p&gt;\r\n\r\n&lt;p&gt;2.10 我司會以極細心及專業的態度進行滅蟲服務。為了更好的防止任何意外發生; 在治理服務時, 客戶必須確保所有貴重及易碎物品都已妥善保管及擺放好。如確因我司人員過錯造成關於上述物件損毀的索價，其上限為一仟元人民幣或合約約定月服務費的兩倍（以較低金額作準）。&lt;/p&gt;\r\n\r\n&lt;p&gt;&amp;nbsp;&lt;/p&gt;\r\n\r\n&lt;p&gt;2.11 在服務進行期間，我們建議客戶將貴重物品存放在安全的地方。如有需要，請客戶自行觀察我司員工進行工作。&lt;/p&gt;\r\n\r\n&lt;p&gt;&amp;nbsp;&lt;/p&gt;\r\n\r\n&lt;p&gt;2.12 雖然我司使用的殺蟲劑對人類（過敏性體質人群除外）及大部分寵物是非常安全，但對水生動物及部分爬蟲類是有高度的毒性。如有任何魚缸，水族缸或魚池含有該等動物，請在治理前通知我們及/或用濕毛巾及膠布覆蓋所有開口及其過濾系統；否則由此造成的後果我司不予承擔。&lt;/p&gt;\r\n\r\n&lt;p&gt;&amp;nbsp;&lt;/p&gt;\r\n\r\n&lt;p&gt;2.13 一切由蟲害或白蟻或鼠類所引致客戶的任何損害或損失,我司一概無須負責。&lt;/p&gt;\r\n\r\n&lt;p&gt;&amp;nbsp;&lt;/p&gt;\r\n\r\n&lt;p&gt;2.14 本協議履行中發生不可抗力，導致一方無法履行約定義務的，該方應在不可抗力發生後14天內以書面形式通知另一方。如不可抗力結束後，仍存在繼續履行的可能性，應繼續履行本協議。&lt;/p&gt;\r\n\r\n&lt;p&gt;&amp;nbsp;&lt;/p&gt;\r\n\r\n&lt;p&gt;2.15 本報價只適用於蟑螂/跳虱/螞蟻/老鼠/衣魚的一次性服務。&lt;/p&gt;\r\n'),
(33, 3, '福州', '福州', 'Fuzhou', 8, 1, '150', 'RMB', 'mi', '佛山史伟莎清洁灭虫服务有限公司福州分公司', '佛山史伟莎清洁灭虫服务有限公司福州分公司', '佛山史伟莎清洁灭虫服务有限公司福州分公司', 'Public/Uploads/2018-03-02/1519964363.png', '&lt;p&gt;1.&amp;nbsp;&amp;nbsp;&amp;nbsp;&amp;nbsp; 付款條款與合約章則&lt;/p&gt;\r\n\r\n&lt;p&gt;&amp;nbsp;&lt;/p&gt;\r\n\r\n&lt;p&gt;1.1&amp;nbsp; &amp;nbsp; &amp;nbsp;服務協定：於協定簽署後，本協定於所載期間內均具有約束力。&lt;/p&gt;\r\n\r\n&lt;p&gt;&amp;nbsp;&lt;/p&gt;\r\n\r\n&lt;p&gt;1.2&amp;nbsp; &amp;nbsp; &amp;nbsp;付款：&lt;/p&gt;\r\n\r\n&lt;p&gt;&amp;nbsp;&lt;/p&gt;\r\n\r\n&lt;p&gt;1.2.1&amp;nbsp; &amp;nbsp; &amp;nbsp;所有家居服務費用必須要預先支付。我司將于第一次服務時提供正規發票給客戶。付款方式如下：&lt;/p&gt;\r\n\r\n&lt;p&gt;&amp;nbsp;&lt;/p&gt;\r\n\r\n&lt;table border=&quot;0&quot; cellpadding=&quot;0&quot; cellspacing=&quot;0&quot; style=&quot;width:80%&quot;&gt;\r\n	&lt;tbody&gt;\r\n		&lt;tr&gt;\r\n			&lt;td&gt;i. 支付寶&lt;/td&gt;\r\n		&lt;/tr&gt;\r\n		&lt;tr&gt;\r\n			&lt;td&gt;&lt;img alt=&quot;&quot; src=&quot;Public/Uploads/2018-03-02/1519964182.jpg&quot; style=&quot;height:99px; width:100px&quot; /&gt;&lt;/td&gt;\r\n		&lt;/tr&gt;\r\n	&lt;/tbody&gt;\r\n&lt;/table&gt;\r\n\r\n&lt;p&gt;&amp;nbsp;&lt;/p&gt;\r\n\r\n&lt;p&gt;iii.&amp;nbsp;&amp;nbsp;&amp;nbsp; 銀行轉賬:&lt;/p&gt;\r\n\r\n&lt;p&gt;&amp;nbsp; &amp;nbsp; &amp;nbsp; &amp;nbsp; 账户名：佛山史伟莎清洁灭虫服务有限公司福州分公司&lt;/p&gt;\r\n\r\n&lt;p&gt;&amp;nbsp; &amp;nbsp; &amp;nbsp; &amp;nbsp; 开户行：中国银行省分行&lt;/p&gt;\r\n\r\n&lt;p&gt;&amp;nbsp; &amp;nbsp; &amp;nbsp; &amp;nbsp; 账&amp;nbsp; &amp;nbsp;号：4234 7237 9516&lt;/p&gt;\r\n\r\n&lt;p&gt;&amp;nbsp;&lt;/p&gt;\r\n\r\n&lt;p&gt;2.&amp;nbsp;&amp;nbsp;&amp;nbsp;&amp;nbsp; 其他協議條件&lt;/p&gt;\r\n\r\n&lt;p&gt;&amp;nbsp;&lt;/p&gt;\r\n\r\n&lt;p&gt;2.1&amp;nbsp;&amp;nbsp; 我司滅蟲管理服務部負責於本協議內所述之有關地址的室內/室外/範圍內及合約期間內，為所述之昆蟲種類進行防滅/檢查服務。我司作業人員奉行服務第一，顧客至上的原則，以認真負責的態度，確保每次滅蟲服務達到安全、優質、有效的品質標準。所有施工/治理均根據全國衛生檢查機構滅蟲滅害的標準進行。&lt;/p&gt;\r\n\r\n&lt;p&gt;&amp;nbsp;&lt;/p&gt;\r\n\r\n&lt;p&gt;2.2&amp;nbsp;&amp;nbsp; 如需要另行租用安全設備（如高空工作升降臺或鋁合金工作平臺）進行服務的，其租用該設備及/或額外勞工保險的費用將由客戶支付。否則，我司有權對此不進行滅蟲管理服務。&lt;/p&gt;\r\n\r\n&lt;p&gt;&amp;nbsp;&lt;/p&gt;\r\n\r\n&lt;p&gt;2.3&amp;nbsp;&amp;nbsp; 本協定的服務範圍不包括視覺上不能查驗、隱蔽或無法到達的地方。&lt;/p&gt;\r\n\r\n&lt;p&gt;&amp;nbsp;&lt;/p&gt;\r\n\r\n&lt;p&gt;2.4&amp;nbsp;&amp;nbsp; 本協定提供之利益只應用於協議所載樓宇、地方或物件。若物業有增建物時，須向我司發出書面通知；否則我司有權對新增建物不提供滅蟲管理服務。&lt;/p&gt;\r\n\r\n&lt;p&gt;&amp;nbsp;&lt;/p&gt;\r\n\r\n&lt;p&gt;2.5&amp;nbsp;&amp;nbsp; 在合約期間，如客戶提前終止合約，在取得我司的同意下，客戶仍須繳付200元人民幣作為行政費用。&lt;/p&gt;\r\n\r\n&lt;p&gt;&amp;nbsp;&lt;/p&gt;\r\n\r\n&lt;p&gt;2.6&amp;nbsp;&amp;nbsp; 在合約期間，如客戶需要搬遷居所，而新的居所面積與合約約定的面積有所分別，現有合約的剩餘價值將轉載於新的合約中。如客戶要求退款的，必須根據2.5的條款方式處理。&lt;/p&gt;\r\n\r\n&lt;p&gt;&amp;nbsp;&lt;/p&gt;\r\n\r\n&lt;p&gt;2.7&amp;nbsp;&amp;nbsp; 焗霧機器可將施藥藥劑直徑控制在30微米左右，藥劑會長時間懸浮于控制區域內。建議保持現場環境的封閉，換氣系統關閉。施藥後1小時後可開窗通風。如因客戶自身原因未達到此要求的，我司不承擔任何責任。&lt;/p&gt;\r\n\r\n&lt;p&gt;&amp;nbsp;&lt;/p&gt;\r\n\r\n&lt;p&gt;2.8&amp;nbsp;&amp;nbsp; 本協定之報價是根據客戶所提供樓面面積資料計算。因此, 當實際治理面積與客戶所述面積有差別時,我司保留調整報價的權利。&lt;/p&gt;\r\n\r\n&lt;p&gt;&amp;nbsp;&lt;/p&gt;\r\n\r\n&lt;p&gt;2.9&amp;nbsp;&amp;nbsp; 若滅蟲服務于獲得客戶確認日期及時間後，因客戶不在/或不能進入樓宇內而導致我司不能進行滅蟲服務，則我司有權收取200元人民幣, 作為誤工之賠償。&lt;/p&gt;\r\n\r\n&lt;p&gt;&amp;nbsp;&lt;/p&gt;\r\n\r\n&lt;p&gt;2.10 我司會以極細心及專業的態度進行滅蟲服務。為了更好的防止任何意外發生; 在治理服務時, 客戶必須確保所有貴重及易碎物品都已妥善保管及擺放好。如確因我司人員過錯造成關於上述物件損毀的索價，其上限為一仟元人民幣或合約約定月服務費的兩倍（以較低金額作準）。&lt;/p&gt;\r\n\r\n&lt;p&gt;&amp;nbsp;&lt;/p&gt;\r\n\r\n&lt;p&gt;2.11 在服務進行期間，我們建議客戶將貴重物品存放在安全的地方。如有需要，請客戶自行觀察我司員工進行工作。&lt;/p&gt;\r\n\r\n&lt;p&gt;&amp;nbsp;&lt;/p&gt;\r\n\r\n&lt;p&gt;2.12 雖然我司使用的殺蟲劑對人類（過敏性體質人群除外）及大部分寵物是非常安全，但對水生動物及部分爬蟲類是有高度的毒性。如有任何魚缸，水族缸或魚池含有該等動物，請在治理前通知我們及/或用濕毛巾及膠布覆蓋所有開口及其過濾系統；否則由此造成的後果我司不予承擔。&lt;/p&gt;\r\n\r\n&lt;p&gt;&amp;nbsp;&lt;/p&gt;\r\n\r\n&lt;p&gt;2.13 一切由蟲害或白蟻或鼠類所引致客戶的任何損害或損失,我司一概無須負責。&lt;/p&gt;\r\n\r\n&lt;p&gt;&amp;nbsp;&lt;/p&gt;\r\n\r\n&lt;p&gt;2.14 本協議履行中發生不可抗力，導致一方無法履行約定義務的，該方應在不可抗力發生後14天內以書面形式通知另一方。如不可抗力結束後，仍存在繼續履行的可能性，應繼續履行本協議。&lt;/p&gt;\r\n\r\n&lt;p&gt;&amp;nbsp;&lt;/p&gt;\r\n\r\n&lt;p&gt;2.15 本報價只適用於蟑螂/跳虱/螞蟻/老鼠/衣魚的一次性服務。&lt;/p&gt;\r\n', '&lt;p&gt;1.&amp;nbsp;&amp;nbsp;&amp;nbsp;&amp;nbsp; 付款條款與合約章則&lt;/p&gt;\r\n\r\n&lt;p&gt;&amp;nbsp;&lt;/p&gt;\r\n\r\n&lt;p&gt;1.1&amp;nbsp; &amp;nbsp; &amp;nbsp;服務協定：於協定簽署後，本協定於所載期間內均具有約束力。&lt;/p&gt;\r\n\r\n&lt;p&gt;&amp;nbsp;&lt;/p&gt;\r\n\r\n&lt;p&gt;1.2&amp;nbsp; &amp;nbsp; &amp;nbsp;付款：&lt;/p&gt;\r\n\r\n&lt;p&gt;&amp;nbsp;&lt;/p&gt;\r\n\r\n&lt;p&gt;1.2.1&amp;nbsp; &amp;nbsp; &amp;nbsp;所有家居服務費用必須要預先支付。我司將于第一次服務時提供正規發票給客戶。付款方式如下：&lt;/p&gt;\r\n\r\n&lt;p&gt;&amp;nbsp;&lt;/p&gt;\r\n\r\n&lt;table border=&quot;0&quot; cellpadding=&quot;0&quot; cellspacing=&quot;0&quot; style=&quot;width:80%&quot;&gt;\r\n	&lt;tbody&gt;\r\n		&lt;tr&gt;\r\n			&lt;td&gt;i. 支付寶&lt;/td&gt;\r\n		&lt;/tr&gt;\r\n		&lt;tr&gt;\r\n			&lt;td&gt;&lt;img alt=&quot;&quot; src=&quot;Public/Uploads/2018-03-02/1519964182.jpg&quot; style=&quot;height:99px; width:100px&quot; /&gt;&lt;/td&gt;\r\n		&lt;/tr&gt;\r\n	&lt;/tbody&gt;\r\n&lt;/table&gt;\r\n\r\n&lt;p&gt;&amp;nbsp;&lt;/p&gt;\r\n\r\n&lt;p&gt;iii.&amp;nbsp;&amp;nbsp;&amp;nbsp; 銀行轉賬:&lt;/p&gt;\r\n\r\n&lt;p&gt;&amp;nbsp; &amp;nbsp; &amp;nbsp; &amp;nbsp; 账户名：佛山史伟莎清洁灭虫服务有限公司福州分公司&lt;/p&gt;\r\n\r\n&lt;p&gt;&amp;nbsp; &amp;nbsp; &amp;nbsp; &amp;nbsp; 开户行：中国银行省分行&lt;/p&gt;\r\n\r\n&lt;p&gt;&amp;nbsp; &amp;nbsp; &amp;nbsp; &amp;nbsp; 账&amp;nbsp; &amp;nbsp;号：4234 7237 9516&lt;/p&gt;\r\n\r\n&lt;p&gt;&amp;nbsp;&lt;/p&gt;\r\n\r\n&lt;p&gt;2.&amp;nbsp;&amp;nbsp;&amp;nbsp;&amp;nbsp; 其他協議條件&lt;/p&gt;\r\n\r\n&lt;p&gt;&amp;nbsp;&lt;/p&gt;\r\n\r\n&lt;p&gt;2.1&amp;nbsp;&amp;nbsp; 我司滅蟲管理服務部負責於本協議內所述之有關地址的室內/室外/範圍內及合約期間內，為所述之昆蟲種類進行防滅/檢查服務。我司作業人員奉行服務第一，顧客至上的原則，以認真負責的態度，確保每次滅蟲服務達到安全、優質、有效的品質標準。所有施工/治理均根據全國衛生檢查機構滅蟲滅害的標準進行。&lt;/p&gt;\r\n\r\n&lt;p&gt;&amp;nbsp;&lt;/p&gt;\r\n\r\n&lt;p&gt;2.2&amp;nbsp;&amp;nbsp; 如需要另行租用安全設備（如高空工作升降臺或鋁合金工作平臺）進行服務的，其租用該設備及/或額外勞工保險的費用將由客戶支付。否則，我司有權對此不進行滅蟲管理服務。&lt;/p&gt;\r\n\r\n&lt;p&gt;&amp;nbsp;&lt;/p&gt;\r\n\r\n&lt;p&gt;2.3&amp;nbsp;&amp;nbsp; 本協定的服務範圍不包括視覺上不能查驗、隱蔽或無法到達的地方。&lt;/p&gt;\r\n\r\n&lt;p&gt;&amp;nbsp;&lt;/p&gt;\r\n\r\n&lt;p&gt;2.4&amp;nbsp;&amp;nbsp; 本協定提供之利益只應用於協議所載樓宇、地方或物件。若物業有增建物時，須向我司發出書面通知；否則我司有權對新增建物不提供滅蟲管理服務。&lt;/p&gt;\r\n\r\n&lt;p&gt;&amp;nbsp;&lt;/p&gt;\r\n\r\n&lt;p&gt;2.5&amp;nbsp;&amp;nbsp; 在合約期間，如客戶提前終止合約，在取得我司的同意下，客戶仍須繳付200元人民幣作為行政費用。&lt;/p&gt;\r\n\r\n&lt;p&gt;&amp;nbsp;&lt;/p&gt;\r\n\r\n&lt;p&gt;2.6&amp;nbsp;&amp;nbsp; 在合約期間，如客戶需要搬遷居所，而新的居所面積與合約約定的面積有所分別，現有合約的剩餘價值將轉載於新的合約中。如客戶要求退款的，必須根據2.5的條款方式處理。&lt;/p&gt;\r\n\r\n&lt;p&gt;&amp;nbsp;&lt;/p&gt;\r\n\r\n&lt;p&gt;2.7&amp;nbsp;&amp;nbsp; 焗霧機器可將施藥藥劑直徑控制在30微米左右，藥劑會長時間懸浮于控制區域內。建議保持現場環境的封閉，換氣系統關閉。施藥後1小時後可開窗通風。如因客戶自身原因未達到此要求的，我司不承擔任何責任。&lt;/p&gt;\r\n\r\n&lt;p&gt;&amp;nbsp;&lt;/p&gt;\r\n\r\n&lt;p&gt;2.8&amp;nbsp;&amp;nbsp; 本協定之報價是根據客戶所提供樓面面積資料計算。因此, 當實際治理面積與客戶所述面積有差別時,我司保留調整報價的權利。&lt;/p&gt;\r\n\r\n&lt;p&gt;&amp;nbsp;&lt;/p&gt;\r\n\r\n&lt;p&gt;2.9&amp;nbsp;&amp;nbsp; 若滅蟲服務于獲得客戶確認日期及時間後，因客戶不在/或不能進入樓宇內而導致我司不能進行滅蟲服務，則我司有權收取200元人民幣, 作為誤工之賠償。&lt;/p&gt;\r\n\r\n&lt;p&gt;&amp;nbsp;&lt;/p&gt;\r\n\r\n&lt;p&gt;2.10 我司會以極細心及專業的態度進行滅蟲服務。為了更好的防止任何意外發生; 在治理服務時, 客戶必須確保所有貴重及易碎物品都已妥善保管及擺放好。如確因我司人員過錯造成關於上述物件損毀的索價，其上限為一仟元人民幣或合約約定月服務費的兩倍（以較低金額作準）。&lt;/p&gt;\r\n\r\n&lt;p&gt;&amp;nbsp;&lt;/p&gt;\r\n\r\n&lt;p&gt;2.11 在服務進行期間，我們建議客戶將貴重物品存放在安全的地方。如有需要，請客戶自行觀察我司員工進行工作。&lt;/p&gt;\r\n\r\n&lt;p&gt;&amp;nbsp;&lt;/p&gt;\r\n\r\n&lt;p&gt;2.12 雖然我司使用的殺蟲劑對人類（過敏性體質人群除外）及大部分寵物是非常安全，但對水生動物及部分爬蟲類是有高度的毒性。如有任何魚缸，水族缸或魚池含有該等動物，請在治理前通知我們及/或用濕毛巾及膠布覆蓋所有開口及其過濾系統；否則由此造成的後果我司不予承擔。&lt;/p&gt;\r\n\r\n&lt;p&gt;&amp;nbsp;&lt;/p&gt;\r\n\r\n&lt;p&gt;2.13 一切由蟲害或白蟻或鼠類所引致客戶的任何損害或損失,我司一概無須負責。&lt;/p&gt;\r\n\r\n&lt;p&gt;&amp;nbsp;&lt;/p&gt;\r\n\r\n&lt;p&gt;2.14 本協議履行中發生不可抗力，導致一方無法履行約定義務的，該方應在不可抗力發生後14天內以書面形式通知另一方。如不可抗力結束後，仍存在繼續履行的可能性，應繼續履行本協議。&lt;/p&gt;\r\n\r\n&lt;p&gt;&amp;nbsp;&lt;/p&gt;\r\n\r\n&lt;p&gt;2.15 本報價只適用於蟑螂/跳虱/螞蟻/老鼠/衣魚的一次性服務。&lt;/p&gt;\r\n', '&lt;p&gt;1.&amp;nbsp;&amp;nbsp;&amp;nbsp;&amp;nbsp; 付款條款與合約章則&lt;/p&gt;\r\n\r\n&lt;p&gt;&amp;nbsp;&lt;/p&gt;\r\n\r\n&lt;p&gt;1.1&amp;nbsp; &amp;nbsp; &amp;nbsp;服務協定：於協定簽署後，本協定於所載期間內均具有約束力。&lt;/p&gt;\r\n\r\n&lt;p&gt;&amp;nbsp;&lt;/p&gt;\r\n\r\n&lt;p&gt;1.2&amp;nbsp; &amp;nbsp; &amp;nbsp;付款：&lt;/p&gt;\r\n\r\n&lt;p&gt;&amp;nbsp;&lt;/p&gt;\r\n\r\n&lt;p&gt;1.2.1&amp;nbsp; &amp;nbsp; &amp;nbsp;所有家居服務費用必須要預先支付。我司將于第一次服務時提供正規發票給客戶。付款方式如下：&lt;/p&gt;\r\n\r\n&lt;p&gt;&amp;nbsp;&lt;/p&gt;\r\n\r\n&lt;table border=&quot;0&quot; cellpadding=&quot;0&quot; cellspacing=&quot;0&quot; style=&quot;width:80%&quot;&gt;\r\n	&lt;tbody&gt;\r\n		&lt;tr&gt;\r\n			&lt;td&gt;i. 支付寶&lt;/td&gt;\r\n		&lt;/tr&gt;\r\n		&lt;tr&gt;\r\n			&lt;td&gt;&lt;img alt=&quot;&quot; src=&quot;Public/Uploads/2018-03-02/1519964182.jpg&quot; style=&quot;height:99px; width:100px&quot; /&gt;&lt;/td&gt;\r\n		&lt;/tr&gt;\r\n	&lt;/tbody&gt;\r\n&lt;/table&gt;\r\n\r\n&lt;p&gt;&amp;nbsp;&lt;/p&gt;\r\n\r\n&lt;p&gt;iii.&amp;nbsp;&amp;nbsp;&amp;nbsp; 銀行轉賬:&lt;/p&gt;\r\n\r\n&lt;p&gt;&amp;nbsp; &amp;nbsp; &amp;nbsp; &amp;nbsp; 账户名：佛山史伟莎清洁灭虫服务有限公司福州分公司&lt;/p&gt;\r\n\r\n&lt;p&gt;&amp;nbsp; &amp;nbsp; &amp;nbsp; &amp;nbsp; 开户行：中国银行省分行&lt;/p&gt;\r\n\r\n&lt;p&gt;&amp;nbsp; &amp;nbsp; &amp;nbsp; &amp;nbsp; 账&amp;nbsp; &amp;nbsp;号：4234 7237 9516&lt;/p&gt;\r\n\r\n&lt;p&gt;&amp;nbsp;&lt;/p&gt;\r\n\r\n&lt;p&gt;2.&amp;nbsp;&amp;nbsp;&amp;nbsp;&amp;nbsp; 其他協議條件&lt;/p&gt;\r\n\r\n&lt;p&gt;&amp;nbsp;&lt;/p&gt;\r\n\r\n&lt;p&gt;2.1&amp;nbsp;&amp;nbsp; 我司滅蟲管理服務部負責於本協議內所述之有關地址的室內/室外/範圍內及合約期間內，為所述之昆蟲種類進行防滅/檢查服務。我司作業人員奉行服務第一，顧客至上的原則，以認真負責的態度，確保每次滅蟲服務達到安全、優質、有效的品質標準。所有施工/治理均根據全國衛生檢查機構滅蟲滅害的標準進行。&lt;/p&gt;\r\n\r\n&lt;p&gt;&amp;nbsp;&lt;/p&gt;\r\n\r\n&lt;p&gt;2.2&amp;nbsp;&amp;nbsp; 如需要另行租用安全設備（如高空工作升降臺或鋁合金工作平臺）進行服務的，其租用該設備及/或額外勞工保險的費用將由客戶支付。否則，我司有權對此不進行滅蟲管理服務。&lt;/p&gt;\r\n\r\n&lt;p&gt;&amp;nbsp;&lt;/p&gt;\r\n\r\n&lt;p&gt;2.3&amp;nbsp;&amp;nbsp; 本協定的服務範圍不包括視覺上不能查驗、隱蔽或無法到達的地方。&lt;/p&gt;\r\n\r\n&lt;p&gt;&amp;nbsp;&lt;/p&gt;\r\n\r\n&lt;p&gt;2.4&amp;nbsp;&amp;nbsp; 本協定提供之利益只應用於協議所載樓宇、地方或物件。若物業有增建物時，須向我司發出書面通知；否則我司有權對新增建物不提供滅蟲管理服務。&lt;/p&gt;\r\n\r\n&lt;p&gt;&amp;nbsp;&lt;/p&gt;\r\n\r\n&lt;p&gt;2.5&amp;nbsp;&amp;nbsp; 在合約期間，如客戶提前終止合約，在取得我司的同意下，客戶仍須繳付200元人民幣作為行政費用。&lt;/p&gt;\r\n\r\n&lt;p&gt;&amp;nbsp;&lt;/p&gt;\r\n\r\n&lt;p&gt;2.6&amp;nbsp;&amp;nbsp; 在合約期間，如客戶需要搬遷居所，而新的居所面積與合約約定的面積有所分別，現有合約的剩餘價值將轉載於新的合約中。如客戶要求退款的，必須根據2.5的條款方式處理。&lt;/p&gt;\r\n\r\n&lt;p&gt;&amp;nbsp;&lt;/p&gt;\r\n\r\n&lt;p&gt;2.7&amp;nbsp;&amp;nbsp; 焗霧機器可將施藥藥劑直徑控制在30微米左右，藥劑會長時間懸浮于控制區域內。建議保持現場環境的封閉，換氣系統關閉。施藥後1小時後可開窗通風。如因客戶自身原因未達到此要求的，我司不承擔任何責任。&lt;/p&gt;\r\n\r\n&lt;p&gt;&amp;nbsp;&lt;/p&gt;\r\n\r\n&lt;p&gt;2.8&amp;nbsp;&amp;nbsp; 本協定之報價是根據客戶所提供樓面面積資料計算。因此, 當實際治理面積與客戶所述面積有差別時,我司保留調整報價的權利。&lt;/p&gt;\r\n\r\n&lt;p&gt;&amp;nbsp;&lt;/p&gt;\r\n\r\n&lt;p&gt;2.9&amp;nbsp;&amp;nbsp; 若滅蟲服務于獲得客戶確認日期及時間後，因客戶不在/或不能進入樓宇內而導致我司不能進行滅蟲服務，則我司有權收取200元人民幣, 作為誤工之賠償。&lt;/p&gt;\r\n\r\n&lt;p&gt;&amp;nbsp;&lt;/p&gt;\r\n\r\n&lt;p&gt;2.10 我司會以極細心及專業的態度進行滅蟲服務。為了更好的防止任何意外發生; 在治理服務時, 客戶必須確保所有貴重及易碎物品都已妥善保管及擺放好。如確因我司人員過錯造成關於上述物件損毀的索價，其上限為一仟元人民幣或合約約定月服務費的兩倍（以較低金額作準）。&lt;/p&gt;\r\n\r\n&lt;p&gt;&amp;nbsp;&lt;/p&gt;\r\n\r\n&lt;p&gt;2.11 在服務進行期間，我們建議客戶將貴重物品存放在安全的地方。如有需要，請客戶自行觀察我司員工進行工作。&lt;/p&gt;\r\n\r\n&lt;p&gt;&amp;nbsp;&lt;/p&gt;\r\n\r\n&lt;p&gt;2.12 雖然我司使用的殺蟲劑對人類（過敏性體質人群除外）及大部分寵物是非常安全，但對水生動物及部分爬蟲類是有高度的毒性。如有任何魚缸，水族缸或魚池含有該等動物，請在治理前通知我們及/或用濕毛巾及膠布覆蓋所有開口及其過濾系統；否則由此造成的後果我司不予承擔。&lt;/p&gt;\r\n\r\n&lt;p&gt;&amp;nbsp;&lt;/p&gt;\r\n\r\n&lt;p&gt;2.13 一切由蟲害或白蟻或鼠類所引致客戶的任何損害或損失,我司一概無須負責。&lt;/p&gt;\r\n\r\n&lt;p&gt;&amp;nbsp;&lt;/p&gt;\r\n\r\n&lt;p&gt;2.14 本協議履行中發生不可抗力，導致一方無法履行約定義務的，該方應在不可抗力發生後14天內以書面形式通知另一方。如不可抗力結束後，仍存在繼續履行的可能性，應繼續履行本協議。&lt;/p&gt;\r\n\r\n&lt;p&gt;&amp;nbsp;&lt;/p&gt;\r\n\r\n&lt;p&gt;2.15 本報價只適用於蟑螂/跳虱/螞蟻/老鼠/衣魚的一次性服務。&lt;/p&gt;\r\n');
INSERT INTO `quote_city` (`id`, `region_id`, `city_name`, `city_name_tw`, `city_name_us`, `z_index`, `other_open`, `other_price`, `currency_type`, `b_unit`, `company`, `company_tw`, `company_us`, `seal`, `terms`, `terms_tw`, `terms_us`) VALUES
(34, 3, '上海', '上海', 'Shanghai', 9, 1, '200', 'RMB', 'mi', '上海史伟莎清洁灭虫服务有限公司', '上海史伟莎清洁灭虫服务有限公司', '上海史伟莎清洁灭虫服务有限公司', 'Public/Uploads/2018-03-02/1519963951.png', '&lt;p&gt;1.&amp;nbsp;&amp;nbsp;&amp;nbsp;&amp;nbsp; 付款條款與合約章則&lt;/p&gt;\r\n\r\n&lt;p&gt;&amp;nbsp;&lt;/p&gt;\r\n\r\n&lt;p&gt;1.1&amp;nbsp; &amp;nbsp; &amp;nbsp;服務協定：於協定簽署後，本協定於所載期間內均具有約束力。&lt;/p&gt;\r\n\r\n&lt;p&gt;&amp;nbsp;&lt;/p&gt;\r\n\r\n&lt;p&gt;1.2&amp;nbsp; &amp;nbsp; &amp;nbsp;付款：&lt;/p&gt;\r\n\r\n&lt;p&gt;&amp;nbsp;&lt;/p&gt;\r\n\r\n&lt;p&gt;1.2.1&amp;nbsp; &amp;nbsp; &amp;nbsp;所有家居服務費用必須要預先支付。我司將于第一次服務時提供正規發票給客戶。付款方式如下：&lt;/p&gt;\r\n\r\n&lt;p&gt;&amp;nbsp;&lt;/p&gt;\r\n\r\n&lt;table border=&quot;0&quot; cellpadding=&quot;0&quot; cellspacing=&quot;0&quot; style=&quot;width:90%&quot;&gt;\r\n	&lt;tbody&gt;\r\n		&lt;tr&gt;\r\n			&lt;td&gt;i. 支付寶&lt;/td&gt;\r\n		&lt;/tr&gt;\r\n		&lt;tr&gt;\r\n			&lt;td&gt;&lt;img alt=&quot;&quot; src=&quot;Public/Uploads/2018-03-02/1519963899.jpg&quot; style=&quot;height:100px; width:100px&quot; /&gt;&lt;/td&gt;\r\n		&lt;/tr&gt;\r\n	&lt;/tbody&gt;\r\n&lt;/table&gt;\r\n\r\n&lt;p&gt;&amp;nbsp;&lt;/p&gt;\r\n\r\n&lt;p&gt;iii.&amp;nbsp;&amp;nbsp;&amp;nbsp; 銀行轉賬:&lt;/p&gt;\r\n\r\n&lt;p&gt;&amp;nbsp; &amp;nbsp; &amp;nbsp; &amp;nbsp; 账户名：上海史伟莎清洁灭虫服务有限公司&lt;/p&gt;\r\n\r\n&lt;p&gt;&amp;nbsp; &amp;nbsp; &amp;nbsp; &amp;nbsp; 开户行：工商银行漕河泾开发区支行&lt;/p&gt;\r\n\r\n&lt;p&gt;&amp;nbsp; &amp;nbsp; &amp;nbsp; &amp;nbsp; 账&amp;nbsp; &amp;nbsp;号：1001 2663 1920 0291 749&lt;/p&gt;\r\n\r\n&lt;p&gt;&amp;nbsp;&lt;/p&gt;\r\n\r\n&lt;p&gt;2.&amp;nbsp;&amp;nbsp;&amp;nbsp;&amp;nbsp; 其他協議條件&lt;/p&gt;\r\n\r\n&lt;p&gt;&amp;nbsp;&lt;/p&gt;\r\n\r\n&lt;p&gt;2.1&amp;nbsp;&amp;nbsp; 我司滅蟲管理服務部負責於本協議內所述之有關地址的室內/室外/範圍內及合約期間內，為所述之昆蟲種類進行防滅/檢查服務。我司作業人員奉行服務第一，顧客至上的原則，以認真負責的態度，確保每次滅蟲服務達到安全、優質、有效的品質標準。所有施工/治理均根據全國衛生檢查機構滅蟲滅害的標準進行。&lt;/p&gt;\r\n\r\n&lt;p&gt;&amp;nbsp;&lt;/p&gt;\r\n\r\n&lt;p&gt;2.2&amp;nbsp;&amp;nbsp; 如需要另行租用安全設備（如高空工作升降臺或鋁合金工作平臺）進行服務的，其租用該設備及/或額外勞工保險的費用將由客戶支付。否則，我司有權對此不進行滅蟲管理服務。&lt;/p&gt;\r\n\r\n&lt;p&gt;&amp;nbsp;&lt;/p&gt;\r\n\r\n&lt;p&gt;2.3&amp;nbsp;&amp;nbsp; 本協定的服務範圍不包括視覺上不能查驗、隱蔽或無法到達的地方。&lt;/p&gt;\r\n\r\n&lt;p&gt;&amp;nbsp;&lt;/p&gt;\r\n\r\n&lt;p&gt;2.4&amp;nbsp;&amp;nbsp; 本協定提供之利益只應用於協議所載樓宇、地方或物件。若物業有增建物時，須向我司發出書面通知；否則我司有權對新增建物不提供滅蟲管理服務。&lt;/p&gt;\r\n\r\n&lt;p&gt;&amp;nbsp;&lt;/p&gt;\r\n\r\n&lt;p&gt;2.5&amp;nbsp;&amp;nbsp; 在合約期間，如客戶提前終止合約，在取得我司的同意下，客戶仍須繳付200元人民幣作為行政費用。&lt;/p&gt;\r\n\r\n&lt;p&gt;&amp;nbsp;&lt;/p&gt;\r\n\r\n&lt;p&gt;2.6&amp;nbsp;&amp;nbsp; 在合約期間，如客戶需要搬遷居所，而新的居所面積與合約約定的面積有所分別，現有合約的剩餘價值將轉載於新的合約中。如客戶要求退款的，必須根據2.5的條款方式處理。&lt;/p&gt;\r\n\r\n&lt;p&gt;&amp;nbsp;&lt;/p&gt;\r\n\r\n&lt;p&gt;2.7&amp;nbsp;&amp;nbsp; 焗霧機器可將施藥藥劑直徑控制在30微米左右，藥劑會長時間懸浮于控制區域內。建議保持現場環境的封閉，換氣系統關閉。施藥後1小時後可開窗通風。如因客戶自身原因未達到此要求的，我司不承擔任何責任。&lt;/p&gt;\r\n\r\n&lt;p&gt;&amp;nbsp;&lt;/p&gt;\r\n\r\n&lt;p&gt;2.8&amp;nbsp;&amp;nbsp; 本協定之報價是根據客戶所提供樓面面積資料計算。因此, 當實際治理面積與客戶所述面積有差別時,我司保留調整報價的權利。&lt;/p&gt;\r\n\r\n&lt;p&gt;&amp;nbsp;&lt;/p&gt;\r\n\r\n&lt;p&gt;2.9&amp;nbsp;&amp;nbsp; 若滅蟲服務于獲得客戶確認日期及時間後，因客戶不在/或不能進入樓宇內而導致我司不能進行滅蟲服務，則我司有權收取200元人民幣, 作為誤工之賠償。&lt;/p&gt;\r\n\r\n&lt;p&gt;&amp;nbsp;&lt;/p&gt;\r\n\r\n&lt;p&gt;2.10 我司會以極細心及專業的態度進行滅蟲服務。為了更好的防止任何意外發生; 在治理服務時, 客戶必須確保所有貴重及易碎物品都已妥善保管及擺放好。如確因我司人員過錯造成關於上述物件損毀的索價，其上限為一仟元人民幣或合約約定月服務費的兩倍（以較低金額作準）。&lt;/p&gt;\r\n\r\n&lt;p&gt;&amp;nbsp;&lt;/p&gt;\r\n\r\n&lt;p&gt;2.11 在服務進行期間，我們建議客戶將貴重物品存放在安全的地方。如有需要，請客戶自行觀察我司員工進行工作。&lt;/p&gt;\r\n\r\n&lt;p&gt;&amp;nbsp;&lt;/p&gt;\r\n\r\n&lt;p&gt;2.12 雖然我司使用的殺蟲劑對人類（過敏性體質人群除外）及大部分寵物是非常安全，但對水生動物及部分爬蟲類是有高度的毒性。如有任何魚缸，水族缸或魚池含有該等動物，請在治理前通知我們及/或用濕毛巾及膠布覆蓋所有開口及其過濾系統；否則由此造成的後果我司不予承擔。&lt;/p&gt;\r\n\r\n&lt;p&gt;&amp;nbsp;&lt;/p&gt;\r\n\r\n&lt;p&gt;2.13 一切由蟲害或白蟻或鼠類所引致客戶的任何損害或損失,我司一概無須負責。&lt;/p&gt;\r\n\r\n&lt;p&gt;&amp;nbsp;&lt;/p&gt;\r\n\r\n&lt;p&gt;2.14 本協議履行中發生不可抗力，導致一方無法履行約定義務的，該方應在不可抗力發生後14天內以書面形式通知另一方。如不可抗力結束後，仍存在繼續履行的可能性，應繼續履行本協議。&lt;/p&gt;\r\n\r\n&lt;p&gt;&amp;nbsp;&lt;/p&gt;\r\n\r\n&lt;p&gt;2.15 本報價只適用於蟑螂/跳虱/螞蟻/老鼠/衣魚的一次性服務。&lt;/p&gt;\r\n', '&lt;p&gt;1.&amp;nbsp;&amp;nbsp;&amp;nbsp;&amp;nbsp; 付款條款與合約章則&lt;/p&gt;\r\n\r\n&lt;p&gt;&amp;nbsp;&lt;/p&gt;\r\n\r\n&lt;p&gt;1.1&amp;nbsp; &amp;nbsp; &amp;nbsp;服務協定：於協定簽署後，本協定於所載期間內均具有約束力。&lt;/p&gt;\r\n\r\n&lt;p&gt;&amp;nbsp;&lt;/p&gt;\r\n\r\n&lt;p&gt;1.2&amp;nbsp; &amp;nbsp; &amp;nbsp;付款：&lt;/p&gt;\r\n\r\n&lt;p&gt;&amp;nbsp;&lt;/p&gt;\r\n\r\n&lt;p&gt;1.2.1&amp;nbsp; &amp;nbsp; &amp;nbsp;所有家居服務費用必須要預先支付。我司將于第一次服務時提供正規發票給客戶。付款方式如下：&lt;/p&gt;\r\n\r\n&lt;p&gt;&amp;nbsp;&lt;/p&gt;\r\n\r\n&lt;table border=&quot;0&quot; cellpadding=&quot;0&quot; cellspacing=&quot;0&quot; style=&quot;width:90%&quot;&gt;\r\n	&lt;tbody&gt;\r\n		&lt;tr&gt;\r\n			&lt;td&gt;i. 支付寶&lt;/td&gt;\r\n		&lt;/tr&gt;\r\n		&lt;tr&gt;\r\n			&lt;td&gt;&lt;img alt=&quot;&quot; src=&quot;Public/Uploads/2018-03-02/1519963899.jpg&quot; style=&quot;height:100px; width:100px&quot; /&gt;&lt;/td&gt;\r\n		&lt;/tr&gt;\r\n	&lt;/tbody&gt;\r\n&lt;/table&gt;\r\n\r\n&lt;p&gt;&amp;nbsp;&lt;/p&gt;\r\n\r\n&lt;p&gt;iii.&amp;nbsp;&amp;nbsp;&amp;nbsp; 銀行轉賬:&lt;/p&gt;\r\n\r\n&lt;p&gt;&amp;nbsp; &amp;nbsp; &amp;nbsp; &amp;nbsp; 账户名：上海史伟莎清洁灭虫服务有限公司&lt;/p&gt;\r\n\r\n&lt;p&gt;&amp;nbsp; &amp;nbsp; &amp;nbsp; &amp;nbsp; 开户行：工商银行漕河泾开发区支行&lt;/p&gt;\r\n\r\n&lt;p&gt;&amp;nbsp; &amp;nbsp; &amp;nbsp; &amp;nbsp; 账&amp;nbsp; &amp;nbsp;号：1001 2663 1920 0291 749&lt;/p&gt;\r\n\r\n&lt;p&gt;&amp;nbsp;&lt;/p&gt;\r\n\r\n&lt;p&gt;2.&amp;nbsp;&amp;nbsp;&amp;nbsp;&amp;nbsp; 其他協議條件&lt;/p&gt;\r\n\r\n&lt;p&gt;&amp;nbsp;&lt;/p&gt;\r\n\r\n&lt;p&gt;2.1&amp;nbsp;&amp;nbsp; 我司滅蟲管理服務部負責於本協議內所述之有關地址的室內/室外/範圍內及合約期間內，為所述之昆蟲種類進行防滅/檢查服務。我司作業人員奉行服務第一，顧客至上的原則，以認真負責的態度，確保每次滅蟲服務達到安全、優質、有效的品質標準。所有施工/治理均根據全國衛生檢查機構滅蟲滅害的標準進行。&lt;/p&gt;\r\n\r\n&lt;p&gt;&amp;nbsp;&lt;/p&gt;\r\n\r\n&lt;p&gt;2.2&amp;nbsp;&amp;nbsp; 如需要另行租用安全設備（如高空工作升降臺或鋁合金工作平臺）進行服務的，其租用該設備及/或額外勞工保險的費用將由客戶支付。否則，我司有權對此不進行滅蟲管理服務。&lt;/p&gt;\r\n\r\n&lt;p&gt;&amp;nbsp;&lt;/p&gt;\r\n\r\n&lt;p&gt;2.3&amp;nbsp;&amp;nbsp; 本協定的服務範圍不包括視覺上不能查驗、隱蔽或無法到達的地方。&lt;/p&gt;\r\n\r\n&lt;p&gt;&amp;nbsp;&lt;/p&gt;\r\n\r\n&lt;p&gt;2.4&amp;nbsp;&amp;nbsp; 本協定提供之利益只應用於協議所載樓宇、地方或物件。若物業有增建物時，須向我司發出書面通知；否則我司有權對新增建物不提供滅蟲管理服務。&lt;/p&gt;\r\n\r\n&lt;p&gt;&amp;nbsp;&lt;/p&gt;\r\n\r\n&lt;p&gt;2.5&amp;nbsp;&amp;nbsp; 在合約期間，如客戶提前終止合約，在取得我司的同意下，客戶仍須繳付200元人民幣作為行政費用。&lt;/p&gt;\r\n\r\n&lt;p&gt;&amp;nbsp;&lt;/p&gt;\r\n\r\n&lt;p&gt;2.6&amp;nbsp;&amp;nbsp; 在合約期間，如客戶需要搬遷居所，而新的居所面積與合約約定的面積有所分別，現有合約的剩餘價值將轉載於新的合約中。如客戶要求退款的，必須根據2.5的條款方式處理。&lt;/p&gt;\r\n\r\n&lt;p&gt;&amp;nbsp;&lt;/p&gt;\r\n\r\n&lt;p&gt;2.7&amp;nbsp;&amp;nbsp; 焗霧機器可將施藥藥劑直徑控制在30微米左右，藥劑會長時間懸浮于控制區域內。建議保持現場環境的封閉，換氣系統關閉。施藥後1小時後可開窗通風。如因客戶自身原因未達到此要求的，我司不承擔任何責任。&lt;/p&gt;\r\n\r\n&lt;p&gt;&amp;nbsp;&lt;/p&gt;\r\n\r\n&lt;p&gt;2.8&amp;nbsp;&amp;nbsp; 本協定之報價是根據客戶所提供樓面面積資料計算。因此, 當實際治理面積與客戶所述面積有差別時,我司保留調整報價的權利。&lt;/p&gt;\r\n\r\n&lt;p&gt;&amp;nbsp;&lt;/p&gt;\r\n\r\n&lt;p&gt;2.9&amp;nbsp;&amp;nbsp; 若滅蟲服務于獲得客戶確認日期及時間後，因客戶不在/或不能進入樓宇內而導致我司不能進行滅蟲服務，則我司有權收取200元人民幣, 作為誤工之賠償。&lt;/p&gt;\r\n\r\n&lt;p&gt;&amp;nbsp;&lt;/p&gt;\r\n\r\n&lt;p&gt;2.10 我司會以極細心及專業的態度進行滅蟲服務。為了更好的防止任何意外發生; 在治理服務時, 客戶必須確保所有貴重及易碎物品都已妥善保管及擺放好。如確因我司人員過錯造成關於上述物件損毀的索價，其上限為一仟元人民幣或合約約定月服務費的兩倍（以較低金額作準）。&lt;/p&gt;\r\n\r\n&lt;p&gt;&amp;nbsp;&lt;/p&gt;\r\n\r\n&lt;p&gt;2.11 在服務進行期間，我們建議客戶將貴重物品存放在安全的地方。如有需要，請客戶自行觀察我司員工進行工作。&lt;/p&gt;\r\n\r\n&lt;p&gt;&amp;nbsp;&lt;/p&gt;\r\n\r\n&lt;p&gt;2.12 雖然我司使用的殺蟲劑對人類（過敏性體質人群除外）及大部分寵物是非常安全，但對水生動物及部分爬蟲類是有高度的毒性。如有任何魚缸，水族缸或魚池含有該等動物，請在治理前通知我們及/或用濕毛巾及膠布覆蓋所有開口及其過濾系統；否則由此造成的後果我司不予承擔。&lt;/p&gt;\r\n\r\n&lt;p&gt;&amp;nbsp;&lt;/p&gt;\r\n\r\n&lt;p&gt;2.13 一切由蟲害或白蟻或鼠類所引致客戶的任何損害或損失,我司一概無須負責。&lt;/p&gt;\r\n\r\n&lt;p&gt;&amp;nbsp;&lt;/p&gt;\r\n\r\n&lt;p&gt;2.14 本協議履行中發生不可抗力，導致一方無法履行約定義務的，該方應在不可抗力發生後14天內以書面形式通知另一方。如不可抗力結束後，仍存在繼續履行的可能性，應繼續履行本協議。&lt;/p&gt;\r\n\r\n&lt;p&gt;&amp;nbsp;&lt;/p&gt;\r\n\r\n&lt;p&gt;2.15 本報價只適用於蟑螂/跳虱/螞蟻/老鼠/衣魚的一次性服務。&lt;/p&gt;\r\n', '&lt;p&gt;1.&amp;nbsp;&amp;nbsp;&amp;nbsp;&amp;nbsp; 付款條款與合約章則&lt;/p&gt;\r\n\r\n&lt;p&gt;&amp;nbsp;&lt;/p&gt;\r\n\r\n&lt;p&gt;1.1&amp;nbsp; &amp;nbsp; &amp;nbsp;服務協定：於協定簽署後，本協定於所載期間內均具有約束力。&lt;/p&gt;\r\n\r\n&lt;p&gt;&amp;nbsp;&lt;/p&gt;\r\n\r\n&lt;p&gt;1.2&amp;nbsp; &amp;nbsp; &amp;nbsp;付款：&lt;/p&gt;\r\n\r\n&lt;p&gt;&amp;nbsp;&lt;/p&gt;\r\n\r\n&lt;p&gt;1.2.1&amp;nbsp; &amp;nbsp; &amp;nbsp;所有家居服務費用必須要預先支付。我司將于第一次服務時提供正規發票給客戶。付款方式如下：&lt;/p&gt;\r\n\r\n&lt;p&gt;&amp;nbsp;&lt;/p&gt;\r\n\r\n&lt;table border=&quot;0&quot; cellpadding=&quot;0&quot; cellspacing=&quot;0&quot; style=&quot;width:90%&quot;&gt;\r\n	&lt;tbody&gt;\r\n		&lt;tr&gt;\r\n			&lt;td&gt;i. 支付寶&lt;/td&gt;\r\n		&lt;/tr&gt;\r\n		&lt;tr&gt;\r\n			&lt;td&gt;&lt;img alt=&quot;&quot; src=&quot;Public/Uploads/2018-03-02/1519963899.jpg&quot; style=&quot;height:100px; width:100px&quot; /&gt;&lt;/td&gt;\r\n		&lt;/tr&gt;\r\n	&lt;/tbody&gt;\r\n&lt;/table&gt;\r\n\r\n&lt;p&gt;&amp;nbsp;&lt;/p&gt;\r\n\r\n&lt;p&gt;iii.&amp;nbsp;&amp;nbsp;&amp;nbsp; 銀行轉賬:&lt;/p&gt;\r\n\r\n&lt;p&gt;&amp;nbsp; &amp;nbsp; &amp;nbsp; &amp;nbsp; 账户名：上海史伟莎清洁灭虫服务有限公司&lt;/p&gt;\r\n\r\n&lt;p&gt;&amp;nbsp; &amp;nbsp; &amp;nbsp; &amp;nbsp; 开户行：工商银行漕河泾开发区支行&lt;/p&gt;\r\n\r\n&lt;p&gt;&amp;nbsp; &amp;nbsp; &amp;nbsp; &amp;nbsp; 账&amp;nbsp; &amp;nbsp;号：1001 2663 1920 0291 749&lt;/p&gt;\r\n\r\n&lt;p&gt;&amp;nbsp;&lt;/p&gt;\r\n\r\n&lt;p&gt;2.&amp;nbsp;&amp;nbsp;&amp;nbsp;&amp;nbsp; 其他協議條件&lt;/p&gt;\r\n\r\n&lt;p&gt;&amp;nbsp;&lt;/p&gt;\r\n\r\n&lt;p&gt;2.1&amp;nbsp;&amp;nbsp; 我司滅蟲管理服務部負責於本協議內所述之有關地址的室內/室外/範圍內及合約期間內，為所述之昆蟲種類進行防滅/檢查服務。我司作業人員奉行服務第一，顧客至上的原則，以認真負責的態度，確保每次滅蟲服務達到安全、優質、有效的品質標準。所有施工/治理均根據全國衛生檢查機構滅蟲滅害的標準進行。&lt;/p&gt;\r\n\r\n&lt;p&gt;&amp;nbsp;&lt;/p&gt;\r\n\r\n&lt;p&gt;2.2&amp;nbsp;&amp;nbsp; 如需要另行租用安全設備（如高空工作升降臺或鋁合金工作平臺）進行服務的，其租用該設備及/或額外勞工保險的費用將由客戶支付。否則，我司有權對此不進行滅蟲管理服務。&lt;/p&gt;\r\n\r\n&lt;p&gt;&amp;nbsp;&lt;/p&gt;\r\n\r\n&lt;p&gt;2.3&amp;nbsp;&amp;nbsp; 本協定的服務範圍不包括視覺上不能查驗、隱蔽或無法到達的地方。&lt;/p&gt;\r\n\r\n&lt;p&gt;&amp;nbsp;&lt;/p&gt;\r\n\r\n&lt;p&gt;2.4&amp;nbsp;&amp;nbsp; 本協定提供之利益只應用於協議所載樓宇、地方或物件。若物業有增建物時，須向我司發出書面通知；否則我司有權對新增建物不提供滅蟲管理服務。&lt;/p&gt;\r\n\r\n&lt;p&gt;&amp;nbsp;&lt;/p&gt;\r\n\r\n&lt;p&gt;2.5&amp;nbsp;&amp;nbsp; 在合約期間，如客戶提前終止合約，在取得我司的同意下，客戶仍須繳付200元人民幣作為行政費用。&lt;/p&gt;\r\n\r\n&lt;p&gt;&amp;nbsp;&lt;/p&gt;\r\n\r\n&lt;p&gt;2.6&amp;nbsp;&amp;nbsp; 在合約期間，如客戶需要搬遷居所，而新的居所面積與合約約定的面積有所分別，現有合約的剩餘價值將轉載於新的合約中。如客戶要求退款的，必須根據2.5的條款方式處理。&lt;/p&gt;\r\n\r\n&lt;p&gt;&amp;nbsp;&lt;/p&gt;\r\n\r\n&lt;p&gt;2.7&amp;nbsp;&amp;nbsp; 焗霧機器可將施藥藥劑直徑控制在30微米左右，藥劑會長時間懸浮于控制區域內。建議保持現場環境的封閉，換氣系統關閉。施藥後1小時後可開窗通風。如因客戶自身原因未達到此要求的，我司不承擔任何責任。&lt;/p&gt;\r\n\r\n&lt;p&gt;&amp;nbsp;&lt;/p&gt;\r\n\r\n&lt;p&gt;2.8&amp;nbsp;&amp;nbsp; 本協定之報價是根據客戶所提供樓面面積資料計算。因此, 當實際治理面積與客戶所述面積有差別時,我司保留調整報價的權利。&lt;/p&gt;\r\n\r\n&lt;p&gt;&amp;nbsp;&lt;/p&gt;\r\n\r\n&lt;p&gt;2.9&amp;nbsp;&amp;nbsp; 若滅蟲服務于獲得客戶確認日期及時間後，因客戶不在/或不能進入樓宇內而導致我司不能進行滅蟲服務，則我司有權收取200元人民幣, 作為誤工之賠償。&lt;/p&gt;\r\n\r\n&lt;p&gt;&amp;nbsp;&lt;/p&gt;\r\n\r\n&lt;p&gt;2.10 我司會以極細心及專業的態度進行滅蟲服務。為了更好的防止任何意外發生; 在治理服務時, 客戶必須確保所有貴重及易碎物品都已妥善保管及擺放好。如確因我司人員過錯造成關於上述物件損毀的索價，其上限為一仟元人民幣或合約約定月服務費的兩倍（以較低金額作準）。&lt;/p&gt;\r\n\r\n&lt;p&gt;&amp;nbsp;&lt;/p&gt;\r\n\r\n&lt;p&gt;2.11 在服務進行期間，我們建議客戶將貴重物品存放在安全的地方。如有需要，請客戶自行觀察我司員工進行工作。&lt;/p&gt;\r\n\r\n&lt;p&gt;&amp;nbsp;&lt;/p&gt;\r\n\r\n&lt;p&gt;2.12 雖然我司使用的殺蟲劑對人類（過敏性體質人群除外）及大部分寵物是非常安全，但對水生動物及部分爬蟲類是有高度的毒性。如有任何魚缸，水族缸或魚池含有該等動物，請在治理前通知我們及/或用濕毛巾及膠布覆蓋所有開口及其過濾系統；否則由此造成的後果我司不予承擔。&lt;/p&gt;\r\n\r\n&lt;p&gt;&amp;nbsp;&lt;/p&gt;\r\n\r\n&lt;p&gt;2.13 一切由蟲害或白蟻或鼠類所引致客戶的任何損害或損失,我司一概無須負責。&lt;/p&gt;\r\n\r\n&lt;p&gt;&amp;nbsp;&lt;/p&gt;\r\n\r\n&lt;p&gt;2.14 本協議履行中發生不可抗力，導致一方無法履行約定義務的，該方應在不可抗力發生後14天內以書面形式通知另一方。如不可抗力結束後，仍存在繼續履行的可能性，應繼續履行本協議。&lt;/p&gt;\r\n\r\n&lt;p&gt;&amp;nbsp;&lt;/p&gt;\r\n\r\n&lt;p&gt;2.15 本報價只適用於蟑螂/跳虱/螞蟻/老鼠/衣魚的一次性服務。&lt;/p&gt;\r\n'),
(35, 3, '南京', '南京', 'Nanjing', 10, 1, '150', 'RMB', 'mi', '南京史伟莎环保科技有限公司', '南京史伟莎环保科技有限公司', '南京史伟莎环保科技有限公司', 'Public/Uploads/2018-03-02/1519961852.png', '&lt;p&gt;1.&amp;nbsp;&amp;nbsp;&amp;nbsp;&amp;nbsp; 付款條款與合約章則&lt;/p&gt;\r\n\r\n&lt;p&gt;&amp;nbsp;&lt;/p&gt;\r\n\r\n&lt;p&gt;1.1&amp;nbsp; &amp;nbsp; &amp;nbsp;服務協定：於協定簽署後，本協定於所載期間內均具有約束力。&lt;/p&gt;\r\n\r\n&lt;p&gt;&amp;nbsp;&lt;/p&gt;\r\n\r\n&lt;p&gt;1.2&amp;nbsp; &amp;nbsp; &amp;nbsp;付款：&lt;/p&gt;\r\n\r\n&lt;p&gt;&amp;nbsp;&lt;/p&gt;\r\n\r\n&lt;p&gt;1.2.1&amp;nbsp; &amp;nbsp; &amp;nbsp;所有家居服務費用必須要預先支付。我司將于第一次服務時提供正規發票給客戶。付款方式如下：&lt;/p&gt;\r\n\r\n&lt;p&gt;&amp;nbsp;&lt;/p&gt;\r\n\r\n&lt;table border=&quot;0&quot; cellpadding=&quot;0&quot; cellspacing=&quot;0&quot; style=&quot;width:80%&quot;&gt;\r\n	&lt;tbody&gt;\r\n		&lt;tr&gt;\r\n			&lt;td&gt;i. 支付寶&lt;/td&gt;\r\n		&lt;/tr&gt;\r\n		&lt;tr&gt;\r\n			&lt;td&gt;&lt;img alt=&quot;&quot; src=&quot;Public/Uploads/2018-03-02/1519961789.jpg&quot; style=&quot;height:100px; width:100px&quot; /&gt;&lt;/td&gt;\r\n		&lt;/tr&gt;\r\n	&lt;/tbody&gt;\r\n&lt;/table&gt;\r\n\r\n&lt;p&gt;&amp;nbsp;&lt;/p&gt;\r\n\r\n&lt;p&gt;iii.&amp;nbsp;&amp;nbsp;&amp;nbsp; 銀行轉賬:&lt;/p&gt;\r\n\r\n&lt;p&gt;&amp;nbsp; &amp;nbsp; &amp;nbsp; &amp;nbsp; 账户名：南京史伟莎环保科技有限公司&lt;/p&gt;\r\n\r\n&lt;p&gt;&amp;nbsp; &amp;nbsp; &amp;nbsp; &amp;nbsp; 开户行：工行南京城东支行&lt;/p&gt;\r\n\r\n&lt;p&gt;&amp;nbsp; &amp;nbsp; &amp;nbsp; &amp;nbsp; 账&amp;nbsp; &amp;nbsp;号：4301 0120 1900 2874 855&lt;/p&gt;\r\n\r\n&lt;p&gt;&amp;nbsp;&lt;/p&gt;\r\n\r\n&lt;p&gt;2.&amp;nbsp;&amp;nbsp;&amp;nbsp;&amp;nbsp; 其他協議條件&lt;/p&gt;\r\n\r\n&lt;p&gt;&amp;nbsp;&lt;/p&gt;\r\n\r\n&lt;p&gt;2.1&amp;nbsp;&amp;nbsp; 我司滅蟲管理服務部負責於本協議內所述之有關地址的室內/室外/範圍內及合約期間內，為所述之昆蟲種類進行防滅/檢查服務。我司作業人員奉行服務第一，顧客至上的原則，以認真負責的態度，確保每次滅蟲服務達到安全、優質、有效的品質標準。所有施工/治理均根據全國衛生檢查機構滅蟲滅害的標準進行。&lt;/p&gt;\r\n\r\n&lt;p&gt;&amp;nbsp;&lt;/p&gt;\r\n\r\n&lt;p&gt;2.2&amp;nbsp;&amp;nbsp; 如需要另行租用安全設備（如高空工作升降臺或鋁合金工作平臺）進行服務的，其租用該設備及/或額外勞工保險的費用將由客戶支付。否則，我司有權對此不進行滅蟲管理服務。&lt;/p&gt;\r\n\r\n&lt;p&gt;&amp;nbsp;&lt;/p&gt;\r\n\r\n&lt;p&gt;2.3&amp;nbsp;&amp;nbsp; 本協定的服務範圍不包括視覺上不能查驗、隱蔽或無法到達的地方。&lt;/p&gt;\r\n\r\n&lt;p&gt;&amp;nbsp;&lt;/p&gt;\r\n\r\n&lt;p&gt;2.4&amp;nbsp;&amp;nbsp; 本協定提供之利益只應用於協議所載樓宇、地方或物件。若物業有增建物時，須向我司發出書面通知；否則我司有權對新增建物不提供滅蟲管理服務。&lt;/p&gt;\r\n\r\n&lt;p&gt;&amp;nbsp;&lt;/p&gt;\r\n\r\n&lt;p&gt;2.5&amp;nbsp;&amp;nbsp; 在合約期間，如客戶提前終止合約，在取得我司的同意下，客戶仍須繳付200元人民幣作為行政費用。&lt;/p&gt;\r\n\r\n&lt;p&gt;&amp;nbsp;&lt;/p&gt;\r\n\r\n&lt;p&gt;2.6&amp;nbsp;&amp;nbsp; 在合約期間，如客戶需要搬遷居所，而新的居所面積與合約約定的面積有所分別，現有合約的剩餘價值將轉載於新的合約中。如客戶要求退款的，必須根據2.5的條款方式處理。&lt;/p&gt;\r\n\r\n&lt;p&gt;&amp;nbsp;&lt;/p&gt;\r\n\r\n&lt;p&gt;2.7&amp;nbsp;&amp;nbsp; 焗霧機器可將施藥藥劑直徑控制在30微米左右，藥劑會長時間懸浮于控制區域內。建議保持現場環境的封閉，換氣系統關閉。施藥後1小時後可開窗通風。如因客戶自身原因未達到此要求的，我司不承擔任何責任。&lt;/p&gt;\r\n\r\n&lt;p&gt;&amp;nbsp;&lt;/p&gt;\r\n\r\n&lt;p&gt;2.8&amp;nbsp;&amp;nbsp; 本協定之報價是根據客戶所提供樓面面積資料計算。因此, 當實際治理面積與客戶所述面積有差別時,我司保留調整報價的權利。&lt;/p&gt;\r\n\r\n&lt;p&gt;&amp;nbsp;&lt;/p&gt;\r\n\r\n&lt;p&gt;2.9&amp;nbsp;&amp;nbsp; 若滅蟲服務于獲得客戶確認日期及時間後，因客戶不在/或不能進入樓宇內而導致我司不能進行滅蟲服務，則我司有權收取200元人民幣, 作為誤工之賠償。&lt;/p&gt;\r\n\r\n&lt;p&gt;&amp;nbsp;&lt;/p&gt;\r\n\r\n&lt;p&gt;2.10 我司會以極細心及專業的態度進行滅蟲服務。為了更好的防止任何意外發生; 在治理服務時, 客戶必須確保所有貴重及易碎物品都已妥善保管及擺放好。如確因我司人員過錯造成關於上述物件損毀的索價，其上限為一仟元人民幣或合約約定月服務費的兩倍（以較低金額作準）。&lt;/p&gt;\r\n\r\n&lt;p&gt;&amp;nbsp;&lt;/p&gt;\r\n\r\n&lt;p&gt;2.11 在服務進行期間，我們建議客戶將貴重物品存放在安全的地方。如有需要，請客戶自行觀察我司員工進行工作。&lt;/p&gt;\r\n\r\n&lt;p&gt;&amp;nbsp;&lt;/p&gt;\r\n\r\n&lt;p&gt;2.12 雖然我司使用的殺蟲劑對人類（過敏性體質人群除外）及大部分寵物是非常安全，但對水生動物及部分爬蟲類是有高度的毒性。如有任何魚缸，水族缸或魚池含有該等動物，請在治理前通知我們及/或用濕毛巾及膠布覆蓋所有開口及其過濾系統；否則由此造成的後果我司不予承擔。&lt;/p&gt;\r\n\r\n&lt;p&gt;&amp;nbsp;&lt;/p&gt;\r\n\r\n&lt;p&gt;2.13 一切由蟲害或白蟻或鼠類所引致客戶的任何損害或損失,我司一概無須負責。&lt;/p&gt;\r\n\r\n&lt;p&gt;&amp;nbsp;&lt;/p&gt;\r\n\r\n&lt;p&gt;2.14 本協議履行中發生不可抗力，導致一方無法履行約定義務的，該方應在不可抗力發生後14天內以書面形式通知另一方。如不可抗力結束後，仍存在繼續履行的可能性，應繼續履行本協議。&lt;/p&gt;\r\n\r\n&lt;p&gt;&amp;nbsp;&lt;/p&gt;\r\n\r\n&lt;p&gt;2.15 本報價只適用於蟑螂/跳虱/螞蟻/老鼠/衣魚的一次性服務。&lt;/p&gt;\r\n', '&lt;p&gt;1.&amp;nbsp;&amp;nbsp;&amp;nbsp;&amp;nbsp; 付款條款與合約章則&lt;/p&gt;\r\n\r\n&lt;p&gt;&amp;nbsp;&lt;/p&gt;\r\n\r\n&lt;p&gt;1.1&amp;nbsp; &amp;nbsp; &amp;nbsp;服務協定：於協定簽署後，本協定於所載期間內均具有約束力。&lt;/p&gt;\r\n\r\n&lt;p&gt;&amp;nbsp;&lt;/p&gt;\r\n\r\n&lt;p&gt;1.2&amp;nbsp; &amp;nbsp; &amp;nbsp;付款：&lt;/p&gt;\r\n\r\n&lt;p&gt;&amp;nbsp;&lt;/p&gt;\r\n\r\n&lt;p&gt;1.2.1&amp;nbsp; &amp;nbsp; &amp;nbsp;所有家居服務費用必須要預先支付。我司將于第一次服務時提供正規發票給客戶。付款方式如下：&lt;/p&gt;\r\n\r\n&lt;p&gt;&amp;nbsp;&lt;/p&gt;\r\n\r\n&lt;table border=&quot;0&quot; cellpadding=&quot;0&quot; cellspacing=&quot;0&quot; style=&quot;width:80%&quot;&gt;\r\n	&lt;tbody&gt;\r\n		&lt;tr&gt;\r\n			&lt;td&gt;i. 支付寶&lt;/td&gt;\r\n		&lt;/tr&gt;\r\n		&lt;tr&gt;\r\n			&lt;td&gt;&lt;img alt=&quot;&quot; src=&quot;Public/Uploads/2018-03-02/1519961789.jpg&quot; style=&quot;height:100px; width:100px&quot; /&gt;&lt;/td&gt;\r\n		&lt;/tr&gt;\r\n	&lt;/tbody&gt;\r\n&lt;/table&gt;\r\n\r\n&lt;p&gt;&amp;nbsp;&lt;/p&gt;\r\n\r\n&lt;p&gt;iii.&amp;nbsp;&amp;nbsp;&amp;nbsp; 銀行轉賬:&lt;/p&gt;\r\n\r\n&lt;p&gt;&amp;nbsp; &amp;nbsp; &amp;nbsp; &amp;nbsp; 账户名：南京史伟莎环保科技有限公司&lt;/p&gt;\r\n\r\n&lt;p&gt;&amp;nbsp; &amp;nbsp; &amp;nbsp; &amp;nbsp; 开户行：工行南京城东支行&lt;/p&gt;\r\n\r\n&lt;p&gt;&amp;nbsp; &amp;nbsp; &amp;nbsp; &amp;nbsp; 账&amp;nbsp; &amp;nbsp;号：4301 0120 1900 2874 855&lt;/p&gt;\r\n\r\n&lt;p&gt;&amp;nbsp;&lt;/p&gt;\r\n\r\n&lt;p&gt;2.&amp;nbsp;&amp;nbsp;&amp;nbsp;&amp;nbsp; 其他協議條件&lt;/p&gt;\r\n\r\n&lt;p&gt;&amp;nbsp;&lt;/p&gt;\r\n\r\n&lt;p&gt;2.1&amp;nbsp;&amp;nbsp; 我司滅蟲管理服務部負責於本協議內所述之有關地址的室內/室外/範圍內及合約期間內，為所述之昆蟲種類進行防滅/檢查服務。我司作業人員奉行服務第一，顧客至上的原則，以認真負責的態度，確保每次滅蟲服務達到安全、優質、有效的品質標準。所有施工/治理均根據全國衛生檢查機構滅蟲滅害的標準進行。&lt;/p&gt;\r\n\r\n&lt;p&gt;&amp;nbsp;&lt;/p&gt;\r\n\r\n&lt;p&gt;2.2&amp;nbsp;&amp;nbsp; 如需要另行租用安全設備（如高空工作升降臺或鋁合金工作平臺）進行服務的，其租用該設備及/或額外勞工保險的費用將由客戶支付。否則，我司有權對此不進行滅蟲管理服務。&lt;/p&gt;\r\n\r\n&lt;p&gt;&amp;nbsp;&lt;/p&gt;\r\n\r\n&lt;p&gt;2.3&amp;nbsp;&amp;nbsp; 本協定的服務範圍不包括視覺上不能查驗、隱蔽或無法到達的地方。&lt;/p&gt;\r\n\r\n&lt;p&gt;&amp;nbsp;&lt;/p&gt;\r\n\r\n&lt;p&gt;2.4&amp;nbsp;&amp;nbsp; 本協定提供之利益只應用於協議所載樓宇、地方或物件。若物業有增建物時，須向我司發出書面通知；否則我司有權對新增建物不提供滅蟲管理服務。&lt;/p&gt;\r\n\r\n&lt;p&gt;&amp;nbsp;&lt;/p&gt;\r\n\r\n&lt;p&gt;2.5&amp;nbsp;&amp;nbsp; 在合約期間，如客戶提前終止合約，在取得我司的同意下，客戶仍須繳付200元人民幣作為行政費用。&lt;/p&gt;\r\n\r\n&lt;p&gt;&amp;nbsp;&lt;/p&gt;\r\n\r\n&lt;p&gt;2.6&amp;nbsp;&amp;nbsp; 在合約期間，如客戶需要搬遷居所，而新的居所面積與合約約定的面積有所分別，現有合約的剩餘價值將轉載於新的合約中。如客戶要求退款的，必須根據2.5的條款方式處理。&lt;/p&gt;\r\n\r\n&lt;p&gt;&amp;nbsp;&lt;/p&gt;\r\n\r\n&lt;p&gt;2.7&amp;nbsp;&amp;nbsp; 焗霧機器可將施藥藥劑直徑控制在30微米左右，藥劑會長時間懸浮于控制區域內。建議保持現場環境的封閉，換氣系統關閉。施藥後1小時後可開窗通風。如因客戶自身原因未達到此要求的，我司不承擔任何責任。&lt;/p&gt;\r\n\r\n&lt;p&gt;&amp;nbsp;&lt;/p&gt;\r\n\r\n&lt;p&gt;2.8&amp;nbsp;&amp;nbsp; 本協定之報價是根據客戶所提供樓面面積資料計算。因此, 當實際治理面積與客戶所述面積有差別時,我司保留調整報價的權利。&lt;/p&gt;\r\n\r\n&lt;p&gt;&amp;nbsp;&lt;/p&gt;\r\n\r\n&lt;p&gt;2.9&amp;nbsp;&amp;nbsp; 若滅蟲服務于獲得客戶確認日期及時間後，因客戶不在/或不能進入樓宇內而導致我司不能進行滅蟲服務，則我司有權收取200元人民幣, 作為誤工之賠償。&lt;/p&gt;\r\n\r\n&lt;p&gt;&amp;nbsp;&lt;/p&gt;\r\n\r\n&lt;p&gt;2.10 我司會以極細心及專業的態度進行滅蟲服務。為了更好的防止任何意外發生; 在治理服務時, 客戶必須確保所有貴重及易碎物品都已妥善保管及擺放好。如確因我司人員過錯造成關於上述物件損毀的索價，其上限為一仟元人民幣或合約約定月服務費的兩倍（以較低金額作準）。&lt;/p&gt;\r\n\r\n&lt;p&gt;&amp;nbsp;&lt;/p&gt;\r\n\r\n&lt;p&gt;2.11 在服務進行期間，我們建議客戶將貴重物品存放在安全的地方。如有需要，請客戶自行觀察我司員工進行工作。&lt;/p&gt;\r\n\r\n&lt;p&gt;&amp;nbsp;&lt;/p&gt;\r\n\r\n&lt;p&gt;2.12 雖然我司使用的殺蟲劑對人類（過敏性體質人群除外）及大部分寵物是非常安全，但對水生動物及部分爬蟲類是有高度的毒性。如有任何魚缸，水族缸或魚池含有該等動物，請在治理前通知我們及/或用濕毛巾及膠布覆蓋所有開口及其過濾系統；否則由此造成的後果我司不予承擔。&lt;/p&gt;\r\n\r\n&lt;p&gt;&amp;nbsp;&lt;/p&gt;\r\n\r\n&lt;p&gt;2.13 一切由蟲害或白蟻或鼠類所引致客戶的任何損害或損失,我司一概無須負責。&lt;/p&gt;\r\n\r\n&lt;p&gt;&amp;nbsp;&lt;/p&gt;\r\n\r\n&lt;p&gt;2.14 本協議履行中發生不可抗力，導致一方無法履行約定義務的，該方應在不可抗力發生後14天內以書面形式通知另一方。如不可抗力結束後，仍存在繼續履行的可能性，應繼續履行本協議。&lt;/p&gt;\r\n\r\n&lt;p&gt;&amp;nbsp;&lt;/p&gt;\r\n\r\n&lt;p&gt;2.15 本報價只適用於蟑螂/跳虱/螞蟻/老鼠/衣魚的一次性服務。&lt;/p&gt;\r\n', '&lt;p&gt;1.&amp;nbsp;&amp;nbsp;&amp;nbsp;&amp;nbsp; 付款條款與合約章則&lt;/p&gt;\r\n\r\n&lt;p&gt;&amp;nbsp;&lt;/p&gt;\r\n\r\n&lt;p&gt;1.1&amp;nbsp; &amp;nbsp; &amp;nbsp;服務協定：於協定簽署後，本協定於所載期間內均具有約束力。&lt;/p&gt;\r\n\r\n&lt;p&gt;&amp;nbsp;&lt;/p&gt;\r\n\r\n&lt;p&gt;1.2&amp;nbsp; &amp;nbsp; &amp;nbsp;付款：&lt;/p&gt;\r\n\r\n&lt;p&gt;&amp;nbsp;&lt;/p&gt;\r\n\r\n&lt;p&gt;1.2.1&amp;nbsp; &amp;nbsp; &amp;nbsp;所有家居服務費用必須要預先支付。我司將于第一次服務時提供正規發票給客戶。付款方式如下：&lt;/p&gt;\r\n\r\n&lt;p&gt;&amp;nbsp;&lt;/p&gt;\r\n\r\n&lt;table border=&quot;0&quot; cellpadding=&quot;0&quot; cellspacing=&quot;0&quot; style=&quot;width:80%&quot;&gt;\r\n	&lt;tbody&gt;\r\n		&lt;tr&gt;\r\n			&lt;td&gt;i. 支付寶&lt;/td&gt;\r\n		&lt;/tr&gt;\r\n		&lt;tr&gt;\r\n			&lt;td&gt;&lt;img alt=&quot;&quot; src=&quot;Public/Uploads/2018-03-02/1519961789.jpg&quot; style=&quot;height:100px; width:100px&quot; /&gt;&lt;/td&gt;\r\n		&lt;/tr&gt;\r\n	&lt;/tbody&gt;\r\n&lt;/table&gt;\r\n\r\n&lt;p&gt;&amp;nbsp;&lt;/p&gt;\r\n\r\n&lt;p&gt;iii.&amp;nbsp;&amp;nbsp;&amp;nbsp; 銀行轉賬:&lt;/p&gt;\r\n\r\n&lt;p&gt;&amp;nbsp; &amp;nbsp; &amp;nbsp; &amp;nbsp; 账户名：南京史伟莎环保科技有限公司&lt;/p&gt;\r\n\r\n&lt;p&gt;&amp;nbsp; &amp;nbsp; &amp;nbsp; &amp;nbsp; 开户行：工行南京城东支行&lt;/p&gt;\r\n\r\n&lt;p&gt;&amp;nbsp; &amp;nbsp; &amp;nbsp; &amp;nbsp; 账&amp;nbsp; &amp;nbsp;号：4301 0120 1900 2874 855&lt;/p&gt;\r\n\r\n&lt;p&gt;&amp;nbsp;&lt;/p&gt;\r\n\r\n&lt;p&gt;2.&amp;nbsp;&amp;nbsp;&amp;nbsp;&amp;nbsp; 其他協議條件&lt;/p&gt;\r\n\r\n&lt;p&gt;&amp;nbsp;&lt;/p&gt;\r\n\r\n&lt;p&gt;2.1&amp;nbsp;&amp;nbsp; 我司滅蟲管理服務部負責於本協議內所述之有關地址的室內/室外/範圍內及合約期間內，為所述之昆蟲種類進行防滅/檢查服務。我司作業人員奉行服務第一，顧客至上的原則，以認真負責的態度，確保每次滅蟲服務達到安全、優質、有效的品質標準。所有施工/治理均根據全國衛生檢查機構滅蟲滅害的標準進行。&lt;/p&gt;\r\n\r\n&lt;p&gt;&amp;nbsp;&lt;/p&gt;\r\n\r\n&lt;p&gt;2.2&amp;nbsp;&amp;nbsp; 如需要另行租用安全設備（如高空工作升降臺或鋁合金工作平臺）進行服務的，其租用該設備及/或額外勞工保險的費用將由客戶支付。否則，我司有權對此不進行滅蟲管理服務。&lt;/p&gt;\r\n\r\n&lt;p&gt;&amp;nbsp;&lt;/p&gt;\r\n\r\n&lt;p&gt;2.3&amp;nbsp;&amp;nbsp; 本協定的服務範圍不包括視覺上不能查驗、隱蔽或無法到達的地方。&lt;/p&gt;\r\n\r\n&lt;p&gt;&amp;nbsp;&lt;/p&gt;\r\n\r\n&lt;p&gt;2.4&amp;nbsp;&amp;nbsp; 本協定提供之利益只應用於協議所載樓宇、地方或物件。若物業有增建物時，須向我司發出書面通知；否則我司有權對新增建物不提供滅蟲管理服務。&lt;/p&gt;\r\n\r\n&lt;p&gt;&amp;nbsp;&lt;/p&gt;\r\n\r\n&lt;p&gt;2.5&amp;nbsp;&amp;nbsp; 在合約期間，如客戶提前終止合約，在取得我司的同意下，客戶仍須繳付200元人民幣作為行政費用。&lt;/p&gt;\r\n\r\n&lt;p&gt;&amp;nbsp;&lt;/p&gt;\r\n\r\n&lt;p&gt;2.6&amp;nbsp;&amp;nbsp; 在合約期間，如客戶需要搬遷居所，而新的居所面積與合約約定的面積有所分別，現有合約的剩餘價值將轉載於新的合約中。如客戶要求退款的，必須根據2.5的條款方式處理。&lt;/p&gt;\r\n\r\n&lt;p&gt;&amp;nbsp;&lt;/p&gt;\r\n\r\n&lt;p&gt;2.7&amp;nbsp;&amp;nbsp; 焗霧機器可將施藥藥劑直徑控制在30微米左右，藥劑會長時間懸浮于控制區域內。建議保持現場環境的封閉，換氣系統關閉。施藥後1小時後可開窗通風。如因客戶自身原因未達到此要求的，我司不承擔任何責任。&lt;/p&gt;\r\n\r\n&lt;p&gt;&amp;nbsp;&lt;/p&gt;\r\n\r\n&lt;p&gt;2.8&amp;nbsp;&amp;nbsp; 本協定之報價是根據客戶所提供樓面面積資料計算。因此, 當實際治理面積與客戶所述面積有差別時,我司保留調整報價的權利。&lt;/p&gt;\r\n\r\n&lt;p&gt;&amp;nbsp;&lt;/p&gt;\r\n\r\n&lt;p&gt;2.9&amp;nbsp;&amp;nbsp; 若滅蟲服務于獲得客戶確認日期及時間後，因客戶不在/或不能進入樓宇內而導致我司不能進行滅蟲服務，則我司有權收取200元人民幣, 作為誤工之賠償。&lt;/p&gt;\r\n\r\n&lt;p&gt;&amp;nbsp;&lt;/p&gt;\r\n\r\n&lt;p&gt;2.10 我司會以極細心及專業的態度進行滅蟲服務。為了更好的防止任何意外發生; 在治理服務時, 客戶必須確保所有貴重及易碎物品都已妥善保管及擺放好。如確因我司人員過錯造成關於上述物件損毀的索價，其上限為一仟元人民幣或合約約定月服務費的兩倍（以較低金額作準）。&lt;/p&gt;\r\n\r\n&lt;p&gt;&amp;nbsp;&lt;/p&gt;\r\n\r\n&lt;p&gt;2.11 在服務進行期間，我們建議客戶將貴重物品存放在安全的地方。如有需要，請客戶自行觀察我司員工進行工作。&lt;/p&gt;\r\n\r\n&lt;p&gt;&amp;nbsp;&lt;/p&gt;\r\n\r\n&lt;p&gt;2.12 雖然我司使用的殺蟲劑對人類（過敏性體質人群除外）及大部分寵物是非常安全，但對水生動物及部分爬蟲類是有高度的毒性。如有任何魚缸，水族缸或魚池含有該等動物，請在治理前通知我們及/或用濕毛巾及膠布覆蓋所有開口及其過濾系統；否則由此造成的後果我司不予承擔。&lt;/p&gt;\r\n\r\n&lt;p&gt;&amp;nbsp;&lt;/p&gt;\r\n\r\n&lt;p&gt;2.13 一切由蟲害或白蟻或鼠類所引致客戶的任何損害或損失,我司一概無須負責。&lt;/p&gt;\r\n\r\n&lt;p&gt;&amp;nbsp;&lt;/p&gt;\r\n\r\n&lt;p&gt;2.14 本協議履行中發生不可抗力，導致一方無法履行約定義務的，該方應在不可抗力發生後14天內以書面形式通知另一方。如不可抗力結束後，仍存在繼續履行的可能性，應繼續履行本協議。&lt;/p&gt;\r\n\r\n&lt;p&gt;&amp;nbsp;&lt;/p&gt;\r\n\r\n&lt;p&gt;2.15 本報價只適用於蟑螂/跳虱/螞蟻/老鼠/衣魚的一次性服務。&lt;/p&gt;\r\n');
INSERT INTO `quote_city` (`id`, `region_id`, `city_name`, `city_name_tw`, `city_name_us`, `z_index`, `other_open`, `other_price`, `currency_type`, `b_unit`, `company`, `company_tw`, `company_us`, `seal`, `terms`, `terms_tw`, `terms_us`) VALUES
(36, 3, '无锡', '無錫', 'Wuxi', 11, 1, '150', 'RMB', 'mi', '无锡史伟莎环保科技有限公司', '无锡史伟莎环保科技有限公司', '无锡史伟莎环保科技有限公司', 'Public/Uploads/2018-03-02/1519961678.png', '&lt;p&gt;1.&amp;nbsp;&amp;nbsp;&amp;nbsp;&amp;nbsp; 付款條款與合約章則&lt;/p&gt;\r\n\r\n&lt;p&gt;&amp;nbsp;&lt;/p&gt;\r\n\r\n&lt;p&gt;1.1&amp;nbsp; &amp;nbsp; &amp;nbsp;服務協定：於協定簽署後，本協定於所載期間內均具有約束力。&lt;/p&gt;\r\n\r\n&lt;p&gt;&amp;nbsp;&lt;/p&gt;\r\n\r\n&lt;p&gt;1.2&amp;nbsp; &amp;nbsp; &amp;nbsp;付款：&lt;/p&gt;\r\n\r\n&lt;p&gt;&amp;nbsp;&lt;/p&gt;\r\n\r\n&lt;p&gt;1.2.1&amp;nbsp; &amp;nbsp; &amp;nbsp;所有家居服務費用必須要預先支付。我司將于第一次服務時提供正規發票給客戶。付款方式如下：&lt;/p&gt;\r\n\r\n&lt;p&gt;&amp;nbsp;&lt;/p&gt;\r\n\r\n&lt;table border=&quot;0&quot; cellpadding=&quot;0&quot; cellspacing=&quot;0&quot; style=&quot;width:80%&quot;&gt;\r\n	&lt;tbody&gt;\r\n		&lt;tr&gt;\r\n			&lt;td&gt;i. 支付寶&lt;/td&gt;\r\n		&lt;/tr&gt;\r\n		&lt;tr&gt;\r\n			&lt;td&gt;&lt;img alt=&quot;&quot; src=&quot;Public/Uploads/2018-03-02/1519961649.jpg&quot; style=&quot;height:101px; width:100px&quot; /&gt;&lt;/td&gt;\r\n		&lt;/tr&gt;\r\n	&lt;/tbody&gt;\r\n&lt;/table&gt;\r\n\r\n&lt;p&gt;&amp;nbsp;&lt;/p&gt;\r\n\r\n&lt;p&gt;iii.&amp;nbsp;&amp;nbsp;&amp;nbsp; 銀行轉賬:&lt;/p&gt;\r\n\r\n&lt;p&gt;&amp;nbsp; &amp;nbsp; &amp;nbsp; &amp;nbsp; 账户名：无锡史伟莎环保科技有限公司&lt;/p&gt;\r\n\r\n&lt;p&gt;&amp;nbsp; &amp;nbsp; &amp;nbsp; &amp;nbsp; 开户行：中国工商银行无锡清扬支行&lt;/p&gt;\r\n\r\n&lt;p&gt;&amp;nbsp; &amp;nbsp; &amp;nbsp; &amp;nbsp; 账&amp;nbsp; &amp;nbsp;号：1103 0225 1920 0078 243&lt;/p&gt;\r\n\r\n&lt;p&gt;&amp;nbsp;&lt;/p&gt;\r\n\r\n&lt;p&gt;2.&amp;nbsp;&amp;nbsp;&amp;nbsp;&amp;nbsp; 其他協議條件&lt;/p&gt;\r\n\r\n&lt;p&gt;&amp;nbsp;&lt;/p&gt;\r\n\r\n&lt;p&gt;2.1&amp;nbsp;&amp;nbsp; 我司滅蟲管理服務部負責於本協議內所述之有關地址的室內/室外/範圍內及合約期間內，為所述之昆蟲種類進行防滅/檢查服務。我司作業人員奉行服務第一，顧客至上的原則，以認真負責的態度，確保每次滅蟲服務達到安全、優質、有效的品質標準。所有施工/治理均根據全國衛生檢查機構滅蟲滅害的標準進行。&lt;/p&gt;\r\n\r\n&lt;p&gt;&amp;nbsp;&lt;/p&gt;\r\n\r\n&lt;p&gt;2.2&amp;nbsp;&amp;nbsp; 如需要另行租用安全設備（如高空工作升降臺或鋁合金工作平臺）進行服務的，其租用該設備及/或額外勞工保險的費用將由客戶支付。否則，我司有權對此不進行滅蟲管理服務。&lt;/p&gt;\r\n\r\n&lt;p&gt;&amp;nbsp;&lt;/p&gt;\r\n\r\n&lt;p&gt;2.3&amp;nbsp;&amp;nbsp; 本協定的服務範圍不包括視覺上不能查驗、隱蔽或無法到達的地方。&lt;/p&gt;\r\n\r\n&lt;p&gt;&amp;nbsp;&lt;/p&gt;\r\n\r\n&lt;p&gt;2.4&amp;nbsp;&amp;nbsp; 本協定提供之利益只應用於協議所載樓宇、地方或物件。若物業有增建物時，須向我司發出書面通知；否則我司有權對新增建物不提供滅蟲管理服務。&lt;/p&gt;\r\n\r\n&lt;p&gt;&amp;nbsp;&lt;/p&gt;\r\n\r\n&lt;p&gt;2.5&amp;nbsp;&amp;nbsp; 在合約期間，如客戶提前終止合約，在取得我司的同意下，客戶仍須繳付200元人民幣作為行政費用。&lt;/p&gt;\r\n\r\n&lt;p&gt;&amp;nbsp;&lt;/p&gt;\r\n\r\n&lt;p&gt;2.6&amp;nbsp;&amp;nbsp; 在合約期間，如客戶需要搬遷居所，而新的居所面積與合約約定的面積有所分別，現有合約的剩餘價值將轉載於新的合約中。如客戶要求退款的，必須根據2.5的條款方式處理。&lt;/p&gt;\r\n\r\n&lt;p&gt;&amp;nbsp;&lt;/p&gt;\r\n\r\n&lt;p&gt;2.7&amp;nbsp;&amp;nbsp; 焗霧機器可將施藥藥劑直徑控制在30微米左右，藥劑會長時間懸浮于控制區域內。建議保持現場環境的封閉，換氣系統關閉。施藥後1小時後可開窗通風。如因客戶自身原因未達到此要求的，我司不承擔任何責任。&lt;/p&gt;\r\n\r\n&lt;p&gt;&amp;nbsp;&lt;/p&gt;\r\n\r\n&lt;p&gt;2.8&amp;nbsp;&amp;nbsp; 本協定之報價是根據客戶所提供樓面面積資料計算。因此, 當實際治理面積與客戶所述面積有差別時,我司保留調整報價的權利。&lt;/p&gt;\r\n\r\n&lt;p&gt;&amp;nbsp;&lt;/p&gt;\r\n\r\n&lt;p&gt;2.9&amp;nbsp;&amp;nbsp; 若滅蟲服務于獲得客戶確認日期及時間後，因客戶不在/或不能進入樓宇內而導致我司不能進行滅蟲服務，則我司有權收取200元人民幣, 作為誤工之賠償。&lt;/p&gt;\r\n\r\n&lt;p&gt;&amp;nbsp;&lt;/p&gt;\r\n\r\n&lt;p&gt;2.10 我司會以極細心及專業的態度進行滅蟲服務。為了更好的防止任何意外發生; 在治理服務時, 客戶必須確保所有貴重及易碎物品都已妥善保管及擺放好。如確因我司人員過錯造成關於上述物件損毀的索價，其上限為一仟元人民幣或合約約定月服務費的兩倍（以較低金額作準）。&lt;/p&gt;\r\n\r\n&lt;p&gt;&amp;nbsp;&lt;/p&gt;\r\n\r\n&lt;p&gt;2.11 在服務進行期間，我們建議客戶將貴重物品存放在安全的地方。如有需要，請客戶自行觀察我司員工進行工作。&lt;/p&gt;\r\n\r\n&lt;p&gt;&amp;nbsp;&lt;/p&gt;\r\n\r\n&lt;p&gt;2.12 雖然我司使用的殺蟲劑對人類（過敏性體質人群除外）及大部分寵物是非常安全，但對水生動物及部分爬蟲類是有高度的毒性。如有任何魚缸，水族缸或魚池含有該等動物，請在治理前通知我們及/或用濕毛巾及膠布覆蓋所有開口及其過濾系統；否則由此造成的後果我司不予承擔。&lt;/p&gt;\r\n\r\n&lt;p&gt;&amp;nbsp;&lt;/p&gt;\r\n\r\n&lt;p&gt;2.13 一切由蟲害或白蟻或鼠類所引致客戶的任何損害或損失,我司一概無須負責。&lt;/p&gt;\r\n\r\n&lt;p&gt;&amp;nbsp;&lt;/p&gt;\r\n\r\n&lt;p&gt;2.14 本協議履行中發生不可抗力，導致一方無法履行約定義務的，該方應在不可抗力發生後14天內以書面形式通知另一方。如不可抗力結束後，仍存在繼續履行的可能性，應繼續履行本協議。&lt;/p&gt;\r\n\r\n&lt;p&gt;&amp;nbsp;&lt;/p&gt;\r\n\r\n&lt;p&gt;2.15 本報價只適用於蟑螂/跳虱/螞蟻/老鼠/衣魚的一次性服務。&lt;/p&gt;\r\n', '&lt;p&gt;1.&amp;nbsp;&amp;nbsp;&amp;nbsp;&amp;nbsp; 付款條款與合約章則&lt;/p&gt;\r\n\r\n&lt;p&gt;&amp;nbsp;&lt;/p&gt;\r\n\r\n&lt;p&gt;1.1&amp;nbsp; &amp;nbsp; &amp;nbsp;服務協定：於協定簽署後，本協定於所載期間內均具有約束力。&lt;/p&gt;\r\n\r\n&lt;p&gt;&amp;nbsp;&lt;/p&gt;\r\n\r\n&lt;p&gt;1.2&amp;nbsp; &amp;nbsp; &amp;nbsp;付款：&lt;/p&gt;\r\n\r\n&lt;p&gt;&amp;nbsp;&lt;/p&gt;\r\n\r\n&lt;p&gt;1.2.1&amp;nbsp; &amp;nbsp; &amp;nbsp;所有家居服務費用必須要預先支付。我司將于第一次服務時提供正規發票給客戶。付款方式如下：&lt;/p&gt;\r\n\r\n&lt;p&gt;&amp;nbsp;&lt;/p&gt;\r\n\r\n&lt;table border=&quot;0&quot; cellpadding=&quot;0&quot; cellspacing=&quot;0&quot; style=&quot;width:80%&quot;&gt;\r\n	&lt;tbody&gt;\r\n		&lt;tr&gt;\r\n			&lt;td&gt;i. 支付寶&lt;/td&gt;\r\n		&lt;/tr&gt;\r\n		&lt;tr&gt;\r\n			&lt;td&gt;&lt;img alt=&quot;&quot; src=&quot;Public/Uploads/2018-03-02/1519961649.jpg&quot; style=&quot;height:101px; width:100px&quot; /&gt;&lt;/td&gt;\r\n		&lt;/tr&gt;\r\n	&lt;/tbody&gt;\r\n&lt;/table&gt;\r\n\r\n&lt;p&gt;&amp;nbsp;&lt;/p&gt;\r\n\r\n&lt;p&gt;iii.&amp;nbsp;&amp;nbsp;&amp;nbsp; 銀行轉賬:&lt;/p&gt;\r\n\r\n&lt;p&gt;&amp;nbsp; &amp;nbsp; &amp;nbsp; &amp;nbsp; 账户名：无锡史伟莎环保科技有限公司&lt;/p&gt;\r\n\r\n&lt;p&gt;&amp;nbsp; &amp;nbsp; &amp;nbsp; &amp;nbsp; 开户行：中国工商银行无锡清扬支行&lt;/p&gt;\r\n\r\n&lt;p&gt;&amp;nbsp; &amp;nbsp; &amp;nbsp; &amp;nbsp; 账&amp;nbsp; &amp;nbsp;号：1103 0225 1920 0078 243&lt;/p&gt;\r\n\r\n&lt;p&gt;&amp;nbsp;&lt;/p&gt;\r\n\r\n&lt;p&gt;2.&amp;nbsp;&amp;nbsp;&amp;nbsp;&amp;nbsp; 其他協議條件&lt;/p&gt;\r\n\r\n&lt;p&gt;&amp;nbsp;&lt;/p&gt;\r\n\r\n&lt;p&gt;2.1&amp;nbsp;&amp;nbsp; 我司滅蟲管理服務部負責於本協議內所述之有關地址的室內/室外/範圍內及合約期間內，為所述之昆蟲種類進行防滅/檢查服務。我司作業人員奉行服務第一，顧客至上的原則，以認真負責的態度，確保每次滅蟲服務達到安全、優質、有效的品質標準。所有施工/治理均根據全國衛生檢查機構滅蟲滅害的標準進行。&lt;/p&gt;\r\n\r\n&lt;p&gt;&amp;nbsp;&lt;/p&gt;\r\n\r\n&lt;p&gt;2.2&amp;nbsp;&amp;nbsp; 如需要另行租用安全設備（如高空工作升降臺或鋁合金工作平臺）進行服務的，其租用該設備及/或額外勞工保險的費用將由客戶支付。否則，我司有權對此不進行滅蟲管理服務。&lt;/p&gt;\r\n\r\n&lt;p&gt;&amp;nbsp;&lt;/p&gt;\r\n\r\n&lt;p&gt;2.3&amp;nbsp;&amp;nbsp; 本協定的服務範圍不包括視覺上不能查驗、隱蔽或無法到達的地方。&lt;/p&gt;\r\n\r\n&lt;p&gt;&amp;nbsp;&lt;/p&gt;\r\n\r\n&lt;p&gt;2.4&amp;nbsp;&amp;nbsp; 本協定提供之利益只應用於協議所載樓宇、地方或物件。若物業有增建物時，須向我司發出書面通知；否則我司有權對新增建物不提供滅蟲管理服務。&lt;/p&gt;\r\n\r\n&lt;p&gt;&amp;nbsp;&lt;/p&gt;\r\n\r\n&lt;p&gt;2.5&amp;nbsp;&amp;nbsp; 在合約期間，如客戶提前終止合約，在取得我司的同意下，客戶仍須繳付200元人民幣作為行政費用。&lt;/p&gt;\r\n\r\n&lt;p&gt;&amp;nbsp;&lt;/p&gt;\r\n\r\n&lt;p&gt;2.6&amp;nbsp;&amp;nbsp; 在合約期間，如客戶需要搬遷居所，而新的居所面積與合約約定的面積有所分別，現有合約的剩餘價值將轉載於新的合約中。如客戶要求退款的，必須根據2.5的條款方式處理。&lt;/p&gt;\r\n\r\n&lt;p&gt;&amp;nbsp;&lt;/p&gt;\r\n\r\n&lt;p&gt;2.7&amp;nbsp;&amp;nbsp; 焗霧機器可將施藥藥劑直徑控制在30微米左右，藥劑會長時間懸浮于控制區域內。建議保持現場環境的封閉，換氣系統關閉。施藥後1小時後可開窗通風。如因客戶自身原因未達到此要求的，我司不承擔任何責任。&lt;/p&gt;\r\n\r\n&lt;p&gt;&amp;nbsp;&lt;/p&gt;\r\n\r\n&lt;p&gt;2.8&amp;nbsp;&amp;nbsp; 本協定之報價是根據客戶所提供樓面面積資料計算。因此, 當實際治理面積與客戶所述面積有差別時,我司保留調整報價的權利。&lt;/p&gt;\r\n\r\n&lt;p&gt;&amp;nbsp;&lt;/p&gt;\r\n\r\n&lt;p&gt;2.9&amp;nbsp;&amp;nbsp; 若滅蟲服務于獲得客戶確認日期及時間後，因客戶不在/或不能進入樓宇內而導致我司不能進行滅蟲服務，則我司有權收取200元人民幣, 作為誤工之賠償。&lt;/p&gt;\r\n\r\n&lt;p&gt;&amp;nbsp;&lt;/p&gt;\r\n\r\n&lt;p&gt;2.10 我司會以極細心及專業的態度進行滅蟲服務。為了更好的防止任何意外發生; 在治理服務時, 客戶必須確保所有貴重及易碎物品都已妥善保管及擺放好。如確因我司人員過錯造成關於上述物件損毀的索價，其上限為一仟元人民幣或合約約定月服務費的兩倍（以較低金額作準）。&lt;/p&gt;\r\n\r\n&lt;p&gt;&amp;nbsp;&lt;/p&gt;\r\n\r\n&lt;p&gt;2.11 在服務進行期間，我們建議客戶將貴重物品存放在安全的地方。如有需要，請客戶自行觀察我司員工進行工作。&lt;/p&gt;\r\n\r\n&lt;p&gt;&amp;nbsp;&lt;/p&gt;\r\n\r\n&lt;p&gt;2.12 雖然我司使用的殺蟲劑對人類（過敏性體質人群除外）及大部分寵物是非常安全，但對水生動物及部分爬蟲類是有高度的毒性。如有任何魚缸，水族缸或魚池含有該等動物，請在治理前通知我們及/或用濕毛巾及膠布覆蓋所有開口及其過濾系統；否則由此造成的後果我司不予承擔。&lt;/p&gt;\r\n\r\n&lt;p&gt;&amp;nbsp;&lt;/p&gt;\r\n\r\n&lt;p&gt;2.13 一切由蟲害或白蟻或鼠類所引致客戶的任何損害或損失,我司一概無須負責。&lt;/p&gt;\r\n\r\n&lt;p&gt;&amp;nbsp;&lt;/p&gt;\r\n\r\n&lt;p&gt;2.14 本協議履行中發生不可抗力，導致一方無法履行約定義務的，該方應在不可抗力發生後14天內以書面形式通知另一方。如不可抗力結束後，仍存在繼續履行的可能性，應繼續履行本協議。&lt;/p&gt;\r\n\r\n&lt;p&gt;&amp;nbsp;&lt;/p&gt;\r\n\r\n&lt;p&gt;2.15 本報價只適用於蟑螂/跳虱/螞蟻/老鼠/衣魚的一次性服務。&lt;/p&gt;\r\n', '&lt;p&gt;1.&amp;nbsp;&amp;nbsp;&amp;nbsp;&amp;nbsp; 付款條款與合約章則&lt;/p&gt;\r\n\r\n&lt;p&gt;&amp;nbsp;&lt;/p&gt;\r\n\r\n&lt;p&gt;1.1&amp;nbsp; &amp;nbsp; &amp;nbsp;服務協定：於協定簽署後，本協定於所載期間內均具有約束力。&lt;/p&gt;\r\n\r\n&lt;p&gt;&amp;nbsp;&lt;/p&gt;\r\n\r\n&lt;p&gt;1.2&amp;nbsp; &amp;nbsp; &amp;nbsp;付款：&lt;/p&gt;\r\n\r\n&lt;p&gt;&amp;nbsp;&lt;/p&gt;\r\n\r\n&lt;p&gt;1.2.1&amp;nbsp; &amp;nbsp; &amp;nbsp;所有家居服務費用必須要預先支付。我司將于第一次服務時提供正規發票給客戶。付款方式如下：&lt;/p&gt;\r\n\r\n&lt;p&gt;&amp;nbsp;&lt;/p&gt;\r\n\r\n&lt;table border=&quot;0&quot; cellpadding=&quot;0&quot; cellspacing=&quot;0&quot; style=&quot;width:80%&quot;&gt;\r\n	&lt;tbody&gt;\r\n		&lt;tr&gt;\r\n			&lt;td&gt;i. 支付寶&lt;/td&gt;\r\n		&lt;/tr&gt;\r\n		&lt;tr&gt;\r\n			&lt;td&gt;&lt;img alt=&quot;&quot; src=&quot;Public/Uploads/2018-03-02/1519961649.jpg&quot; style=&quot;height:101px; width:100px&quot; /&gt;&lt;/td&gt;\r\n		&lt;/tr&gt;\r\n	&lt;/tbody&gt;\r\n&lt;/table&gt;\r\n\r\n&lt;p&gt;&amp;nbsp;&lt;/p&gt;\r\n\r\n&lt;p&gt;iii.&amp;nbsp;&amp;nbsp;&amp;nbsp; 銀行轉賬:&lt;/p&gt;\r\n\r\n&lt;p&gt;&amp;nbsp; &amp;nbsp; &amp;nbsp; &amp;nbsp; 账户名：无锡史伟莎环保科技有限公司&lt;/p&gt;\r\n\r\n&lt;p&gt;&amp;nbsp; &amp;nbsp; &amp;nbsp; &amp;nbsp; 开户行：中国工商银行无锡清扬支行&lt;/p&gt;\r\n\r\n&lt;p&gt;&amp;nbsp; &amp;nbsp; &amp;nbsp; &amp;nbsp; 账&amp;nbsp; &amp;nbsp;号：1103 0225 1920 0078 243&lt;/p&gt;\r\n\r\n&lt;p&gt;&amp;nbsp;&lt;/p&gt;\r\n\r\n&lt;p&gt;2.&amp;nbsp;&amp;nbsp;&amp;nbsp;&amp;nbsp; 其他協議條件&lt;/p&gt;\r\n\r\n&lt;p&gt;&amp;nbsp;&lt;/p&gt;\r\n\r\n&lt;p&gt;2.1&amp;nbsp;&amp;nbsp; 我司滅蟲管理服務部負責於本協議內所述之有關地址的室內/室外/範圍內及合約期間內，為所述之昆蟲種類進行防滅/檢查服務。我司作業人員奉行服務第一，顧客至上的原則，以認真負責的態度，確保每次滅蟲服務達到安全、優質、有效的品質標準。所有施工/治理均根據全國衛生檢查機構滅蟲滅害的標準進行。&lt;/p&gt;\r\n\r\n&lt;p&gt;&amp;nbsp;&lt;/p&gt;\r\n\r\n&lt;p&gt;2.2&amp;nbsp;&amp;nbsp; 如需要另行租用安全設備（如高空工作升降臺或鋁合金工作平臺）進行服務的，其租用該設備及/或額外勞工保險的費用將由客戶支付。否則，我司有權對此不進行滅蟲管理服務。&lt;/p&gt;\r\n\r\n&lt;p&gt;&amp;nbsp;&lt;/p&gt;\r\n\r\n&lt;p&gt;2.3&amp;nbsp;&amp;nbsp; 本協定的服務範圍不包括視覺上不能查驗、隱蔽或無法到達的地方。&lt;/p&gt;\r\n\r\n&lt;p&gt;&amp;nbsp;&lt;/p&gt;\r\n\r\n&lt;p&gt;2.4&amp;nbsp;&amp;nbsp; 本協定提供之利益只應用於協議所載樓宇、地方或物件。若物業有增建物時，須向我司發出書面通知；否則我司有權對新增建物不提供滅蟲管理服務。&lt;/p&gt;\r\n\r\n&lt;p&gt;&amp;nbsp;&lt;/p&gt;\r\n\r\n&lt;p&gt;2.5&amp;nbsp;&amp;nbsp; 在合約期間，如客戶提前終止合約，在取得我司的同意下，客戶仍須繳付200元人民幣作為行政費用。&lt;/p&gt;\r\n\r\n&lt;p&gt;&amp;nbsp;&lt;/p&gt;\r\n\r\n&lt;p&gt;2.6&amp;nbsp;&amp;nbsp; 在合約期間，如客戶需要搬遷居所，而新的居所面積與合約約定的面積有所分別，現有合約的剩餘價值將轉載於新的合約中。如客戶要求退款的，必須根據2.5的條款方式處理。&lt;/p&gt;\r\n\r\n&lt;p&gt;&amp;nbsp;&lt;/p&gt;\r\n\r\n&lt;p&gt;2.7&amp;nbsp;&amp;nbsp; 焗霧機器可將施藥藥劑直徑控制在30微米左右，藥劑會長時間懸浮于控制區域內。建議保持現場環境的封閉，換氣系統關閉。施藥後1小時後可開窗通風。如因客戶自身原因未達到此要求的，我司不承擔任何責任。&lt;/p&gt;\r\n\r\n&lt;p&gt;&amp;nbsp;&lt;/p&gt;\r\n\r\n&lt;p&gt;2.8&amp;nbsp;&amp;nbsp; 本協定之報價是根據客戶所提供樓面面積資料計算。因此, 當實際治理面積與客戶所述面積有差別時,我司保留調整報價的權利。&lt;/p&gt;\r\n\r\n&lt;p&gt;&amp;nbsp;&lt;/p&gt;\r\n\r\n&lt;p&gt;2.9&amp;nbsp;&amp;nbsp; 若滅蟲服務于獲得客戶確認日期及時間後，因客戶不在/或不能進入樓宇內而導致我司不能進行滅蟲服務，則我司有權收取200元人民幣, 作為誤工之賠償。&lt;/p&gt;\r\n\r\n&lt;p&gt;&amp;nbsp;&lt;/p&gt;\r\n\r\n&lt;p&gt;2.10 我司會以極細心及專業的態度進行滅蟲服務。為了更好的防止任何意外發生; 在治理服務時, 客戶必須確保所有貴重及易碎物品都已妥善保管及擺放好。如確因我司人員過錯造成關於上述物件損毀的索價，其上限為一仟元人民幣或合約約定月服務費的兩倍（以較低金額作準）。&lt;/p&gt;\r\n\r\n&lt;p&gt;&amp;nbsp;&lt;/p&gt;\r\n\r\n&lt;p&gt;2.11 在服務進行期間，我們建議客戶將貴重物品存放在安全的地方。如有需要，請客戶自行觀察我司員工進行工作。&lt;/p&gt;\r\n\r\n&lt;p&gt;&amp;nbsp;&lt;/p&gt;\r\n\r\n&lt;p&gt;2.12 雖然我司使用的殺蟲劑對人類（過敏性體質人群除外）及大部分寵物是非常安全，但對水生動物及部分爬蟲類是有高度的毒性。如有任何魚缸，水族缸或魚池含有該等動物，請在治理前通知我們及/或用濕毛巾及膠布覆蓋所有開口及其過濾系統；否則由此造成的後果我司不予承擔。&lt;/p&gt;\r\n\r\n&lt;p&gt;&amp;nbsp;&lt;/p&gt;\r\n\r\n&lt;p&gt;2.13 一切由蟲害或白蟻或鼠類所引致客戶的任何損害或損失,我司一概無須負責。&lt;/p&gt;\r\n\r\n&lt;p&gt;&amp;nbsp;&lt;/p&gt;\r\n\r\n&lt;p&gt;2.14 本協議履行中發生不可抗力，導致一方無法履行約定義務的，該方應在不可抗力發生後14天內以書面形式通知另一方。如不可抗力結束後，仍存在繼續履行的可能性，應繼續履行本協議。&lt;/p&gt;\r\n\r\n&lt;p&gt;&amp;nbsp;&lt;/p&gt;\r\n\r\n&lt;p&gt;2.15 本報價只適用於蟑螂/跳虱/螞蟻/老鼠/衣魚的一次性服務。&lt;/p&gt;\r\n'),
(37, 3, '武汉', '武漢', 'Wuhan', 12, 1, '150', 'RMB', 'mi', '武汉史伟莎环保科技有限公司', '武汉史伟莎环保科技有限公司', '武汉史伟莎环保科技有限公司', 'Public/Uploads/2018-03-02/1519961039.png', '&lt;p&gt;1.&amp;nbsp;&amp;nbsp;&amp;nbsp;&amp;nbsp; 付款條款與合約章則&lt;/p&gt;\r\n\r\n&lt;p&gt;&amp;nbsp;&lt;/p&gt;\r\n\r\n&lt;p&gt;1.1&amp;nbsp; &amp;nbsp; &amp;nbsp;服務協定：於協定簽署後，本協定於所載期間內均具有約束力。&lt;/p&gt;\r\n\r\n&lt;p&gt;&amp;nbsp;&lt;/p&gt;\r\n\r\n&lt;p&gt;1.2&amp;nbsp; &amp;nbsp; &amp;nbsp;付款：&lt;/p&gt;\r\n\r\n&lt;p&gt;&amp;nbsp;&lt;/p&gt;\r\n\r\n&lt;p&gt;1.2.1&amp;nbsp; &amp;nbsp; &amp;nbsp;所有家居服務費用必須要預先支付。我司將于第一次服務時提供正規發票給客戶。付款方式如下：&lt;/p&gt;\r\n\r\n&lt;p&gt;&amp;nbsp;&lt;/p&gt;\r\n\r\n&lt;table border=&quot;0&quot; cellpadding=&quot;0&quot; cellspacing=&quot;0&quot; style=&quot;width:80%&quot;&gt;\r\n	&lt;tbody&gt;\r\n		&lt;tr&gt;\r\n			&lt;td&gt;i. 支付寶&lt;/td&gt;\r\n		&lt;/tr&gt;\r\n		&lt;tr&gt;\r\n			&lt;td&gt;&lt;img alt=&quot;&quot; src=&quot;Public/Uploads/2018-03-02/1519961061.jpg&quot; style=&quot;height:100px; width:100px&quot; /&gt;&lt;/td&gt;\r\n		&lt;/tr&gt;\r\n	&lt;/tbody&gt;\r\n&lt;/table&gt;\r\n\r\n&lt;p&gt;&amp;nbsp;&lt;/p&gt;\r\n\r\n&lt;p&gt;iii.&amp;nbsp;&amp;nbsp;&amp;nbsp; 銀行轉賬:&lt;/p&gt;\r\n\r\n&lt;p&gt;&amp;nbsp; &amp;nbsp; &amp;nbsp; &amp;nbsp; 账户名：武汉史伟莎环保科技有限公司&lt;/p&gt;\r\n\r\n&lt;p&gt;&amp;nbsp; &amp;nbsp; &amp;nbsp; &amp;nbsp; 开户行：中国银行武汉华桥支行&lt;/p&gt;\r\n\r\n&lt;p&gt;&amp;nbsp; &amp;nbsp; &amp;nbsp; &amp;nbsp; 账&amp;nbsp; &amp;nbsp;号：5625 6751 5544&lt;/p&gt;\r\n\r\n&lt;p&gt;&amp;nbsp;&lt;/p&gt;\r\n\r\n&lt;p&gt;2.&amp;nbsp;&amp;nbsp;&amp;nbsp;&amp;nbsp; 其他協議條件&lt;/p&gt;\r\n\r\n&lt;p&gt;&amp;nbsp;&lt;/p&gt;\r\n\r\n&lt;p&gt;2.1&amp;nbsp;&amp;nbsp; 我司滅蟲管理服務部負責於本協議內所述之有關地址的室內/室外/範圍內及合約期間內，為所述之昆蟲種類進行防滅/檢查服務。我司作業人員奉行服務第一，顧客至上的原則，以認真負責的態度，確保每次滅蟲服務達到安全、優質、有效的品質標準。所有施工/治理均根據全國衛生檢查機構滅蟲滅害的標準進行。&lt;/p&gt;\r\n\r\n&lt;p&gt;&amp;nbsp;&lt;/p&gt;\r\n\r\n&lt;p&gt;2.2&amp;nbsp;&amp;nbsp; 如需要另行租用安全設備（如高空工作升降臺或鋁合金工作平臺）進行服務的，其租用該設備及/或額外勞工保險的費用將由客戶支付。否則，我司有權對此不進行滅蟲管理服務。&lt;/p&gt;\r\n\r\n&lt;p&gt;&amp;nbsp;&lt;/p&gt;\r\n\r\n&lt;p&gt;2.3&amp;nbsp;&amp;nbsp; 本協定的服務範圍不包括視覺上不能查驗、隱蔽或無法到達的地方。&lt;/p&gt;\r\n\r\n&lt;p&gt;&amp;nbsp;&lt;/p&gt;\r\n\r\n&lt;p&gt;2.4&amp;nbsp;&amp;nbsp; 本協定提供之利益只應用於協議所載樓宇、地方或物件。若物業有增建物時，須向我司發出書面通知；否則我司有權對新增建物不提供滅蟲管理服務。&lt;/p&gt;\r\n\r\n&lt;p&gt;&amp;nbsp;&lt;/p&gt;\r\n\r\n&lt;p&gt;2.5&amp;nbsp;&amp;nbsp; 在合約期間，如客戶提前終止合約，在取得我司的同意下，客戶仍須繳付200元人民幣作為行政費用。&lt;/p&gt;\r\n\r\n&lt;p&gt;&amp;nbsp;&lt;/p&gt;\r\n\r\n&lt;p&gt;2.6&amp;nbsp;&amp;nbsp; 在合約期間，如客戶需要搬遷居所，而新的居所面積與合約約定的面積有所分別，現有合約的剩餘價值將轉載於新的合約中。如客戶要求退款的，必須根據2.5的條款方式處理。&lt;/p&gt;\r\n\r\n&lt;p&gt;&amp;nbsp;&lt;/p&gt;\r\n\r\n&lt;p&gt;2.7&amp;nbsp;&amp;nbsp; 焗霧機器可將施藥藥劑直徑控制在30微米左右，藥劑會長時間懸浮于控制區域內。建議保持現場環境的封閉，換氣系統關閉。施藥後1小時後可開窗通風。如因客戶自身原因未達到此要求的，我司不承擔任何責任。&lt;/p&gt;\r\n\r\n&lt;p&gt;&amp;nbsp;&lt;/p&gt;\r\n\r\n&lt;p&gt;2.8&amp;nbsp;&amp;nbsp; 本協定之報價是根據客戶所提供樓面面積資料計算。因此, 當實際治理面積與客戶所述面積有差別時,我司保留調整報價的權利。&lt;/p&gt;\r\n\r\n&lt;p&gt;&amp;nbsp;&lt;/p&gt;\r\n\r\n&lt;p&gt;2.9&amp;nbsp;&amp;nbsp; 若滅蟲服務于獲得客戶確認日期及時間後，因客戶不在/或不能進入樓宇內而導致我司不能進行滅蟲服務，則我司有權收取200元人民幣, 作為誤工之賠償。&lt;/p&gt;\r\n\r\n&lt;p&gt;&amp;nbsp;&lt;/p&gt;\r\n\r\n&lt;p&gt;2.10 我司會以極細心及專業的態度進行滅蟲服務。為了更好的防止任何意外發生; 在治理服務時, 客戶必須確保所有貴重及易碎物品都已妥善保管及擺放好。如確因我司人員過錯造成關於上述物件損毀的索價，其上限為一仟元人民幣或合約約定月服務費的兩倍（以較低金額作準）。&lt;/p&gt;\r\n\r\n&lt;p&gt;&amp;nbsp;&lt;/p&gt;\r\n\r\n&lt;p&gt;2.11 在服務進行期間，我們建議客戶將貴重物品存放在安全的地方。如有需要，請客戶自行觀察我司員工進行工作。&lt;/p&gt;\r\n\r\n&lt;p&gt;&amp;nbsp;&lt;/p&gt;\r\n\r\n&lt;p&gt;2.12 雖然我司使用的殺蟲劑對人類（過敏性體質人群除外）及大部分寵物是非常安全，但對水生動物及部分爬蟲類是有高度的毒性。如有任何魚缸，水族缸或魚池含有該等動物，請在治理前通知我們及/或用濕毛巾及膠布覆蓋所有開口及其過濾系統；否則由此造成的後果我司不予承擔。&lt;/p&gt;\r\n\r\n&lt;p&gt;&amp;nbsp;&lt;/p&gt;\r\n\r\n&lt;p&gt;2.13 一切由蟲害或白蟻或鼠類所引致客戶的任何損害或損失,我司一概無須負責。&lt;/p&gt;\r\n\r\n&lt;p&gt;&amp;nbsp;&lt;/p&gt;\r\n\r\n&lt;p&gt;2.14 本協議履行中發生不可抗力，導致一方無法履行約定義務的，該方應在不可抗力發生後14天內以書面形式通知另一方。如不可抗力結束後，仍存在繼續履行的可能性，應繼續履行本協議。&lt;/p&gt;\r\n\r\n&lt;p&gt;&amp;nbsp;&lt;/p&gt;\r\n\r\n&lt;p&gt;2.15 本報價只適用於蟑螂/跳虱/螞蟻/老鼠/衣魚的一次性服務。&lt;/p&gt;\r\n', '&lt;p&gt;1.&amp;nbsp;&amp;nbsp;&amp;nbsp;&amp;nbsp; 付款條款與合約章則&lt;/p&gt;\r\n\r\n&lt;p&gt;&amp;nbsp;&lt;/p&gt;\r\n\r\n&lt;p&gt;1.1&amp;nbsp; &amp;nbsp; &amp;nbsp;服務協定：於協定簽署後，本協定於所載期間內均具有約束力。&lt;/p&gt;\r\n\r\n&lt;p&gt;&amp;nbsp;&lt;/p&gt;\r\n\r\n&lt;p&gt;1.2&amp;nbsp; &amp;nbsp; &amp;nbsp;付款：&lt;/p&gt;\r\n\r\n&lt;p&gt;&amp;nbsp;&lt;/p&gt;\r\n\r\n&lt;p&gt;1.2.1&amp;nbsp; &amp;nbsp; &amp;nbsp;所有家居服務費用必須要預先支付。我司將于第一次服務時提供正規發票給客戶。付款方式如下：&lt;/p&gt;\r\n\r\n&lt;p&gt;&amp;nbsp;&lt;/p&gt;\r\n\r\n&lt;table border=&quot;0&quot; cellpadding=&quot;0&quot; cellspacing=&quot;0&quot; style=&quot;width:80%&quot;&gt;\r\n	&lt;tbody&gt;\r\n		&lt;tr&gt;\r\n			&lt;td&gt;i. 支付寶&lt;/td&gt;\r\n		&lt;/tr&gt;\r\n		&lt;tr&gt;\r\n			&lt;td&gt;&lt;img alt=&quot;&quot; src=&quot;Public/Uploads/2018-03-02/1519961061.jpg&quot; style=&quot;height:100px; width:100px&quot; /&gt;&lt;/td&gt;\r\n		&lt;/tr&gt;\r\n	&lt;/tbody&gt;\r\n&lt;/table&gt;\r\n\r\n&lt;p&gt;&amp;nbsp;&lt;/p&gt;\r\n\r\n&lt;p&gt;iii.&amp;nbsp;&amp;nbsp;&amp;nbsp; 銀行轉賬:&lt;/p&gt;\r\n\r\n&lt;p&gt;&amp;nbsp; &amp;nbsp; &amp;nbsp; &amp;nbsp; 账户名：武汉史伟莎环保科技有限公司&lt;/p&gt;\r\n\r\n&lt;p&gt;&amp;nbsp; &amp;nbsp; &amp;nbsp; &amp;nbsp; 开户行：中国银行武汉华桥支行&lt;/p&gt;\r\n\r\n&lt;p&gt;&amp;nbsp; &amp;nbsp; &amp;nbsp; &amp;nbsp; 账&amp;nbsp; &amp;nbsp;号：5625 6751 5544&lt;/p&gt;\r\n\r\n&lt;p&gt;&amp;nbsp;&lt;/p&gt;\r\n\r\n&lt;p&gt;2.&amp;nbsp;&amp;nbsp;&amp;nbsp;&amp;nbsp; 其他協議條件&lt;/p&gt;\r\n\r\n&lt;p&gt;&amp;nbsp;&lt;/p&gt;\r\n\r\n&lt;p&gt;2.1&amp;nbsp;&amp;nbsp; 我司滅蟲管理服務部負責於本協議內所述之有關地址的室內/室外/範圍內及合約期間內，為所述之昆蟲種類進行防滅/檢查服務。我司作業人員奉行服務第一，顧客至上的原則，以認真負責的態度，確保每次滅蟲服務達到安全、優質、有效的品質標準。所有施工/治理均根據全國衛生檢查機構滅蟲滅害的標準進行。&lt;/p&gt;\r\n\r\n&lt;p&gt;&amp;nbsp;&lt;/p&gt;\r\n\r\n&lt;p&gt;2.2&amp;nbsp;&amp;nbsp; 如需要另行租用安全設備（如高空工作升降臺或鋁合金工作平臺）進行服務的，其租用該設備及/或額外勞工保險的費用將由客戶支付。否則，我司有權對此不進行滅蟲管理服務。&lt;/p&gt;\r\n\r\n&lt;p&gt;&amp;nbsp;&lt;/p&gt;\r\n\r\n&lt;p&gt;2.3&amp;nbsp;&amp;nbsp; 本協定的服務範圍不包括視覺上不能查驗、隱蔽或無法到達的地方。&lt;/p&gt;\r\n\r\n&lt;p&gt;&amp;nbsp;&lt;/p&gt;\r\n\r\n&lt;p&gt;2.4&amp;nbsp;&amp;nbsp; 本協定提供之利益只應用於協議所載樓宇、地方或物件。若物業有增建物時，須向我司發出書面通知；否則我司有權對新增建物不提供滅蟲管理服務。&lt;/p&gt;\r\n\r\n&lt;p&gt;&amp;nbsp;&lt;/p&gt;\r\n\r\n&lt;p&gt;2.5&amp;nbsp;&amp;nbsp; 在合約期間，如客戶提前終止合約，在取得我司的同意下，客戶仍須繳付200元人民幣作為行政費用。&lt;/p&gt;\r\n\r\n&lt;p&gt;&amp;nbsp;&lt;/p&gt;\r\n\r\n&lt;p&gt;2.6&amp;nbsp;&amp;nbsp; 在合約期間，如客戶需要搬遷居所，而新的居所面積與合約約定的面積有所分別，現有合約的剩餘價值將轉載於新的合約中。如客戶要求退款的，必須根據2.5的條款方式處理。&lt;/p&gt;\r\n\r\n&lt;p&gt;&amp;nbsp;&lt;/p&gt;\r\n\r\n&lt;p&gt;2.7&amp;nbsp;&amp;nbsp; 焗霧機器可將施藥藥劑直徑控制在30微米左右，藥劑會長時間懸浮于控制區域內。建議保持現場環境的封閉，換氣系統關閉。施藥後1小時後可開窗通風。如因客戶自身原因未達到此要求的，我司不承擔任何責任。&lt;/p&gt;\r\n\r\n&lt;p&gt;&amp;nbsp;&lt;/p&gt;\r\n\r\n&lt;p&gt;2.8&amp;nbsp;&amp;nbsp; 本協定之報價是根據客戶所提供樓面面積資料計算。因此, 當實際治理面積與客戶所述面積有差別時,我司保留調整報價的權利。&lt;/p&gt;\r\n\r\n&lt;p&gt;&amp;nbsp;&lt;/p&gt;\r\n\r\n&lt;p&gt;2.9&amp;nbsp;&amp;nbsp; 若滅蟲服務于獲得客戶確認日期及時間後，因客戶不在/或不能進入樓宇內而導致我司不能進行滅蟲服務，則我司有權收取200元人民幣, 作為誤工之賠償。&lt;/p&gt;\r\n\r\n&lt;p&gt;&amp;nbsp;&lt;/p&gt;\r\n\r\n&lt;p&gt;2.10 我司會以極細心及專業的態度進行滅蟲服務。為了更好的防止任何意外發生; 在治理服務時, 客戶必須確保所有貴重及易碎物品都已妥善保管及擺放好。如確因我司人員過錯造成關於上述物件損毀的索價，其上限為一仟元人民幣或合約約定月服務費的兩倍（以較低金額作準）。&lt;/p&gt;\r\n\r\n&lt;p&gt;&amp;nbsp;&lt;/p&gt;\r\n\r\n&lt;p&gt;2.11 在服務進行期間，我們建議客戶將貴重物品存放在安全的地方。如有需要，請客戶自行觀察我司員工進行工作。&lt;/p&gt;\r\n\r\n&lt;p&gt;&amp;nbsp;&lt;/p&gt;\r\n\r\n&lt;p&gt;2.12 雖然我司使用的殺蟲劑對人類（過敏性體質人群除外）及大部分寵物是非常安全，但對水生動物及部分爬蟲類是有高度的毒性。如有任何魚缸，水族缸或魚池含有該等動物，請在治理前通知我們及/或用濕毛巾及膠布覆蓋所有開口及其過濾系統；否則由此造成的後果我司不予承擔。&lt;/p&gt;\r\n\r\n&lt;p&gt;&amp;nbsp;&lt;/p&gt;\r\n\r\n&lt;p&gt;2.13 一切由蟲害或白蟻或鼠類所引致客戶的任何損害或損失,我司一概無須負責。&lt;/p&gt;\r\n\r\n&lt;p&gt;&amp;nbsp;&lt;/p&gt;\r\n\r\n&lt;p&gt;2.14 本協議履行中發生不可抗力，導致一方無法履行約定義務的，該方應在不可抗力發生後14天內以書面形式通知另一方。如不可抗力結束後，仍存在繼續履行的可能性，應繼續履行本協議。&lt;/p&gt;\r\n\r\n&lt;p&gt;&amp;nbsp;&lt;/p&gt;\r\n\r\n&lt;p&gt;2.15 本報價只適用於蟑螂/跳虱/螞蟻/老鼠/衣魚的一次性服務。&lt;/p&gt;\r\n', '&lt;p&gt;1.&amp;nbsp;&amp;nbsp;&amp;nbsp;&amp;nbsp; 付款條款與合約章則&lt;/p&gt;\r\n\r\n&lt;p&gt;&amp;nbsp;&lt;/p&gt;\r\n\r\n&lt;p&gt;1.1&amp;nbsp; &amp;nbsp; &amp;nbsp;服務協定：於協定簽署後，本協定於所載期間內均具有約束力。&lt;/p&gt;\r\n\r\n&lt;p&gt;&amp;nbsp;&lt;/p&gt;\r\n\r\n&lt;p&gt;1.2&amp;nbsp; &amp;nbsp; &amp;nbsp;付款：&lt;/p&gt;\r\n\r\n&lt;p&gt;&amp;nbsp;&lt;/p&gt;\r\n\r\n&lt;p&gt;1.2.1&amp;nbsp; &amp;nbsp; &amp;nbsp;所有家居服務費用必須要預先支付。我司將于第一次服務時提供正規發票給客戶。付款方式如下：&lt;/p&gt;\r\n\r\n&lt;p&gt;&amp;nbsp;&lt;/p&gt;\r\n\r\n&lt;table border=&quot;0&quot; cellpadding=&quot;0&quot; cellspacing=&quot;0&quot; style=&quot;width:80%&quot;&gt;\r\n	&lt;tbody&gt;\r\n		&lt;tr&gt;\r\n			&lt;td&gt;\r\n			&lt;p&gt;1.&amp;nbsp;&amp;nbsp;&amp;nbsp;&amp;nbsp; 付款條款與合約章則&lt;/p&gt;\r\n\r\n			&lt;p&gt;&amp;nbsp;&lt;/p&gt;\r\n\r\n			&lt;p&gt;1.1&amp;nbsp; &amp;nbsp; &amp;nbsp;服務協定：於協定簽署後，本協定於所載期間內均具有約束力。&lt;/p&gt;\r\n\r\n			&lt;p&gt;&amp;nbsp;&lt;/p&gt;\r\n\r\n			&lt;p&gt;1.2&amp;nbsp; &amp;nbsp; &amp;nbsp;付款：&lt;/p&gt;\r\n\r\n			&lt;p&gt;&amp;nbsp;&lt;/p&gt;\r\n\r\n			&lt;p&gt;1.2.1&amp;nbsp; &amp;nbsp; &amp;nbsp;所有家居服務費用必須要預先支付。我司將于第一次服務時提供正規發票給客戶。付款方式如下：&lt;/p&gt;\r\n\r\n			&lt;p&gt;&amp;nbsp;&lt;/p&gt;\r\n\r\n			&lt;table border=&quot;0&quot; cellpadding=&quot;0&quot; cellspacing=&quot;0&quot; style=&quot;width:80%&quot;&gt;\r\n				&lt;tbody&gt;\r\n					&lt;tr&gt;\r\n						&lt;td&gt;i. 支付寶&lt;/td&gt;\r\n					&lt;/tr&gt;\r\n					&lt;tr&gt;\r\n						&lt;td&gt;&lt;img alt=&quot;&quot; src=&quot;Public/Uploads/2018-03-02/1519961061.jpg&quot; style=&quot;height:100px; width:100px&quot; /&gt;&lt;/td&gt;\r\n					&lt;/tr&gt;\r\n				&lt;/tbody&gt;\r\n			&lt;/table&gt;\r\n\r\n			&lt;p&gt;&amp;nbsp;&lt;/p&gt;\r\n\r\n			&lt;p&gt;iii.&amp;nbsp;&amp;nbsp;&amp;nbsp; 銀行轉賬:&lt;/p&gt;\r\n\r\n			&lt;p&gt;&amp;nbsp; &amp;nbsp; &amp;nbsp; &amp;nbsp; 账户名：武汉史伟莎环保科技有限公司&lt;/p&gt;\r\n\r\n			&lt;p&gt;&amp;nbsp; &amp;nbsp; &amp;nbsp; &amp;nbsp; 开户行：中国银行武汉华桥支行&lt;/p&gt;\r\n\r\n			&lt;p&gt;&amp;nbsp; &amp;nbsp; &amp;nbsp; &amp;nbsp; 账&amp;nbsp; &amp;nbsp;号：5625 6751 5544&lt;/p&gt;\r\n\r\n			&lt;p&gt;&amp;nbsp;&lt;/p&gt;\r\n\r\n			&lt;p&gt;2.&amp;nbsp;&amp;nbsp;&amp;nbsp;&amp;nbsp; 其他協議條件&lt;/p&gt;\r\n\r\n			&lt;p&gt;&amp;nbsp;&lt;/p&gt;\r\n\r\n			&lt;p&gt;2.1&amp;nbsp;&amp;nbsp; 我司滅蟲管理服務部負責於本協議內所述之有關地址的室內/室外/範圍內及合約期間內，為所述之昆蟲種類進行防滅/檢查服務。我司作業人員奉行服務第一，顧客至上的原則，以認真負責的態度，確保每次滅蟲服務達到安全、優質、有效的品質標準。所有施工/治理均根據全國衛生檢查機構滅蟲滅害的標準進行。&lt;/p&gt;\r\n\r\n			&lt;p&gt;&amp;nbsp;&lt;/p&gt;\r\n\r\n			&lt;p&gt;2.2&amp;nbsp;&amp;nbsp; 如需要另行租用安全設備（如高空工作升降臺或鋁合金工作平臺）進行服務的，其租用該設備及/或額外勞工保險的費用將由客戶支付。否則，我司有權對此不進行滅蟲管理服務。&lt;/p&gt;\r\n\r\n			&lt;p&gt;&amp;nbsp;&lt;/p&gt;\r\n\r\n			&lt;p&gt;2.3&amp;nbsp;&amp;nbsp; 本協定的服務範圍不包括視覺上不能查驗、隱蔽或無法到達的地方。&lt;/p&gt;\r\n\r\n			&lt;p&gt;&amp;nbsp;&lt;/p&gt;\r\n\r\n			&lt;p&gt;2.4&amp;nbsp;&amp;nbsp; 本協定提供之利益只應用於協議所載樓宇、地方或物件。若物業有增建物時，須向我司發出書面通知；否則我司有權對新增建物不提供滅蟲管理服務。&lt;/p&gt;\r\n\r\n			&lt;p&gt;&amp;nbsp;&lt;/p&gt;\r\n\r\n			&lt;p&gt;2.5&amp;nbsp;&amp;nbsp; 在合約期間，如客戶提前終止合約，在取得我司的同意下，客戶仍須繳付200元人民幣作為行政費用。&lt;/p&gt;\r\n\r\n			&lt;p&gt;&amp;nbsp;&lt;/p&gt;\r\n\r\n			&lt;p&gt;2.6&amp;nbsp;&amp;nbsp; 在合約期間，如客戶需要搬遷居所，而新的居所面積與合約約定的面積有所分別，現有合約的剩餘價值將轉載於新的合約中。如客戶要求退款的，必須根據2.5的條款方式處理。&lt;/p&gt;\r\n\r\n			&lt;p&gt;&amp;nbsp;&lt;/p&gt;\r\n\r\n			&lt;p&gt;2.7&amp;nbsp;&amp;nbsp; 焗霧機器可將施藥藥劑直徑控制在30微米左右，藥劑會長時間懸浮于控制區域內。建議保持現場環境的封閉，換氣系統關閉。施藥後1小時後可開窗通風。如因客戶自身原因未達到此要求的，我司不承擔任何責任。&lt;/p&gt;\r\n\r\n			&lt;p&gt;&amp;nbsp;&lt;/p&gt;\r\n\r\n			&lt;p&gt;2.8&amp;nbsp;&amp;nbsp; 本協定之報價是根據客戶所提供樓面面積資料計算。因此, 當實際治理面積與客戶所述面積有差別時,我司保留調整報價的權利。&lt;/p&gt;\r\n\r\n			&lt;p&gt;&amp;nbsp;&lt;/p&gt;\r\n\r\n			&lt;p&gt;2.9&amp;nbsp;&amp;nbsp; 若滅蟲服務于獲得客戶確認日期及時間後，因客戶不在/或不能進入樓宇內而導致我司不能進行滅蟲服務，則我司有權收取200元人民幣, 作為誤工之賠償。&lt;/p&gt;\r\n\r\n			&lt;p&gt;&amp;nbsp;&lt;/p&gt;\r\n\r\n			&lt;p&gt;2.10 我司會以極細心及專業的態度進行滅蟲服務。為了更好的防止任何意外發生; 在治理服務時, 客戶必須確保所有貴重及易碎物品都已妥善保管及擺放好。如確因我司人員過錯造成關於上述物件損毀的索價，其上限為一仟元人民幣或合約約定月服務費的兩倍（以較低金額作準）。&lt;/p&gt;\r\n\r\n			&lt;p&gt;&amp;nbsp;&lt;/p&gt;\r\n\r\n			&lt;p&gt;2.11 在服務進行期間，我們建議客戶將貴重物品存放在安全的地方。如有需要，請客戶自行觀察我司員工進行工作。&lt;/p&gt;\r\n\r\n			&lt;p&gt;&amp;nbsp;&lt;/p&gt;\r\n\r\n			&lt;p&gt;2.12 雖然我司使用的殺蟲劑對人類（過敏性體質人群除外）及大部分寵物是非常安全，但對水生動物及部分爬蟲類是有高度的毒性。如有任何魚缸，水族缸或魚池含有該等動物，請在治理前通知我們及/或用濕毛巾及膠布覆蓋所有開口及其過濾系統；否則由此造成的後果我司不予承擔。&lt;/p&gt;\r\n\r\n			&lt;p&gt;&amp;nbsp;&lt;/p&gt;\r\n\r\n			&lt;p&gt;2.13 一切由蟲害或白蟻或鼠類所引致客戶的任何損害或損失,我司一概無須負責。&lt;/p&gt;\r\n\r\n			&lt;p&gt;&amp;nbsp;&lt;/p&gt;\r\n\r\n			&lt;p&gt;2.14 本協議履行中發生不可抗力，導致一方無法履行約定義務的，該方應在不可抗力發生後14天內以書面形式通知另一方。如不可抗力結束後，仍存在繼續履行的可能性，應繼續履行本協議。&lt;/p&gt;\r\n\r\n			&lt;p&gt;&amp;nbsp;&lt;/p&gt;\r\n\r\n			&lt;p&gt;2.15 本報價只適用於蟑螂/跳虱/螞蟻/老鼠/衣魚的一次性服務。&lt;/p&gt;\r\n			&lt;/td&gt;\r\n			&lt;td&gt;&amp;nbsp;&lt;/td&gt;\r\n		&lt;/tr&gt;\r\n		&lt;tr&gt;\r\n			&lt;td&gt;&amp;nbsp;&lt;/td&gt;\r\n			&lt;td&gt;&amp;nbsp;&lt;/td&gt;\r\n		&lt;/tr&gt;\r\n	&lt;/tbody&gt;\r\n&lt;/table&gt;\r\n\r\n&lt;p&gt;&amp;nbsp;&lt;/p&gt;\r\n\r\n&lt;p&gt;iii.&amp;nbsp;&amp;nbsp;&amp;nbsp; 銀行轉賬:&lt;/p&gt;\r\n\r\n&lt;p&gt;&amp;nbsp; &amp;nbsp; &amp;nbsp; &amp;nbsp; 账户名：武汉史伟莎环保科技有限公司&lt;/p&gt;\r\n\r\n&lt;p&gt;&amp;nbsp; &amp;nbsp; &amp;nbsp; &amp;nbsp; 开户行：中国银行武汉华桥支行&lt;/p&gt;\r\n\r\n&lt;p&gt;&amp;nbsp; &amp;nbsp; &amp;nbsp; &amp;nbsp; 账&amp;nbsp; &amp;nbsp;号：5625 6751 5544&lt;/p&gt;\r\n\r\n&lt;p&gt;&amp;nbsp;&lt;/p&gt;\r\n\r\n&lt;p&gt;2.&amp;nbsp;&amp;nbsp;&amp;nbsp;&amp;nbsp; 其他協議條件&lt;/p&gt;\r\n\r\n&lt;p&gt;&amp;nbsp;&lt;/p&gt;\r\n\r\n&lt;p&gt;2.1&amp;nbsp;&amp;nbsp; 我司滅蟲管理服務部負責於本協議內所述之有關地址的室內/室外/範圍內及合約期間內，為所述之昆蟲種類進行防滅/檢查服務。我司作業人員奉行服務第一，顧客至上的原則，以認真負責的態度，確保每次滅蟲服務達到安全、優質、有效的品質標準。所有施工/治理均根據全國衛生檢查機構滅蟲滅害的標準進行。&lt;/p&gt;\r\n\r\n&lt;p&gt;&amp;nbsp;&lt;/p&gt;\r\n\r\n&lt;p&gt;2.2&amp;nbsp;&amp;nbsp; 如需要另行租用安全設備（如高空工作升降臺或鋁合金工作平臺）進行服務的，其租用該設備及/或額外勞工保險的費用將由客戶支付。否則，我司有權對此不進行滅蟲管理服務。&lt;/p&gt;\r\n\r\n&lt;p&gt;&amp;nbsp;&lt;/p&gt;\r\n\r\n&lt;p&gt;2.3&amp;nbsp;&amp;nbsp; 本協定的服務範圍不包括視覺上不能查驗、隱蔽或無法到達的地方。&lt;/p&gt;\r\n\r\n&lt;p&gt;&amp;nbsp;&lt;/p&gt;\r\n\r\n&lt;p&gt;2.4&amp;nbsp;&amp;nbsp; 本協定提供之利益只應用於協議所載樓宇、地方或物件。若物業有增建物時，須向我司發出書面通知；否則我司有權對新增建物不提供滅蟲管理服務。&lt;/p&gt;\r\n\r\n&lt;p&gt;&amp;nbsp;&lt;/p&gt;\r\n\r\n&lt;p&gt;2.5&amp;nbsp;&amp;nbsp; 在合約期間，如客戶提前終止合約，在取得我司的同意下，客戶仍須繳付200元人民幣作為行政費用。&lt;/p&gt;\r\n\r\n&lt;p&gt;&amp;nbsp;&lt;/p&gt;\r\n\r\n&lt;p&gt;2.6&amp;nbsp;&amp;nbsp; 在合約期間，如客戶需要搬遷居所，而新的居所面積與合約約定的面積有所分別，現有合約的剩餘價值將轉載於新的合約中。如客戶要求退款的，必須根據2.5的條款方式處理。&lt;/p&gt;\r\n\r\n&lt;p&gt;&amp;nbsp;&lt;/p&gt;\r\n\r\n&lt;p&gt;2.7&amp;nbsp;&amp;nbsp; 焗霧機器可將施藥藥劑直徑控制在30微米左右，藥劑會長時間懸浮于控制區域內。建議保持現場環境的封閉，換氣系統關閉。施藥後1小時後可開窗通風。如因客戶自身原因未達到此要求的，我司不承擔任何責任。&lt;/p&gt;\r\n\r\n&lt;p&gt;&amp;nbsp;&lt;/p&gt;\r\n\r\n&lt;p&gt;2.8&amp;nbsp;&amp;nbsp; 本協定之報價是根據客戶所提供樓面面積資料計算。因此, 當實際治理面積與客戶所述面積有差別時,我司保留調整報價的權利。&lt;/p&gt;\r\n\r\n&lt;p&gt;&amp;nbsp;&lt;/p&gt;\r\n\r\n&lt;p&gt;2.9&amp;nbsp;&amp;nbsp; 若滅蟲服務于獲得客戶確認日期及時間後，因客戶不在/或不能進入樓宇內而導致我司不能進行滅蟲服務，則我司有權收取200元人民幣, 作為誤工之賠償。&lt;/p&gt;\r\n\r\n&lt;p&gt;&amp;nbsp;&lt;/p&gt;\r\n\r\n&lt;p&gt;2.10 我司會以極細心及專業的態度進行滅蟲服務。為了更好的防止任何意外發生; 在治理服務時, 客戶必須確保所有貴重及易碎物品都已妥善保管及擺放好。如確因我司人員過錯造成關於上述物件損毀的索價，其上限為一仟元人民幣或合約約定月服務費的兩倍（以較低金額作準）。&lt;/p&gt;\r\n\r\n&lt;p&gt;&amp;nbsp;&lt;/p&gt;\r\n\r\n&lt;p&gt;2.11 在服務進行期間，我們建議客戶將貴重物品存放在安全的地方。如有需要，請客戶自行觀察我司員工進行工作。&lt;/p&gt;\r\n\r\n&lt;p&gt;&amp;nbsp;&lt;/p&gt;\r\n\r\n&lt;p&gt;2.12 雖然我司使用的殺蟲劑對人類（過敏性體質人群除外）及大部分寵物是非常安全，但對水生動物及部分爬蟲類是有高度的毒性。如有任何魚缸，水族缸或魚池含有該等動物，請在治理前通知我們及/或用濕毛巾及膠布覆蓋所有開口及其過濾系統；否則由此造成的後果我司不予承擔。&lt;/p&gt;\r\n\r\n&lt;p&gt;&amp;nbsp;&lt;/p&gt;\r\n\r\n&lt;p&gt;2.13 一切由蟲害或白蟻或鼠類所引致客戶的任何損害或損失,我司一概無須負責。&lt;/p&gt;\r\n\r\n&lt;p&gt;&amp;nbsp;&lt;/p&gt;\r\n\r\n&lt;p&gt;2.14 本協議履行中發生不可抗力，導致一方無法履行約定義務的，該方應在不可抗力發生後14天內以書面形式通知另一方。如不可抗力結束後，仍存在繼續履行的可能性，應繼續履行本協議。&lt;/p&gt;\r\n\r\n&lt;p&gt;&amp;nbsp;&lt;/p&gt;\r\n\r\n&lt;p&gt;2.15 本報價只適用於蟑螂/跳虱/螞蟻/老鼠/衣魚的一次性服務。&lt;/p&gt;\r\n');
INSERT INTO `quote_city` (`id`, `region_id`, `city_name`, `city_name_tw`, `city_name_us`, `z_index`, `other_open`, `other_price`, `currency_type`, `b_unit`, `company`, `company_tw`, `company_us`, `seal`, `terms`, `terms_tw`, `terms_us`) VALUES
(38, 3, '杭州', '杭州', 'Hangzhou', 13, 1, '150', 'RMB', 'mi', '杭州史伟莎环保科技有限公司', '杭州史伟莎环保科技有限公司', '杭州史伟莎环保科技有限公司', 'Public/Uploads/2018-03-02/1519960772.png', '&lt;p&gt;1.&amp;nbsp;&amp;nbsp;&amp;nbsp;&amp;nbsp; 付款條款與合約章則&lt;/p&gt;\r\n\r\n&lt;p&gt;&amp;nbsp;&lt;/p&gt;\r\n\r\n&lt;p&gt;1.1&amp;nbsp; &amp;nbsp; &amp;nbsp;服務協定：於協定簽署後，本協定於所載期間內均具有約束力。&lt;/p&gt;\r\n\r\n&lt;p&gt;&amp;nbsp;&lt;/p&gt;\r\n\r\n&lt;p&gt;1.2&amp;nbsp; &amp;nbsp; &amp;nbsp;付款：&lt;/p&gt;\r\n\r\n&lt;p&gt;&amp;nbsp;&lt;/p&gt;\r\n\r\n&lt;p&gt;1.2.1&amp;nbsp; &amp;nbsp; &amp;nbsp;所有家居服務費用必須要預先支付。我司將于第一次服務時提供正規發票給客戶。付款方式如下：&lt;/p&gt;\r\n\r\n&lt;p&gt;&amp;nbsp;&lt;/p&gt;\r\n\r\n&lt;table border=&quot;0&quot; cellpadding=&quot;0&quot; cellspacing=&quot;0&quot; style=&quot;width:80%&quot;&gt;\r\n	&lt;tbody&gt;\r\n		&lt;tr&gt;\r\n			&lt;td&gt;i. 支付寶&lt;/td&gt;\r\n		&lt;/tr&gt;\r\n		&lt;tr&gt;\r\n			&lt;td&gt;&lt;img alt=&quot;&quot; src=&quot;Public/Uploads/2018-03-02/1519960708.jpg&quot; style=&quot;height:100px; width:100px&quot; /&gt;&lt;/td&gt;\r\n		&lt;/tr&gt;\r\n	&lt;/tbody&gt;\r\n&lt;/table&gt;\r\n\r\n&lt;p&gt;&amp;nbsp;&lt;/p&gt;\r\n\r\n&lt;p&gt;iii.&amp;nbsp;&amp;nbsp;&amp;nbsp; 銀行轉賬:&lt;/p&gt;\r\n\r\n&lt;p&gt;&amp;nbsp; &amp;nbsp; &amp;nbsp; &amp;nbsp; 账户名：杭州史伟莎环保科技有限公司&lt;/p&gt;\r\n\r\n&lt;p&gt;&amp;nbsp; &amp;nbsp; &amp;nbsp; &amp;nbsp; 开户行：中国工商银行西兴支行&lt;/p&gt;\r\n\r\n&lt;p&gt;&amp;nbsp; &amp;nbsp; &amp;nbsp; &amp;nbsp; 账&amp;nbsp; &amp;nbsp;号：1202 0231 1990 0078 630&lt;/p&gt;\r\n\r\n&lt;p&gt;&amp;nbsp;&lt;/p&gt;\r\n\r\n&lt;p&gt;2.&amp;nbsp;&amp;nbsp;&amp;nbsp;&amp;nbsp; 其他協議條件&lt;/p&gt;\r\n\r\n&lt;p&gt;&amp;nbsp;&lt;/p&gt;\r\n\r\n&lt;p&gt;2.1&amp;nbsp;&amp;nbsp; 我司滅蟲管理服務部負責於本協議內所述之有關地址的室內/室外/範圍內及合約期間內，為所述之昆蟲種類進行防滅/檢查服務。我司作業人員奉行服務第一，顧客至上的原則，以認真負責的態度，確保每次滅蟲服務達到安全、優質、有效的品質標準。所有施工/治理均根據全國衛生檢查機構滅蟲滅害的標準進行。&lt;/p&gt;\r\n\r\n&lt;p&gt;&amp;nbsp;&lt;/p&gt;\r\n\r\n&lt;p&gt;2.2&amp;nbsp;&amp;nbsp; 如需要另行租用安全設備（如高空工作升降臺或鋁合金工作平臺）進行服務的，其租用該設備及/或額外勞工保險的費用將由客戶支付。否則，我司有權對此不進行滅蟲管理服務。&lt;/p&gt;\r\n\r\n&lt;p&gt;&amp;nbsp;&lt;/p&gt;\r\n\r\n&lt;p&gt;2.3&amp;nbsp;&amp;nbsp; 本協定的服務範圍不包括視覺上不能查驗、隱蔽或無法到達的地方。&lt;/p&gt;\r\n\r\n&lt;p&gt;&amp;nbsp;&lt;/p&gt;\r\n\r\n&lt;p&gt;2.4&amp;nbsp;&amp;nbsp; 本協定提供之利益只應用於協議所載樓宇、地方或物件。若物業有增建物時，須向我司發出書面通知；否則我司有權對新增建物不提供滅蟲管理服務。&lt;/p&gt;\r\n\r\n&lt;p&gt;&amp;nbsp;&lt;/p&gt;\r\n\r\n&lt;p&gt;2.5&amp;nbsp;&amp;nbsp; 在合約期間，如客戶提前終止合約，在取得我司的同意下，客戶仍須繳付200元人民幣作為行政費用。&lt;/p&gt;\r\n\r\n&lt;p&gt;&amp;nbsp;&lt;/p&gt;\r\n\r\n&lt;p&gt;2.6&amp;nbsp;&amp;nbsp; 在合約期間，如客戶需要搬遷居所，而新的居所面積與合約約定的面積有所分別，現有合約的剩餘價值將轉載於新的合約中。如客戶要求退款的，必須根據2.5的條款方式處理。&lt;/p&gt;\r\n\r\n&lt;p&gt;&amp;nbsp;&lt;/p&gt;\r\n\r\n&lt;p&gt;2.7&amp;nbsp;&amp;nbsp; 焗霧機器可將施藥藥劑直徑控制在30微米左右，藥劑會長時間懸浮于控制區域內。建議保持現場環境的封閉，換氣系統關閉。施藥後1小時後可開窗通風。如因客戶自身原因未達到此要求的，我司不承擔任何責任。&lt;/p&gt;\r\n\r\n&lt;p&gt;&amp;nbsp;&lt;/p&gt;\r\n\r\n&lt;p&gt;2.8&amp;nbsp;&amp;nbsp; 本協定之報價是根據客戶所提供樓面面積資料計算。因此, 當實際治理面積與客戶所述面積有差別時,我司保留調整報價的權利。&lt;/p&gt;\r\n\r\n&lt;p&gt;&amp;nbsp;&lt;/p&gt;\r\n\r\n&lt;p&gt;2.9&amp;nbsp;&amp;nbsp; 若滅蟲服務于獲得客戶確認日期及時間後，因客戶不在/或不能進入樓宇內而導致我司不能進行滅蟲服務，則我司有權收取200元人民幣, 作為誤工之賠償。&lt;/p&gt;\r\n\r\n&lt;p&gt;&amp;nbsp;&lt;/p&gt;\r\n\r\n&lt;p&gt;2.10 我司會以極細心及專業的態度進行滅蟲服務。為了更好的防止任何意外發生; 在治理服務時, 客戶必須確保所有貴重及易碎物品都已妥善保管及擺放好。如確因我司人員過錯造成關於上述物件損毀的索價，其上限為一仟元人民幣或合約約定月服務費的兩倍（以較低金額作準）。&lt;/p&gt;\r\n\r\n&lt;p&gt;&amp;nbsp;&lt;/p&gt;\r\n\r\n&lt;p&gt;2.11 在服務進行期間，我們建議客戶將貴重物品存放在安全的地方。如有需要，請客戶自行觀察我司員工進行工作。&lt;/p&gt;\r\n\r\n&lt;p&gt;&amp;nbsp;&lt;/p&gt;\r\n\r\n&lt;p&gt;2.12 雖然我司使用的殺蟲劑對人類（過敏性體質人群除外）及大部分寵物是非常安全，但對水生動物及部分爬蟲類是有高度的毒性。如有任何魚缸，水族缸或魚池含有該等動物，請在治理前通知我們及/或用濕毛巾及膠布覆蓋所有開口及其過濾系統；否則由此造成的後果我司不予承擔。&lt;/p&gt;\r\n\r\n&lt;p&gt;&amp;nbsp;&lt;/p&gt;\r\n\r\n&lt;p&gt;2.13 一切由蟲害或白蟻或鼠類所引致客戶的任何損害或損失,我司一概無須負責。&lt;/p&gt;\r\n\r\n&lt;p&gt;&amp;nbsp;&lt;/p&gt;\r\n\r\n&lt;p&gt;2.14 本協議履行中發生不可抗力，導致一方無法履行約定義務的，該方應在不可抗力發生後14天內以書面形式通知另一方。如不可抗力結束後，仍存在繼續履行的可能性，應繼續履行本協議。&lt;/p&gt;\r\n\r\n&lt;p&gt;&amp;nbsp;&lt;/p&gt;\r\n\r\n&lt;p&gt;2.15 本報價只適用於蟑螂/跳虱/螞蟻/老鼠/衣魚的一次性服務。&lt;/p&gt;\r\n', '&lt;p&gt;1.&amp;nbsp;&amp;nbsp;&amp;nbsp;&amp;nbsp; 付款條款與合約章則&lt;/p&gt;\r\n\r\n&lt;p&gt;&amp;nbsp;&lt;/p&gt;\r\n\r\n&lt;p&gt;1.1&amp;nbsp; &amp;nbsp; &amp;nbsp;服務協定：於協定簽署後，本協定於所載期間內均具有約束力。&lt;/p&gt;\r\n\r\n&lt;p&gt;&amp;nbsp;&lt;/p&gt;\r\n\r\n&lt;p&gt;1.2&amp;nbsp; &amp;nbsp; &amp;nbsp;付款：&lt;/p&gt;\r\n\r\n&lt;p&gt;&amp;nbsp;&lt;/p&gt;\r\n\r\n&lt;p&gt;1.2.1&amp;nbsp; &amp;nbsp; &amp;nbsp;所有家居服務費用必須要預先支付。我司將于第一次服務時提供正規發票給客戶。付款方式如下：&lt;/p&gt;\r\n\r\n&lt;p&gt;&amp;nbsp;&lt;/p&gt;\r\n\r\n&lt;table border=&quot;0&quot; cellpadding=&quot;0&quot; cellspacing=&quot;0&quot; style=&quot;width:80%&quot;&gt;\r\n	&lt;tbody&gt;\r\n		&lt;tr&gt;\r\n			&lt;td&gt;i. 支付寶&lt;/td&gt;\r\n		&lt;/tr&gt;\r\n		&lt;tr&gt;\r\n			&lt;td&gt;&lt;img alt=&quot;&quot; src=&quot;Public/Uploads/2018-03-02/1519960708.jpg&quot; style=&quot;height:100px; width:100px&quot; /&gt;&lt;/td&gt;\r\n		&lt;/tr&gt;\r\n	&lt;/tbody&gt;\r\n&lt;/table&gt;\r\n\r\n&lt;p&gt;&amp;nbsp;&lt;/p&gt;\r\n\r\n&lt;p&gt;iii.&amp;nbsp;&amp;nbsp;&amp;nbsp; 銀行轉賬:&lt;/p&gt;\r\n\r\n&lt;p&gt;&amp;nbsp; &amp;nbsp; &amp;nbsp; &amp;nbsp; 账户名：杭州史伟莎环保科技有限公司&lt;/p&gt;\r\n\r\n&lt;p&gt;&amp;nbsp; &amp;nbsp; &amp;nbsp; &amp;nbsp; 开户行：中国工商银行西兴支行&lt;/p&gt;\r\n\r\n&lt;p&gt;&amp;nbsp; &amp;nbsp; &amp;nbsp; &amp;nbsp; 账&amp;nbsp; &amp;nbsp;号：1202 0231 1990 0078 630&lt;/p&gt;\r\n\r\n&lt;p&gt;&amp;nbsp;&lt;/p&gt;\r\n\r\n&lt;p&gt;2.&amp;nbsp;&amp;nbsp;&amp;nbsp;&amp;nbsp; 其他協議條件&lt;/p&gt;\r\n\r\n&lt;p&gt;&amp;nbsp;&lt;/p&gt;\r\n\r\n&lt;p&gt;2.1&amp;nbsp;&amp;nbsp; 我司滅蟲管理服務部負責於本協議內所述之有關地址的室內/室外/範圍內及合約期間內，為所述之昆蟲種類進行防滅/檢查服務。我司作業人員奉行服務第一，顧客至上的原則，以認真負責的態度，確保每次滅蟲服務達到安全、優質、有效的品質標準。所有施工/治理均根據全國衛生檢查機構滅蟲滅害的標準進行。&lt;/p&gt;\r\n\r\n&lt;p&gt;&amp;nbsp;&lt;/p&gt;\r\n\r\n&lt;p&gt;2.2&amp;nbsp;&amp;nbsp; 如需要另行租用安全設備（如高空工作升降臺或鋁合金工作平臺）進行服務的，其租用該設備及/或額外勞工保險的費用將由客戶支付。否則，我司有權對此不進行滅蟲管理服務。&lt;/p&gt;\r\n\r\n&lt;p&gt;&amp;nbsp;&lt;/p&gt;\r\n\r\n&lt;p&gt;2.3&amp;nbsp;&amp;nbsp; 本協定的服務範圍不包括視覺上不能查驗、隱蔽或無法到達的地方。&lt;/p&gt;\r\n\r\n&lt;p&gt;&amp;nbsp;&lt;/p&gt;\r\n\r\n&lt;p&gt;2.4&amp;nbsp;&amp;nbsp; 本協定提供之利益只應用於協議所載樓宇、地方或物件。若物業有增建物時，須向我司發出書面通知；否則我司有權對新增建物不提供滅蟲管理服務。&lt;/p&gt;\r\n\r\n&lt;p&gt;&amp;nbsp;&lt;/p&gt;\r\n\r\n&lt;p&gt;2.5&amp;nbsp;&amp;nbsp; 在合約期間，如客戶提前終止合約，在取得我司的同意下，客戶仍須繳付200元人民幣作為行政費用。&lt;/p&gt;\r\n\r\n&lt;p&gt;&amp;nbsp;&lt;/p&gt;\r\n\r\n&lt;p&gt;2.6&amp;nbsp;&amp;nbsp; 在合約期間，如客戶需要搬遷居所，而新的居所面積與合約約定的面積有所分別，現有合約的剩餘價值將轉載於新的合約中。如客戶要求退款的，必須根據2.5的條款方式處理。&lt;/p&gt;\r\n\r\n&lt;p&gt;&amp;nbsp;&lt;/p&gt;\r\n\r\n&lt;p&gt;2.7&amp;nbsp;&amp;nbsp; 焗霧機器可將施藥藥劑直徑控制在30微米左右，藥劑會長時間懸浮于控制區域內。建議保持現場環境的封閉，換氣系統關閉。施藥後1小時後可開窗通風。如因客戶自身原因未達到此要求的，我司不承擔任何責任。&lt;/p&gt;\r\n\r\n&lt;p&gt;&amp;nbsp;&lt;/p&gt;\r\n\r\n&lt;p&gt;2.8&amp;nbsp;&amp;nbsp; 本協定之報價是根據客戶所提供樓面面積資料計算。因此, 當實際治理面積與客戶所述面積有差別時,我司保留調整報價的權利。&lt;/p&gt;\r\n\r\n&lt;p&gt;&amp;nbsp;&lt;/p&gt;\r\n\r\n&lt;p&gt;2.9&amp;nbsp;&amp;nbsp; 若滅蟲服務于獲得客戶確認日期及時間後，因客戶不在/或不能進入樓宇內而導致我司不能進行滅蟲服務，則我司有權收取200元人民幣, 作為誤工之賠償。&lt;/p&gt;\r\n\r\n&lt;p&gt;&amp;nbsp;&lt;/p&gt;\r\n\r\n&lt;p&gt;2.10 我司會以極細心及專業的態度進行滅蟲服務。為了更好的防止任何意外發生; 在治理服務時, 客戶必須確保所有貴重及易碎物品都已妥善保管及擺放好。如確因我司人員過錯造成關於上述物件損毀的索價，其上限為一仟元人民幣或合約約定月服務費的兩倍（以較低金額作準）。&lt;/p&gt;\r\n\r\n&lt;p&gt;&amp;nbsp;&lt;/p&gt;\r\n\r\n&lt;p&gt;2.11 在服務進行期間，我們建議客戶將貴重物品存放在安全的地方。如有需要，請客戶自行觀察我司員工進行工作。&lt;/p&gt;\r\n\r\n&lt;p&gt;&amp;nbsp;&lt;/p&gt;\r\n\r\n&lt;p&gt;2.12 雖然我司使用的殺蟲劑對人類（過敏性體質人群除外）及大部分寵物是非常安全，但對水生動物及部分爬蟲類是有高度的毒性。如有任何魚缸，水族缸或魚池含有該等動物，請在治理前通知我們及/或用濕毛巾及膠布覆蓋所有開口及其過濾系統；否則由此造成的後果我司不予承擔。&lt;/p&gt;\r\n\r\n&lt;p&gt;&amp;nbsp;&lt;/p&gt;\r\n\r\n&lt;p&gt;2.13 一切由蟲害或白蟻或鼠類所引致客戶的任何損害或損失,我司一概無須負責。&lt;/p&gt;\r\n\r\n&lt;p&gt;&amp;nbsp;&lt;/p&gt;\r\n\r\n&lt;p&gt;2.14 本協議履行中發生不可抗力，導致一方無法履行約定義務的，該方應在不可抗力發生後14天內以書面形式通知另一方。如不可抗力結束後，仍存在繼續履行的可能性，應繼續履行本協議。&lt;/p&gt;\r\n\r\n&lt;p&gt;&amp;nbsp;&lt;/p&gt;\r\n\r\n&lt;p&gt;2.15 本報價只適用於蟑螂/跳虱/螞蟻/老鼠/衣魚的一次性服務。&lt;/p&gt;\r\n', '&lt;p&gt;1.&amp;nbsp;&amp;nbsp;&amp;nbsp;&amp;nbsp; 付款條款與合約章則&lt;/p&gt;\r\n\r\n&lt;p&gt;&amp;nbsp;&lt;/p&gt;\r\n\r\n&lt;p&gt;1.1&amp;nbsp; &amp;nbsp; &amp;nbsp;服務協定：於協定簽署後，本協定於所載期間內均具有約束力。&lt;/p&gt;\r\n\r\n&lt;p&gt;&amp;nbsp;&lt;/p&gt;\r\n\r\n&lt;p&gt;1.2&amp;nbsp; &amp;nbsp; &amp;nbsp;付款：&lt;/p&gt;\r\n\r\n&lt;p&gt;&amp;nbsp;&lt;/p&gt;\r\n\r\n&lt;p&gt;1.2.1&amp;nbsp; &amp;nbsp; &amp;nbsp;所有家居服務費用必須要預先支付。我司將于第一次服務時提供正規發票給客戶。付款方式如下：&lt;/p&gt;\r\n\r\n&lt;p&gt;&amp;nbsp;&lt;/p&gt;\r\n\r\n&lt;table border=&quot;0&quot; cellpadding=&quot;0&quot; cellspacing=&quot;0&quot; style=&quot;width:80%&quot;&gt;\r\n	&lt;tbody&gt;\r\n		&lt;tr&gt;\r\n			&lt;td&gt;i. 支付寶&lt;/td&gt;\r\n		&lt;/tr&gt;\r\n		&lt;tr&gt;\r\n			&lt;td&gt;&lt;img alt=&quot;&quot; src=&quot;Public/Uploads/2018-03-02/1519960708.jpg&quot; style=&quot;height:100px; width:100px&quot; /&gt;&lt;/td&gt;\r\n		&lt;/tr&gt;\r\n	&lt;/tbody&gt;\r\n&lt;/table&gt;\r\n\r\n&lt;p&gt;&amp;nbsp;&lt;/p&gt;\r\n\r\n&lt;p&gt;iii.&amp;nbsp;&amp;nbsp;&amp;nbsp; 銀行轉賬:&lt;/p&gt;\r\n\r\n&lt;p&gt;&amp;nbsp; &amp;nbsp; &amp;nbsp; &amp;nbsp; 账户名：杭州史伟莎环保科技有限公司&lt;/p&gt;\r\n\r\n&lt;p&gt;&amp;nbsp; &amp;nbsp; &amp;nbsp; &amp;nbsp; 开户行：中国工商银行西兴支行&lt;/p&gt;\r\n\r\n&lt;p&gt;&amp;nbsp; &amp;nbsp; &amp;nbsp; &amp;nbsp; 账&amp;nbsp; &amp;nbsp;号：1202 0231 1990 0078 630&lt;/p&gt;\r\n\r\n&lt;p&gt;&amp;nbsp;&lt;/p&gt;\r\n\r\n&lt;p&gt;2.&amp;nbsp;&amp;nbsp;&amp;nbsp;&amp;nbsp; 其他協議條件&lt;/p&gt;\r\n\r\n&lt;p&gt;&amp;nbsp;&lt;/p&gt;\r\n\r\n&lt;p&gt;2.1&amp;nbsp;&amp;nbsp; 我司滅蟲管理服務部負責於本協議內所述之有關地址的室內/室外/範圍內及合約期間內，為所述之昆蟲種類進行防滅/檢查服務。我司作業人員奉行服務第一，顧客至上的原則，以認真負責的態度，確保每次滅蟲服務達到安全、優質、有效的品質標準。所有施工/治理均根據全國衛生檢查機構滅蟲滅害的標準進行。&lt;/p&gt;\r\n\r\n&lt;p&gt;&amp;nbsp;&lt;/p&gt;\r\n\r\n&lt;p&gt;2.2&amp;nbsp;&amp;nbsp; 如需要另行租用安全設備（如高空工作升降臺或鋁合金工作平臺）進行服務的，其租用該設備及/或額外勞工保險的費用將由客戶支付。否則，我司有權對此不進行滅蟲管理服務。&lt;/p&gt;\r\n\r\n&lt;p&gt;&amp;nbsp;&lt;/p&gt;\r\n\r\n&lt;p&gt;2.3&amp;nbsp;&amp;nbsp; 本協定的服務範圍不包括視覺上不能查驗、隱蔽或無法到達的地方。&lt;/p&gt;\r\n\r\n&lt;p&gt;&amp;nbsp;&lt;/p&gt;\r\n\r\n&lt;p&gt;2.4&amp;nbsp;&amp;nbsp; 本協定提供之利益只應用於協議所載樓宇、地方或物件。若物業有增建物時，須向我司發出書面通知；否則我司有權對新增建物不提供滅蟲管理服務。&lt;/p&gt;\r\n\r\n&lt;p&gt;&amp;nbsp;&lt;/p&gt;\r\n\r\n&lt;p&gt;2.5&amp;nbsp;&amp;nbsp; 在合約期間，如客戶提前終止合約，在取得我司的同意下，客戶仍須繳付200元人民幣作為行政費用。&lt;/p&gt;\r\n\r\n&lt;p&gt;&amp;nbsp;&lt;/p&gt;\r\n\r\n&lt;p&gt;2.6&amp;nbsp;&amp;nbsp; 在合約期間，如客戶需要搬遷居所，而新的居所面積與合約約定的面積有所分別，現有合約的剩餘價值將轉載於新的合約中。如客戶要求退款的，必須根據2.5的條款方式處理。&lt;/p&gt;\r\n\r\n&lt;p&gt;&amp;nbsp;&lt;/p&gt;\r\n\r\n&lt;p&gt;2.7&amp;nbsp;&amp;nbsp; 焗霧機器可將施藥藥劑直徑控制在30微米左右，藥劑會長時間懸浮于控制區域內。建議保持現場環境的封閉，換氣系統關閉。施藥後1小時後可開窗通風。如因客戶自身原因未達到此要求的，我司不承擔任何責任。&lt;/p&gt;\r\n\r\n&lt;p&gt;&amp;nbsp;&lt;/p&gt;\r\n\r\n&lt;p&gt;2.8&amp;nbsp;&amp;nbsp; 本協定之報價是根據客戶所提供樓面面積資料計算。因此, 當實際治理面積與客戶所述面積有差別時,我司保留調整報價的權利。&lt;/p&gt;\r\n\r\n&lt;p&gt;&amp;nbsp;&lt;/p&gt;\r\n\r\n&lt;p&gt;2.9&amp;nbsp;&amp;nbsp; 若滅蟲服務于獲得客戶確認日期及時間後，因客戶不在/或不能進入樓宇內而導致我司不能進行滅蟲服務，則我司有權收取200元人民幣, 作為誤工之賠償。&lt;/p&gt;\r\n\r\n&lt;p&gt;&amp;nbsp;&lt;/p&gt;\r\n\r\n&lt;p&gt;2.10 我司會以極細心及專業的態度進行滅蟲服務。為了更好的防止任何意外發生; 在治理服務時, 客戶必須確保所有貴重及易碎物品都已妥善保管及擺放好。如確因我司人員過錯造成關於上述物件損毀的索價，其上限為一仟元人民幣或合約約定月服務費的兩倍（以較低金額作準）。&lt;/p&gt;\r\n\r\n&lt;p&gt;&amp;nbsp;&lt;/p&gt;\r\n\r\n&lt;p&gt;2.11 在服務進行期間，我們建議客戶將貴重物品存放在安全的地方。如有需要，請客戶自行觀察我司員工進行工作。&lt;/p&gt;\r\n\r\n&lt;p&gt;&amp;nbsp;&lt;/p&gt;\r\n\r\n&lt;p&gt;2.12 雖然我司使用的殺蟲劑對人類（過敏性體質人群除外）及大部分寵物是非常安全，但對水生動物及部分爬蟲類是有高度的毒性。如有任何魚缸，水族缸或魚池含有該等動物，請在治理前通知我們及/或用濕毛巾及膠布覆蓋所有開口及其過濾系統；否則由此造成的後果我司不予承擔。&lt;/p&gt;\r\n\r\n&lt;p&gt;&amp;nbsp;&lt;/p&gt;\r\n\r\n&lt;p&gt;2.13 一切由蟲害或白蟻或鼠類所引致客戶的任何損害或損失,我司一概無須負責。&lt;/p&gt;\r\n\r\n&lt;p&gt;&amp;nbsp;&lt;/p&gt;\r\n\r\n&lt;p&gt;2.14 本協議履行中發生不可抗力，導致一方無法履行約定義務的，該方應在不可抗力發生後14天內以書面形式通知另一方。如不可抗力結束後，仍存在繼續履行的可能性，應繼續履行本協議。&lt;/p&gt;\r\n\r\n&lt;p&gt;&amp;nbsp;&lt;/p&gt;\r\n\r\n&lt;p&gt;2.15 本報價只適用於蟑螂/跳虱/螞蟻/老鼠/衣魚的一次性服務。&lt;/p&gt;\r\n'),
(39, 3, '北京', '北京', 'Beijing', 14, 1, '200', 'RMB', 'mi', '北京史偉莎環保科技有限公司', '北京史偉莎環保科技有限公司', '北京史偉莎環保科技有限公司', 'Public/Uploads/2018-03-02/1519960565.png', '&lt;p&gt;1.&amp;nbsp;&amp;nbsp;&amp;nbsp;&amp;nbsp; 付款條款與合約章則&lt;/p&gt;\r\n\r\n&lt;p&gt;&amp;nbsp;&lt;/p&gt;\r\n\r\n&lt;p&gt;1.1&amp;nbsp; &amp;nbsp; &amp;nbsp;服務協定：於協定簽署後，本協定於所載期間內均具有約束力。&lt;/p&gt;\r\n\r\n&lt;p&gt;&amp;nbsp;&lt;/p&gt;\r\n\r\n&lt;p&gt;1.2&amp;nbsp; &amp;nbsp; &amp;nbsp;付款：&lt;/p&gt;\r\n\r\n&lt;p&gt;&amp;nbsp;&lt;/p&gt;\r\n\r\n&lt;p&gt;1.2.1&amp;nbsp; &amp;nbsp; &amp;nbsp;所有家居服務費用必須要預先支付。我司將于第一次服務時提供正規發票給客戶。付款方式如下：&lt;/p&gt;\r\n\r\n&lt;p&gt;&amp;nbsp;&lt;/p&gt;\r\n\r\n&lt;table border=&quot;0&quot; cellpadding=&quot;0&quot; cellspacing=&quot;0&quot; style=&quot;width:80%&quot;&gt;\r\n	&lt;tbody&gt;\r\n		&lt;tr&gt;\r\n			&lt;td&gt;i. 支付寶&lt;/td&gt;\r\n			&lt;td&gt;ii.&lt;strong&gt; &lt;/strong&gt;微信支付&lt;/td&gt;\r\n		&lt;/tr&gt;\r\n		&lt;tr&gt;\r\n			&lt;td&gt;&lt;img alt=&quot;&quot; src=&quot;Public/Uploads/2018-03-02/1519960486.jpg&quot; style=&quot;height:102px; width:100px&quot; /&gt;&lt;/td&gt;\r\n			&lt;td&gt;&lt;img alt=&quot;&quot; src=&quot;Public/Uploads/2018-03-02/1519960501.jpg&quot; style=&quot;height:100px; width:100px&quot; /&gt;&lt;/td&gt;\r\n		&lt;/tr&gt;\r\n	&lt;/tbody&gt;\r\n&lt;/table&gt;\r\n\r\n&lt;p&gt;&amp;nbsp;&lt;/p&gt;\r\n\r\n&lt;p&gt;iii.&amp;nbsp;&amp;nbsp;&amp;nbsp; 銀行轉賬:&lt;/p&gt;\r\n\r\n&lt;p&gt;&amp;nbsp; &amp;nbsp; &amp;nbsp; &amp;nbsp; 账户名：北京史伟莎环保科技有限公司&lt;/p&gt;\r\n\r\n&lt;p&gt;&amp;nbsp; &amp;nbsp; &amp;nbsp; &amp;nbsp; 开户行：中国银行北京广渠东路支行&lt;/p&gt;\r\n\r\n&lt;p&gt;&amp;nbsp; &amp;nbsp; &amp;nbsp; &amp;nbsp; 账&amp;nbsp; &amp;nbsp;号：3454 5603 2001&lt;/p&gt;\r\n\r\n&lt;p&gt;&amp;nbsp;&lt;/p&gt;\r\n\r\n&lt;p&gt;2.&amp;nbsp;&amp;nbsp;&amp;nbsp;&amp;nbsp; 其他協議條件&lt;/p&gt;\r\n\r\n&lt;p&gt;&amp;nbsp;&lt;/p&gt;\r\n\r\n&lt;p&gt;2.1&amp;nbsp;&amp;nbsp; 我司滅蟲管理服務部負責於本協議內所述之有關地址的室內/室外/範圍內及合約期間內，為所述之昆蟲種類進行防滅/檢查服務。我司作業人員奉行服務第一，顧客至上的原則，以認真負責的態度，確保每次滅蟲服務達到安全、優質、有效的品質標準。所有施工/治理均根據全國衛生檢查機構滅蟲滅害的標準進行。&lt;/p&gt;\r\n\r\n&lt;p&gt;&amp;nbsp;&lt;/p&gt;\r\n\r\n&lt;p&gt;2.2&amp;nbsp;&amp;nbsp; 如需要另行租用安全設備（如高空工作升降臺或鋁合金工作平臺）進行服務的，其租用該設備及/或額外勞工保險的費用將由客戶支付。否則，我司有權對此不進行滅蟲管理服務。&lt;/p&gt;\r\n\r\n&lt;p&gt;&amp;nbsp;&lt;/p&gt;\r\n\r\n&lt;p&gt;2.3&amp;nbsp;&amp;nbsp; 本協定的服務範圍不包括視覺上不能查驗、隱蔽或無法到達的地方。&lt;/p&gt;\r\n\r\n&lt;p&gt;&amp;nbsp;&lt;/p&gt;\r\n\r\n&lt;p&gt;2.4&amp;nbsp;&amp;nbsp; 本協定提供之利益只應用於協議所載樓宇、地方或物件。若物業有增建物時，須向我司發出書面通知；否則我司有權對新增建物不提供滅蟲管理服務。&lt;/p&gt;\r\n\r\n&lt;p&gt;&amp;nbsp;&lt;/p&gt;\r\n\r\n&lt;p&gt;2.5&amp;nbsp;&amp;nbsp; 在合約期間，如客戶提前終止合約，在取得我司的同意下，客戶仍須繳付200元人民幣作為行政費用。&lt;/p&gt;\r\n\r\n&lt;p&gt;&amp;nbsp;&lt;/p&gt;\r\n\r\n&lt;p&gt;2.6&amp;nbsp;&amp;nbsp; 在合約期間，如客戶需要搬遷居所，而新的居所面積與合約約定的面積有所分別，現有合約的剩餘價值將轉載於新的合約中。如客戶要求退款的，必須根據2.5的條款方式處理。&lt;/p&gt;\r\n\r\n&lt;p&gt;&amp;nbsp;&lt;/p&gt;\r\n\r\n&lt;p&gt;2.7&amp;nbsp;&amp;nbsp; 焗霧機器可將施藥藥劑直徑控制在30微米左右，藥劑會長時間懸浮于控制區域內。建議保持現場環境的封閉，換氣系統關閉。施藥後1小時後可開窗通風。如因客戶自身原因未達到此要求的，我司不承擔任何責任。&lt;/p&gt;\r\n\r\n&lt;p&gt;&amp;nbsp;&lt;/p&gt;\r\n\r\n&lt;p&gt;2.8&amp;nbsp;&amp;nbsp; 本協定之報價是根據客戶所提供樓面面積資料計算。因此, 當實際治理面積與客戶所述面積有差別時,我司保留調整報價的權利。&lt;/p&gt;\r\n\r\n&lt;p&gt;&amp;nbsp;&lt;/p&gt;\r\n\r\n&lt;p&gt;2.9&amp;nbsp;&amp;nbsp; 若滅蟲服務于獲得客戶確認日期及時間後，因客戶不在/或不能進入樓宇內而導致我司不能進行滅蟲服務，則我司有權收取200元人民幣, 作為誤工之賠償。&lt;/p&gt;\r\n\r\n&lt;p&gt;&amp;nbsp;&lt;/p&gt;\r\n\r\n&lt;p&gt;2.10 我司會以極細心及專業的態度進行滅蟲服務。為了更好的防止任何意外發生; 在治理服務時, 客戶必須確保所有貴重及易碎物品都已妥善保管及擺放好。如確因我司人員過錯造成關於上述物件損毀的索價，其上限為一仟元人民幣或合約約定月服務費的兩倍（以較低金額作準）。&lt;/p&gt;\r\n\r\n&lt;p&gt;&amp;nbsp;&lt;/p&gt;\r\n\r\n&lt;p&gt;2.11 在服務進行期間，我們建議客戶將貴重物品存放在安全的地方。如有需要，請客戶自行觀察我司員工進行工作。&lt;/p&gt;\r\n\r\n&lt;p&gt;&amp;nbsp;&lt;/p&gt;\r\n\r\n&lt;p&gt;2.12 雖然我司使用的殺蟲劑對人類（過敏性體質人群除外）及大部分寵物是非常安全，但對水生動物及部分爬蟲類是有高度的毒性。如有任何魚缸，水族缸或魚池含有該等動物，請在治理前通知我們及/或用濕毛巾及膠布覆蓋所有開口及其過濾系統；否則由此造成的後果我司不予承擔。&lt;/p&gt;\r\n\r\n&lt;p&gt;&amp;nbsp;&lt;/p&gt;\r\n\r\n&lt;p&gt;2.13 一切由蟲害或白蟻或鼠類所引致客戶的任何損害或損失,我司一概無須負責。&lt;/p&gt;\r\n\r\n&lt;p&gt;&amp;nbsp;&lt;/p&gt;\r\n\r\n&lt;p&gt;2.14 本協議履行中發生不可抗力，導致一方無法履行約定義務的，該方應在不可抗力發生後14天內以書面形式通知另一方。如不可抗力結束後，仍存在繼續履行的可能性，應繼續履行本協議。&lt;/p&gt;\r\n\r\n&lt;p&gt;&amp;nbsp;&lt;/p&gt;\r\n\r\n&lt;p&gt;2.15 本報價只適用於蟑螂/跳虱/螞蟻/老鼠/衣魚的一次性服務。&lt;/p&gt;\r\n', '&lt;p&gt;1.&amp;nbsp;&amp;nbsp;&amp;nbsp;&amp;nbsp; 付款條款與合約章則&lt;/p&gt;\r\n\r\n&lt;p&gt;&amp;nbsp;&lt;/p&gt;\r\n\r\n&lt;p&gt;1.1&amp;nbsp; &amp;nbsp; &amp;nbsp;服務協定：於協定簽署後，本協定於所載期間內均具有約束力。&lt;/p&gt;\r\n\r\n&lt;p&gt;&amp;nbsp;&lt;/p&gt;\r\n\r\n&lt;p&gt;1.2&amp;nbsp; &amp;nbsp; &amp;nbsp;付款：&lt;/p&gt;\r\n\r\n&lt;p&gt;&amp;nbsp;&lt;/p&gt;\r\n\r\n&lt;p&gt;1.2.1&amp;nbsp; &amp;nbsp; &amp;nbsp;所有家居服務費用必須要預先支付。我司將于第一次服務時提供正規發票給客戶。付款方式如下：&lt;/p&gt;\r\n\r\n&lt;p&gt;&amp;nbsp;&lt;/p&gt;\r\n\r\n&lt;table border=&quot;0&quot; cellpadding=&quot;0&quot; cellspacing=&quot;0&quot; style=&quot;width:80%&quot;&gt;\r\n	&lt;tbody&gt;\r\n		&lt;tr&gt;\r\n			&lt;td&gt;i. 支付寶&lt;/td&gt;\r\n			&lt;td&gt;ii.&lt;strong&gt; &lt;/strong&gt;微信支付&lt;/td&gt;\r\n		&lt;/tr&gt;\r\n		&lt;tr&gt;\r\n			&lt;td&gt;&lt;img alt=&quot;&quot; src=&quot;Public/Uploads/2018-03-02/1519960486.jpg&quot; style=&quot;height:102px; width:100px&quot; /&gt;&lt;/td&gt;\r\n			&lt;td&gt;&lt;img alt=&quot;&quot; src=&quot;Public/Uploads/2018-03-02/1519960501.jpg&quot; style=&quot;height:100px; width:100px&quot; /&gt;&lt;/td&gt;\r\n		&lt;/tr&gt;\r\n	&lt;/tbody&gt;\r\n&lt;/table&gt;\r\n\r\n&lt;p&gt;&amp;nbsp;&lt;/p&gt;\r\n\r\n&lt;p&gt;iii.&amp;nbsp;&amp;nbsp;&amp;nbsp; 銀行轉賬:&lt;/p&gt;\r\n\r\n&lt;p&gt;&amp;nbsp; &amp;nbsp; &amp;nbsp; &amp;nbsp; 账户名：北京史伟莎环保科技有限公司&lt;/p&gt;\r\n\r\n&lt;p&gt;&amp;nbsp; &amp;nbsp; &amp;nbsp; &amp;nbsp; 开户行：中国银行北京广渠东路支行&lt;/p&gt;\r\n\r\n&lt;p&gt;&amp;nbsp; &amp;nbsp; &amp;nbsp; &amp;nbsp; 账&amp;nbsp; &amp;nbsp;号：3454 5603 2001&lt;/p&gt;\r\n\r\n&lt;p&gt;&amp;nbsp;&lt;/p&gt;\r\n\r\n&lt;p&gt;2.&amp;nbsp;&amp;nbsp;&amp;nbsp;&amp;nbsp; 其他協議條件&lt;/p&gt;\r\n\r\n&lt;p&gt;&amp;nbsp;&lt;/p&gt;\r\n\r\n&lt;p&gt;2.1&amp;nbsp;&amp;nbsp; 我司滅蟲管理服務部負責於本協議內所述之有關地址的室內/室外/範圍內及合約期間內，為所述之昆蟲種類進行防滅/檢查服務。我司作業人員奉行服務第一，顧客至上的原則，以認真負責的態度，確保每次滅蟲服務達到安全、優質、有效的品質標準。所有施工/治理均根據全國衛生檢查機構滅蟲滅害的標準進行。&lt;/p&gt;\r\n\r\n&lt;p&gt;&amp;nbsp;&lt;/p&gt;\r\n\r\n&lt;p&gt;2.2&amp;nbsp;&amp;nbsp; 如需要另行租用安全設備（如高空工作升降臺或鋁合金工作平臺）進行服務的，其租用該設備及/或額外勞工保險的費用將由客戶支付。否則，我司有權對此不進行滅蟲管理服務。&lt;/p&gt;\r\n\r\n&lt;p&gt;&amp;nbsp;&lt;/p&gt;\r\n\r\n&lt;p&gt;2.3&amp;nbsp;&amp;nbsp; 本協定的服務範圍不包括視覺上不能查驗、隱蔽或無法到達的地方。&lt;/p&gt;\r\n\r\n&lt;p&gt;&amp;nbsp;&lt;/p&gt;\r\n\r\n&lt;p&gt;2.4&amp;nbsp;&amp;nbsp; 本協定提供之利益只應用於協議所載樓宇、地方或物件。若物業有增建物時，須向我司發出書面通知；否則我司有權對新增建物不提供滅蟲管理服務。&lt;/p&gt;\r\n\r\n&lt;p&gt;&amp;nbsp;&lt;/p&gt;\r\n\r\n&lt;p&gt;2.5&amp;nbsp;&amp;nbsp; 在合約期間，如客戶提前終止合約，在取得我司的同意下，客戶仍須繳付200元人民幣作為行政費用。&lt;/p&gt;\r\n\r\n&lt;p&gt;&amp;nbsp;&lt;/p&gt;\r\n\r\n&lt;p&gt;2.6&amp;nbsp;&amp;nbsp; 在合約期間，如客戶需要搬遷居所，而新的居所面積與合約約定的面積有所分別，現有合約的剩餘價值將轉載於新的合約中。如客戶要求退款的，必須根據2.5的條款方式處理。&lt;/p&gt;\r\n\r\n&lt;p&gt;&amp;nbsp;&lt;/p&gt;\r\n\r\n&lt;p&gt;2.7&amp;nbsp;&amp;nbsp; 焗霧機器可將施藥藥劑直徑控制在30微米左右，藥劑會長時間懸浮于控制區域內。建議保持現場環境的封閉，換氣系統關閉。施藥後1小時後可開窗通風。如因客戶自身原因未達到此要求的，我司不承擔任何責任。&lt;/p&gt;\r\n\r\n&lt;p&gt;&amp;nbsp;&lt;/p&gt;\r\n\r\n&lt;p&gt;2.8&amp;nbsp;&amp;nbsp; 本協定之報價是根據客戶所提供樓面面積資料計算。因此, 當實際治理面積與客戶所述面積有差別時,我司保留調整報價的權利。&lt;/p&gt;\r\n\r\n&lt;p&gt;&amp;nbsp;&lt;/p&gt;\r\n\r\n&lt;p&gt;2.9&amp;nbsp;&amp;nbsp; 若滅蟲服務于獲得客戶確認日期及時間後，因客戶不在/或不能進入樓宇內而導致我司不能進行滅蟲服務，則我司有權收取200元人民幣, 作為誤工之賠償。&lt;/p&gt;\r\n\r\n&lt;p&gt;&amp;nbsp;&lt;/p&gt;\r\n\r\n&lt;p&gt;2.10 我司會以極細心及專業的態度進行滅蟲服務。為了更好的防止任何意外發生; 在治理服務時, 客戶必須確保所有貴重及易碎物品都已妥善保管及擺放好。如確因我司人員過錯造成關於上述物件損毀的索價，其上限為一仟元人民幣或合約約定月服務費的兩倍（以較低金額作準）。&lt;/p&gt;\r\n\r\n&lt;p&gt;&amp;nbsp;&lt;/p&gt;\r\n\r\n&lt;p&gt;2.11 在服務進行期間，我們建議客戶將貴重物品存放在安全的地方。如有需要，請客戶自行觀察我司員工進行工作。&lt;/p&gt;\r\n\r\n&lt;p&gt;&amp;nbsp;&lt;/p&gt;\r\n\r\n&lt;p&gt;2.12 雖然我司使用的殺蟲劑對人類（過敏性體質人群除外）及大部分寵物是非常安全，但對水生動物及部分爬蟲類是有高度的毒性。如有任何魚缸，水族缸或魚池含有該等動物，請在治理前通知我們及/或用濕毛巾及膠布覆蓋所有開口及其過濾系統；否則由此造成的後果我司不予承擔。&lt;/p&gt;\r\n\r\n&lt;p&gt;&amp;nbsp;&lt;/p&gt;\r\n\r\n&lt;p&gt;2.13 一切由蟲害或白蟻或鼠類所引致客戶的任何損害或損失,我司一概無須負責。&lt;/p&gt;\r\n\r\n&lt;p&gt;&amp;nbsp;&lt;/p&gt;\r\n\r\n&lt;p&gt;2.14 本協議履行中發生不可抗力，導致一方無法履行約定義務的，該方應在不可抗力發生後14天內以書面形式通知另一方。如不可抗力結束後，仍存在繼續履行的可能性，應繼續履行本協議。&lt;/p&gt;\r\n\r\n&lt;p&gt;&amp;nbsp;&lt;/p&gt;\r\n\r\n&lt;p&gt;2.15 本報價只適用於蟑螂/跳虱/螞蟻/老鼠/衣魚的一次性服務。&lt;/p&gt;\r\n', '&lt;p&gt;1.&amp;nbsp;&amp;nbsp;&amp;nbsp;&amp;nbsp; 付款條款與合約章則&lt;/p&gt;\r\n\r\n&lt;p&gt;&amp;nbsp;&lt;/p&gt;\r\n\r\n&lt;p&gt;1.1&amp;nbsp; &amp;nbsp; &amp;nbsp;服務協定：於協定簽署後，本協定於所載期間內均具有約束力。&lt;/p&gt;\r\n\r\n&lt;p&gt;&amp;nbsp;&lt;/p&gt;\r\n\r\n&lt;p&gt;1.2&amp;nbsp; &amp;nbsp; &amp;nbsp;付款：&lt;/p&gt;\r\n\r\n&lt;p&gt;&amp;nbsp;&lt;/p&gt;\r\n\r\n&lt;p&gt;1.2.1&amp;nbsp; &amp;nbsp; &amp;nbsp;所有家居服務費用必須要預先支付。我司將于第一次服務時提供正規發票給客戶。付款方式如下：&lt;/p&gt;\r\n\r\n&lt;p&gt;&amp;nbsp;&lt;/p&gt;\r\n\r\n&lt;table border=&quot;0&quot; cellpadding=&quot;0&quot; cellspacing=&quot;0&quot; style=&quot;width:80%&quot;&gt;\r\n	&lt;tbody&gt;\r\n		&lt;tr&gt;\r\n			&lt;td&gt;i. 支付寶&lt;/td&gt;\r\n			&lt;td&gt;ii.&lt;strong&gt; &lt;/strong&gt;微信支付&lt;/td&gt;\r\n		&lt;/tr&gt;\r\n		&lt;tr&gt;\r\n			&lt;td&gt;&lt;img alt=&quot;&quot; src=&quot;Public/Uploads/2018-03-02/1519960486.jpg&quot; style=&quot;height:102px; width:100px&quot; /&gt;&lt;/td&gt;\r\n			&lt;td&gt;&lt;img alt=&quot;&quot; src=&quot;Public/Uploads/2018-03-02/1519960501.jpg&quot; style=&quot;height:100px; width:100px&quot; /&gt;&lt;/td&gt;\r\n		&lt;/tr&gt;\r\n	&lt;/tbody&gt;\r\n&lt;/table&gt;\r\n\r\n&lt;p&gt;&amp;nbsp;&lt;/p&gt;\r\n\r\n&lt;p&gt;iii.&amp;nbsp;&amp;nbsp;&amp;nbsp; 銀行轉賬:&lt;/p&gt;\r\n\r\n&lt;p&gt;&amp;nbsp; &amp;nbsp; &amp;nbsp; &amp;nbsp; 账户名：北京史伟莎环保科技有限公司&lt;/p&gt;\r\n\r\n&lt;p&gt;&amp;nbsp; &amp;nbsp; &amp;nbsp; &amp;nbsp; 开户行：中国银行北京广渠东路支行&lt;/p&gt;\r\n\r\n&lt;p&gt;&amp;nbsp; &amp;nbsp; &amp;nbsp; &amp;nbsp; 账&amp;nbsp; &amp;nbsp;号：3454 5603 2001&lt;/p&gt;\r\n\r\n&lt;p&gt;&amp;nbsp;&lt;/p&gt;\r\n\r\n&lt;p&gt;2.&amp;nbsp;&amp;nbsp;&amp;nbsp;&amp;nbsp; 其他協議條件&lt;/p&gt;\r\n\r\n&lt;p&gt;&amp;nbsp;&lt;/p&gt;\r\n\r\n&lt;p&gt;2.1&amp;nbsp;&amp;nbsp; 我司滅蟲管理服務部負責於本協議內所述之有關地址的室內/室外/範圍內及合約期間內，為所述之昆蟲種類進行防滅/檢查服務。我司作業人員奉行服務第一，顧客至上的原則，以認真負責的態度，確保每次滅蟲服務達到安全、優質、有效的品質標準。所有施工/治理均根據全國衛生檢查機構滅蟲滅害的標準進行。&lt;/p&gt;\r\n\r\n&lt;p&gt;&amp;nbsp;&lt;/p&gt;\r\n\r\n&lt;p&gt;2.2&amp;nbsp;&amp;nbsp; 如需要另行租用安全設備（如高空工作升降臺或鋁合金工作平臺）進行服務的，其租用該設備及/或額外勞工保險的費用將由客戶支付。否則，我司有權對此不進行滅蟲管理服務。&lt;/p&gt;\r\n\r\n&lt;p&gt;&amp;nbsp;&lt;/p&gt;\r\n\r\n&lt;p&gt;2.3&amp;nbsp;&amp;nbsp; 本協定的服務範圍不包括視覺上不能查驗、隱蔽或無法到達的地方。&lt;/p&gt;\r\n\r\n&lt;p&gt;&amp;nbsp;&lt;/p&gt;\r\n\r\n&lt;p&gt;2.4&amp;nbsp;&amp;nbsp; 本協定提供之利益只應用於協議所載樓宇、地方或物件。若物業有增建物時，須向我司發出書面通知；否則我司有權對新增建物不提供滅蟲管理服務。&lt;/p&gt;\r\n\r\n&lt;p&gt;&amp;nbsp;&lt;/p&gt;\r\n\r\n&lt;p&gt;2.5&amp;nbsp;&amp;nbsp; 在合約期間，如客戶提前終止合約，在取得我司的同意下，客戶仍須繳付200元人民幣作為行政費用。&lt;/p&gt;\r\n\r\n&lt;p&gt;&amp;nbsp;&lt;/p&gt;\r\n\r\n&lt;p&gt;2.6&amp;nbsp;&amp;nbsp; 在合約期間，如客戶需要搬遷居所，而新的居所面積與合約約定的面積有所分別，現有合約的剩餘價值將轉載於新的合約中。如客戶要求退款的，必須根據2.5的條款方式處理。&lt;/p&gt;\r\n\r\n&lt;p&gt;&amp;nbsp;&lt;/p&gt;\r\n\r\n&lt;p&gt;2.7&amp;nbsp;&amp;nbsp; 焗霧機器可將施藥藥劑直徑控制在30微米左右，藥劑會長時間懸浮于控制區域內。建議保持現場環境的封閉，換氣系統關閉。施藥後1小時後可開窗通風。如因客戶自身原因未達到此要求的，我司不承擔任何責任。&lt;/p&gt;\r\n\r\n&lt;p&gt;&amp;nbsp;&lt;/p&gt;\r\n\r\n&lt;p&gt;2.8&amp;nbsp;&amp;nbsp; 本協定之報價是根據客戶所提供樓面面積資料計算。因此, 當實際治理面積與客戶所述面積有差別時,我司保留調整報價的權利。&lt;/p&gt;\r\n\r\n&lt;p&gt;&amp;nbsp;&lt;/p&gt;\r\n\r\n&lt;p&gt;2.9&amp;nbsp;&amp;nbsp; 若滅蟲服務于獲得客戶確認日期及時間後，因客戶不在/或不能進入樓宇內而導致我司不能進行滅蟲服務，則我司有權收取200元人民幣, 作為誤工之賠償。&lt;/p&gt;\r\n\r\n&lt;p&gt;&amp;nbsp;&lt;/p&gt;\r\n\r\n&lt;p&gt;2.10 我司會以極細心及專業的態度進行滅蟲服務。為了更好的防止任何意外發生; 在治理服務時, 客戶必須確保所有貴重及易碎物品都已妥善保管及擺放好。如確因我司人員過錯造成關於上述物件損毀的索價，其上限為一仟元人民幣或合約約定月服務費的兩倍（以較低金額作準）。&lt;/p&gt;\r\n\r\n&lt;p&gt;&amp;nbsp;&lt;/p&gt;\r\n\r\n&lt;p&gt;2.11 在服務進行期間，我們建議客戶將貴重物品存放在安全的地方。如有需要，請客戶自行觀察我司員工進行工作。&lt;/p&gt;\r\n\r\n&lt;p&gt;&amp;nbsp;&lt;/p&gt;\r\n\r\n&lt;p&gt;2.12 雖然我司使用的殺蟲劑對人類（過敏性體質人群除外）及大部分寵物是非常安全，但對水生動物及部分爬蟲類是有高度的毒性。如有任何魚缸，水族缸或魚池含有該等動物，請在治理前通知我們及/或用濕毛巾及膠布覆蓋所有開口及其過濾系統；否則由此造成的後果我司不予承擔。&lt;/p&gt;\r\n\r\n&lt;p&gt;&amp;nbsp;&lt;/p&gt;\r\n\r\n&lt;p&gt;2.13 一切由蟲害或白蟻或鼠類所引致客戶的任何損害或損失,我司一概無須負責。&lt;/p&gt;\r\n\r\n&lt;p&gt;&amp;nbsp;&lt;/p&gt;\r\n\r\n&lt;p&gt;2.14 本協議履行中發生不可抗力，導致一方無法履行約定義務的，該方應在不可抗力發生後14天內以書面形式通知另一方。如不可抗力結束後，仍存在繼續履行的可能性，應繼續履行本協議。&lt;/p&gt;\r\n\r\n&lt;p&gt;&amp;nbsp;&lt;/p&gt;\r\n\r\n&lt;p&gt;2.15 本報價只適用於蟑螂/跳虱/螞蟻/老鼠/衣魚的一次性服務。&lt;/p&gt;\r\n');
INSERT INTO `quote_city` (`id`, `region_id`, `city_name`, `city_name_tw`, `city_name_us`, `z_index`, `other_open`, `other_price`, `currency_type`, `b_unit`, `company`, `company_tw`, `company_us`, `seal`, `terms`, `terms_tw`, `terms_us`) VALUES
(40, 3, '天津', '天津', 'Tianjin', 15, 1, '150', 'RMB', 'mi', '天津史伟莎环保科技有限公司', '天津史伟莎环保科技有限公司', '天津史伟莎环保科技有限公司', 'Public/Uploads/2018-03-02/1519960115.png', '&lt;p&gt;1.&amp;nbsp;&amp;nbsp;&amp;nbsp;&amp;nbsp; 付款條款與合約章則&lt;/p&gt;\r\n\r\n&lt;p&gt;&amp;nbsp;&lt;/p&gt;\r\n\r\n&lt;p&gt;1.1&amp;nbsp; &amp;nbsp; &amp;nbsp;服務協定：於協定簽署後，本協定於所載期間內均具有約束力。&lt;/p&gt;\r\n\r\n&lt;p&gt;&amp;nbsp;&lt;/p&gt;\r\n\r\n&lt;p&gt;1.2&amp;nbsp; &amp;nbsp; &amp;nbsp;付款：&lt;/p&gt;\r\n\r\n&lt;p&gt;&amp;nbsp;&lt;/p&gt;\r\n\r\n&lt;p&gt;1.2.1&amp;nbsp; &amp;nbsp; &amp;nbsp;所有家居服務費用必須要預先支付。我司將于第一次服務時提供正規發票給客戶。付款方式如下：&lt;/p&gt;\r\n\r\n&lt;p&gt;&amp;nbsp;&lt;/p&gt;\r\n\r\n&lt;table border=&quot;0&quot; cellpadding=&quot;0&quot; cellspacing=&quot;0&quot; style=&quot;width:80%&quot;&gt;\r\n	&lt;tbody&gt;\r\n		&lt;tr&gt;\r\n			&lt;td&gt;i. 支付寶&lt;/td&gt;\r\n			&lt;td&gt;ii.&lt;strong&gt; &lt;/strong&gt;微信支付&lt;/td&gt;\r\n		&lt;/tr&gt;\r\n		&lt;tr&gt;\r\n			&lt;td&gt;&lt;img alt=&quot;&quot; src=&quot;Public/Uploads/2018-03-02/1519959991.jpg&quot; style=&quot;height:100px; width:100px&quot; /&gt;&lt;/td&gt;\r\n			&lt;td&gt;&lt;img alt=&quot;&quot; src=&quot;Public/Uploads/2018-03-02/1519960001.jpg&quot; style=&quot;height:101px; width:100px&quot; /&gt;&lt;/td&gt;\r\n		&lt;/tr&gt;\r\n	&lt;/tbody&gt;\r\n&lt;/table&gt;\r\n\r\n&lt;p&gt;&amp;nbsp;&lt;/p&gt;\r\n\r\n&lt;p&gt;iii.&amp;nbsp;&amp;nbsp;&amp;nbsp; 銀行轉賬:&lt;/p&gt;\r\n\r\n&lt;p&gt;&amp;nbsp; &amp;nbsp; &amp;nbsp; &amp;nbsp; 账户名：天津史伟莎环保科技有限公司&lt;/p&gt;\r\n\r\n&lt;p&gt;&amp;nbsp; &amp;nbsp; &amp;nbsp; &amp;nbsp; 开户行：中国建设银行天津新安支行&lt;/p&gt;\r\n\r\n&lt;p&gt;&amp;nbsp; &amp;nbsp; &amp;nbsp; &amp;nbsp; 账&amp;nbsp; &amp;nbsp;号：1200 1650 4800 5250 2327&lt;/p&gt;\r\n\r\n&lt;p&gt;&amp;nbsp;&lt;/p&gt;\r\n\r\n&lt;p&gt;2.&amp;nbsp;&amp;nbsp;&amp;nbsp;&amp;nbsp; 其他協議條件&lt;/p&gt;\r\n\r\n&lt;p&gt;&amp;nbsp;&lt;/p&gt;\r\n\r\n&lt;p&gt;2.1&amp;nbsp;&amp;nbsp; 我司滅蟲管理服務部負責於本協議內所述之有關地址的室內/室外/範圍內及合約期間內，為所述之昆蟲種類進行防滅/檢查服務。我司作業人員奉行服務第一，顧客至上的原則，以認真負責的態度，確保每次滅蟲服務達到安全、優質、有效的品質標準。所有施工/治理均根據全國衛生檢查機構滅蟲滅害的標準進行。&lt;/p&gt;\r\n\r\n&lt;p&gt;&amp;nbsp;&lt;/p&gt;\r\n\r\n&lt;p&gt;2.2&amp;nbsp;&amp;nbsp; 如需要另行租用安全設備（如高空工作升降臺或鋁合金工作平臺）進行服務的，其租用該設備及/或額外勞工保險的費用將由客戶支付。否則，我司有權對此不進行滅蟲管理服務。&lt;/p&gt;\r\n\r\n&lt;p&gt;&amp;nbsp;&lt;/p&gt;\r\n\r\n&lt;p&gt;2.3&amp;nbsp;&amp;nbsp; 本協定的服務範圍不包括視覺上不能查驗、隱蔽或無法到達的地方。&lt;/p&gt;\r\n\r\n&lt;p&gt;&amp;nbsp;&lt;/p&gt;\r\n\r\n&lt;p&gt;2.4&amp;nbsp;&amp;nbsp; 本協定提供之利益只應用於協議所載樓宇、地方或物件。若物業有增建物時，須向我司發出書面通知；否則我司有權對新增建物不提供滅蟲管理服務。&lt;/p&gt;\r\n\r\n&lt;p&gt;&amp;nbsp;&lt;/p&gt;\r\n\r\n&lt;p&gt;2.5&amp;nbsp;&amp;nbsp; 在合約期間，如客戶提前終止合約，在取得我司的同意下，客戶仍須繳付200元人民幣作為行政費用。&lt;/p&gt;\r\n\r\n&lt;p&gt;&amp;nbsp;&lt;/p&gt;\r\n\r\n&lt;p&gt;2.6&amp;nbsp;&amp;nbsp; 在合約期間，如客戶需要搬遷居所，而新的居所面積與合約約定的面積有所分別，現有合約的剩餘價值將轉載於新的合約中。如客戶要求退款的，必須根據2.5的條款方式處理。&lt;/p&gt;\r\n\r\n&lt;p&gt;&amp;nbsp;&lt;/p&gt;\r\n\r\n&lt;p&gt;2.7&amp;nbsp;&amp;nbsp; 焗霧機器可將施藥藥劑直徑控制在30微米左右，藥劑會長時間懸浮于控制區域內。建議保持現場環境的封閉，換氣系統關閉。施藥後1小時後可開窗通風。如因客戶自身原因未達到此要求的，我司不承擔任何責任。&lt;/p&gt;\r\n\r\n&lt;p&gt;&amp;nbsp;&lt;/p&gt;\r\n\r\n&lt;p&gt;2.8&amp;nbsp;&amp;nbsp; 本協定之報價是根據客戶所提供樓面面積資料計算。因此, 當實際治理面積與客戶所述面積有差別時,我司保留調整報價的權利。&lt;/p&gt;\r\n\r\n&lt;p&gt;&amp;nbsp;&lt;/p&gt;\r\n\r\n&lt;p&gt;2.9&amp;nbsp;&amp;nbsp; 若滅蟲服務于獲得客戶確認日期及時間後，因客戶不在/或不能進入樓宇內而導致我司不能進行滅蟲服務，則我司有權收取200元人民幣, 作為誤工之賠償。&lt;/p&gt;\r\n\r\n&lt;p&gt;&amp;nbsp;&lt;/p&gt;\r\n\r\n&lt;p&gt;2.10 我司會以極細心及專業的態度進行滅蟲服務。為了更好的防止任何意外發生; 在治理服務時, 客戶必須確保所有貴重及易碎物品都已妥善保管及擺放好。如確因我司人員過錯造成關於上述物件損毀的索價，其上限為一仟元人民幣或合約約定月服務費的兩倍（以較低金額作準）。&lt;/p&gt;\r\n\r\n&lt;p&gt;&amp;nbsp;&lt;/p&gt;\r\n\r\n&lt;p&gt;2.11 在服務進行期間，我們建議客戶將貴重物品存放在安全的地方。如有需要，請客戶自行觀察我司員工進行工作。&lt;/p&gt;\r\n\r\n&lt;p&gt;&amp;nbsp;&lt;/p&gt;\r\n\r\n&lt;p&gt;2.12 雖然我司使用的殺蟲劑對人類（過敏性體質人群除外）及大部分寵物是非常安全，但對水生動物及部分爬蟲類是有高度的毒性。如有任何魚缸，水族缸或魚池含有該等動物，請在治理前通知我們及/或用濕毛巾及膠布覆蓋所有開口及其過濾系統；否則由此造成的後果我司不予承擔。&lt;/p&gt;\r\n\r\n&lt;p&gt;&amp;nbsp;&lt;/p&gt;\r\n\r\n&lt;p&gt;2.13 一切由蟲害或白蟻或鼠類所引致客戶的任何損害或損失,我司一概無須負責。&lt;/p&gt;\r\n\r\n&lt;p&gt;&amp;nbsp;&lt;/p&gt;\r\n\r\n&lt;p&gt;2.14 本協議履行中發生不可抗力，導致一方無法履行約定義務的，該方應在不可抗力發生後14天內以書面形式通知另一方。如不可抗力結束後，仍存在繼續履行的可能性，應繼續履行本協議。&lt;/p&gt;\r\n\r\n&lt;p&gt;&amp;nbsp;&lt;/p&gt;\r\n\r\n&lt;p&gt;2.15 本報價只適用於蟑螂/跳虱/螞蟻/老鼠/衣魚的一次性服務。&lt;/p&gt;\r\n', '&lt;p&gt;1.&amp;nbsp;&amp;nbsp;&amp;nbsp;&amp;nbsp; 付款條款與合約章則&lt;/p&gt;\r\n\r\n&lt;p&gt;&amp;nbsp;&lt;/p&gt;\r\n\r\n&lt;p&gt;1.1&amp;nbsp; &amp;nbsp; &amp;nbsp;服務協定：於協定簽署後，本協定於所載期間內均具有約束力。&lt;/p&gt;\r\n\r\n&lt;p&gt;&amp;nbsp;&lt;/p&gt;\r\n\r\n&lt;p&gt;1.2&amp;nbsp; &amp;nbsp; &amp;nbsp;付款：&lt;/p&gt;\r\n\r\n&lt;p&gt;&amp;nbsp;&lt;/p&gt;\r\n\r\n&lt;p&gt;1.2.1&amp;nbsp; &amp;nbsp; &amp;nbsp;所有家居服務費用必須要預先支付。我司將于第一次服務時提供正規發票給客戶。付款方式如下：&lt;/p&gt;\r\n\r\n&lt;p&gt;&amp;nbsp;&lt;/p&gt;\r\n\r\n&lt;table border=&quot;0&quot; cellpadding=&quot;0&quot; cellspacing=&quot;0&quot; style=&quot;width:80%&quot;&gt;\r\n	&lt;tbody&gt;\r\n		&lt;tr&gt;\r\n			&lt;td&gt;i. 支付寶&lt;/td&gt;\r\n			&lt;td&gt;ii.&lt;strong&gt; &lt;/strong&gt;微信支付&lt;/td&gt;\r\n		&lt;/tr&gt;\r\n		&lt;tr&gt;\r\n			&lt;td&gt;&lt;img alt=&quot;&quot; src=&quot;Public/Uploads/2018-03-02/1519959991.jpg&quot; style=&quot;height:100px; width:100px&quot; /&gt;&lt;/td&gt;\r\n			&lt;td&gt;&lt;img alt=&quot;&quot; src=&quot;Public/Uploads/2018-03-02/1519960001.jpg&quot; style=&quot;height:101px; width:100px&quot; /&gt;&lt;/td&gt;\r\n		&lt;/tr&gt;\r\n	&lt;/tbody&gt;\r\n&lt;/table&gt;\r\n\r\n&lt;p&gt;&amp;nbsp;&lt;/p&gt;\r\n\r\n&lt;p&gt;iii.&amp;nbsp;&amp;nbsp;&amp;nbsp; 銀行轉賬:&lt;/p&gt;\r\n\r\n&lt;p&gt;&amp;nbsp; &amp;nbsp; &amp;nbsp; &amp;nbsp; 账户名：天津史伟莎环保科技有限公司&lt;/p&gt;\r\n\r\n&lt;p&gt;&amp;nbsp; &amp;nbsp; &amp;nbsp; &amp;nbsp; 开户行：中国建设银行天津新安支行&lt;/p&gt;\r\n\r\n&lt;p&gt;&amp;nbsp; &amp;nbsp; &amp;nbsp; &amp;nbsp; 账&amp;nbsp; &amp;nbsp;号：1200 1650 4800 5250 2327&lt;/p&gt;\r\n\r\n&lt;p&gt;&amp;nbsp;&lt;/p&gt;\r\n\r\n&lt;p&gt;2.&amp;nbsp;&amp;nbsp;&amp;nbsp;&amp;nbsp; 其他協議條件&lt;/p&gt;\r\n\r\n&lt;p&gt;&amp;nbsp;&lt;/p&gt;\r\n\r\n&lt;p&gt;2.1&amp;nbsp;&amp;nbsp; 我司滅蟲管理服務部負責於本協議內所述之有關地址的室內/室外/範圍內及合約期間內，為所述之昆蟲種類進行防滅/檢查服務。我司作業人員奉行服務第一，顧客至上的原則，以認真負責的態度，確保每次滅蟲服務達到安全、優質、有效的品質標準。所有施工/治理均根據全國衛生檢查機構滅蟲滅害的標準進行。&lt;/p&gt;\r\n\r\n&lt;p&gt;&amp;nbsp;&lt;/p&gt;\r\n\r\n&lt;p&gt;2.2&amp;nbsp;&amp;nbsp; 如需要另行租用安全設備（如高空工作升降臺或鋁合金工作平臺）進行服務的，其租用該設備及/或額外勞工保險的費用將由客戶支付。否則，我司有權對此不進行滅蟲管理服務。&lt;/p&gt;\r\n\r\n&lt;p&gt;&amp;nbsp;&lt;/p&gt;\r\n\r\n&lt;p&gt;2.3&amp;nbsp;&amp;nbsp; 本協定的服務範圍不包括視覺上不能查驗、隱蔽或無法到達的地方。&lt;/p&gt;\r\n\r\n&lt;p&gt;&amp;nbsp;&lt;/p&gt;\r\n\r\n&lt;p&gt;2.4&amp;nbsp;&amp;nbsp; 本協定提供之利益只應用於協議所載樓宇、地方或物件。若物業有增建物時，須向我司發出書面通知；否則我司有權對新增建物不提供滅蟲管理服務。&lt;/p&gt;\r\n\r\n&lt;p&gt;&amp;nbsp;&lt;/p&gt;\r\n\r\n&lt;p&gt;2.5&amp;nbsp;&amp;nbsp; 在合約期間，如客戶提前終止合約，在取得我司的同意下，客戶仍須繳付200元人民幣作為行政費用。&lt;/p&gt;\r\n\r\n&lt;p&gt;&amp;nbsp;&lt;/p&gt;\r\n\r\n&lt;p&gt;2.6&amp;nbsp;&amp;nbsp; 在合約期間，如客戶需要搬遷居所，而新的居所面積與合約約定的面積有所分別，現有合約的剩餘價值將轉載於新的合約中。如客戶要求退款的，必須根據2.5的條款方式處理。&lt;/p&gt;\r\n\r\n&lt;p&gt;&amp;nbsp;&lt;/p&gt;\r\n\r\n&lt;p&gt;2.7&amp;nbsp;&amp;nbsp; 焗霧機器可將施藥藥劑直徑控制在30微米左右，藥劑會長時間懸浮于控制區域內。建議保持現場環境的封閉，換氣系統關閉。施藥後1小時後可開窗通風。如因客戶自身原因未達到此要求的，我司不承擔任何責任。&lt;/p&gt;\r\n\r\n&lt;p&gt;&amp;nbsp;&lt;/p&gt;\r\n\r\n&lt;p&gt;2.8&amp;nbsp;&amp;nbsp; 本協定之報價是根據客戶所提供樓面面積資料計算。因此, 當實際治理面積與客戶所述面積有差別時,我司保留調整報價的權利。&lt;/p&gt;\r\n\r\n&lt;p&gt;&amp;nbsp;&lt;/p&gt;\r\n\r\n&lt;p&gt;2.9&amp;nbsp;&amp;nbsp; 若滅蟲服務于獲得客戶確認日期及時間後，因客戶不在/或不能進入樓宇內而導致我司不能進行滅蟲服務，則我司有權收取200元人民幣, 作為誤工之賠償。&lt;/p&gt;\r\n\r\n&lt;p&gt;&amp;nbsp;&lt;/p&gt;\r\n\r\n&lt;p&gt;2.10 我司會以極細心及專業的態度進行滅蟲服務。為了更好的防止任何意外發生; 在治理服務時, 客戶必須確保所有貴重及易碎物品都已妥善保管及擺放好。如確因我司人員過錯造成關於上述物件損毀的索價，其上限為一仟元人民幣或合約約定月服務費的兩倍（以較低金額作準）。&lt;/p&gt;\r\n\r\n&lt;p&gt;&amp;nbsp;&lt;/p&gt;\r\n\r\n&lt;p&gt;2.11 在服務進行期間，我們建議客戶將貴重物品存放在安全的地方。如有需要，請客戶自行觀察我司員工進行工作。&lt;/p&gt;\r\n\r\n&lt;p&gt;&amp;nbsp;&lt;/p&gt;\r\n\r\n&lt;p&gt;2.12 雖然我司使用的殺蟲劑對人類（過敏性體質人群除外）及大部分寵物是非常安全，但對水生動物及部分爬蟲類是有高度的毒性。如有任何魚缸，水族缸或魚池含有該等動物，請在治理前通知我們及/或用濕毛巾及膠布覆蓋所有開口及其過濾系統；否則由此造成的後果我司不予承擔。&lt;/p&gt;\r\n\r\n&lt;p&gt;&amp;nbsp;&lt;/p&gt;\r\n\r\n&lt;p&gt;2.13 一切由蟲害或白蟻或鼠類所引致客戶的任何損害或損失,我司一概無須負責。&lt;/p&gt;\r\n\r\n&lt;p&gt;&amp;nbsp;&lt;/p&gt;\r\n\r\n&lt;p&gt;2.14 本協議履行中發生不可抗力，導致一方無法履行約定義務的，該方應在不可抗力發生後14天內以書面形式通知另一方。如不可抗力結束後，仍存在繼續履行的可能性，應繼續履行本協議。&lt;/p&gt;\r\n\r\n&lt;p&gt;&amp;nbsp;&lt;/p&gt;\r\n\r\n&lt;p&gt;2.15 本報價只適用於蟑螂/跳虱/螞蟻/老鼠/衣魚的一次性服務。&lt;/p&gt;\r\n', '&lt;p&gt;1.&amp;nbsp;&amp;nbsp;&amp;nbsp;&amp;nbsp; 付款條款與合約章則&lt;/p&gt;\r\n\r\n&lt;p&gt;&amp;nbsp;&lt;/p&gt;\r\n\r\n&lt;p&gt;1.1&amp;nbsp; &amp;nbsp; &amp;nbsp;服務協定：於協定簽署後，本協定於所載期間內均具有約束力。&lt;/p&gt;\r\n\r\n&lt;p&gt;&amp;nbsp;&lt;/p&gt;\r\n\r\n&lt;p&gt;1.2&amp;nbsp; &amp;nbsp; &amp;nbsp;付款：&lt;/p&gt;\r\n\r\n&lt;p&gt;&amp;nbsp;&lt;/p&gt;\r\n\r\n&lt;p&gt;1.2.1&amp;nbsp; &amp;nbsp; &amp;nbsp;所有家居服務費用必須要預先支付。我司將于第一次服務時提供正規發票給客戶。付款方式如下：&lt;/p&gt;\r\n\r\n&lt;p&gt;&amp;nbsp;&lt;/p&gt;\r\n\r\n&lt;table border=&quot;0&quot; cellpadding=&quot;0&quot; cellspacing=&quot;0&quot; style=&quot;width:80%&quot;&gt;\r\n	&lt;tbody&gt;\r\n		&lt;tr&gt;\r\n			&lt;td&gt;i. 支付寶&lt;/td&gt;\r\n			&lt;td&gt;ii.&lt;strong&gt; &lt;/strong&gt;微信支付&lt;/td&gt;\r\n		&lt;/tr&gt;\r\n		&lt;tr&gt;\r\n			&lt;td&gt;&lt;img alt=&quot;&quot; src=&quot;Public/Uploads/2018-03-02/1519959991.jpg&quot; style=&quot;height:100px; width:100px&quot; /&gt;&lt;/td&gt;\r\n			&lt;td&gt;&lt;img alt=&quot;&quot; src=&quot;Public/Uploads/2018-03-02/1519960001.jpg&quot; style=&quot;height:101px; width:100px&quot; /&gt;&lt;/td&gt;\r\n		&lt;/tr&gt;\r\n	&lt;/tbody&gt;\r\n&lt;/table&gt;\r\n\r\n&lt;p&gt;&amp;nbsp;&lt;/p&gt;\r\n\r\n&lt;p&gt;iii.&amp;nbsp;&amp;nbsp;&amp;nbsp; 銀行轉賬:&lt;/p&gt;\r\n\r\n&lt;p&gt;&amp;nbsp; &amp;nbsp; &amp;nbsp; &amp;nbsp; 账户名：天津史伟莎环保科技有限公司&lt;/p&gt;\r\n\r\n&lt;p&gt;&amp;nbsp; &amp;nbsp; &amp;nbsp; &amp;nbsp; 开户行：中国建设银行天津新安支行&lt;/p&gt;\r\n\r\n&lt;p&gt;&amp;nbsp; &amp;nbsp; &amp;nbsp; &amp;nbsp; 账&amp;nbsp; &amp;nbsp;号：1200 1650 4800 5250 2327&lt;/p&gt;\r\n\r\n&lt;p&gt;&amp;nbsp;&lt;/p&gt;\r\n\r\n&lt;p&gt;2.&amp;nbsp;&amp;nbsp;&amp;nbsp;&amp;nbsp; 其他協議條件&lt;/p&gt;\r\n\r\n&lt;p&gt;&amp;nbsp;&lt;/p&gt;\r\n\r\n&lt;p&gt;2.1&amp;nbsp;&amp;nbsp; 我司滅蟲管理服務部負責於本協議內所述之有關地址的室內/室外/範圍內及合約期間內，為所述之昆蟲種類進行防滅/檢查服務。我司作業人員奉行服務第一，顧客至上的原則，以認真負責的態度，確保每次滅蟲服務達到安全、優質、有效的品質標準。所有施工/治理均根據全國衛生檢查機構滅蟲滅害的標準進行。&lt;/p&gt;\r\n\r\n&lt;p&gt;&amp;nbsp;&lt;/p&gt;\r\n\r\n&lt;p&gt;2.2&amp;nbsp;&amp;nbsp; 如需要另行租用安全設備（如高空工作升降臺或鋁合金工作平臺）進行服務的，其租用該設備及/或額外勞工保險的費用將由客戶支付。否則，我司有權對此不進行滅蟲管理服務。&lt;/p&gt;\r\n\r\n&lt;p&gt;&amp;nbsp;&lt;/p&gt;\r\n\r\n&lt;p&gt;2.3&amp;nbsp;&amp;nbsp; 本協定的服務範圍不包括視覺上不能查驗、隱蔽或無法到達的地方。&lt;/p&gt;\r\n\r\n&lt;p&gt;&amp;nbsp;&lt;/p&gt;\r\n\r\n&lt;p&gt;2.4&amp;nbsp;&amp;nbsp; 本協定提供之利益只應用於協議所載樓宇、地方或物件。若物業有增建物時，須向我司發出書面通知；否則我司有權對新增建物不提供滅蟲管理服務。&lt;/p&gt;\r\n\r\n&lt;p&gt;&amp;nbsp;&lt;/p&gt;\r\n\r\n&lt;p&gt;2.5&amp;nbsp;&amp;nbsp; 在合約期間，如客戶提前終止合約，在取得我司的同意下，客戶仍須繳付200元人民幣作為行政費用。&lt;/p&gt;\r\n\r\n&lt;p&gt;&amp;nbsp;&lt;/p&gt;\r\n\r\n&lt;p&gt;2.6&amp;nbsp;&amp;nbsp; 在合約期間，如客戶需要搬遷居所，而新的居所面積與合約約定的面積有所分別，現有合約的剩餘價值將轉載於新的合約中。如客戶要求退款的，必須根據2.5的條款方式處理。&lt;/p&gt;\r\n\r\n&lt;p&gt;&amp;nbsp;&lt;/p&gt;\r\n\r\n&lt;p&gt;2.7&amp;nbsp;&amp;nbsp; 焗霧機器可將施藥藥劑直徑控制在30微米左右，藥劑會長時間懸浮于控制區域內。建議保持現場環境的封閉，換氣系統關閉。施藥後1小時後可開窗通風。如因客戶自身原因未達到此要求的，我司不承擔任何責任。&lt;/p&gt;\r\n\r\n&lt;p&gt;&amp;nbsp;&lt;/p&gt;\r\n\r\n&lt;p&gt;2.8&amp;nbsp;&amp;nbsp; 本協定之報價是根據客戶所提供樓面面積資料計算。因此, 當實際治理面積與客戶所述面積有差別時,我司保留調整報價的權利。&lt;/p&gt;\r\n\r\n&lt;p&gt;&amp;nbsp;&lt;/p&gt;\r\n\r\n&lt;p&gt;2.9&amp;nbsp;&amp;nbsp; 若滅蟲服務于獲得客戶確認日期及時間後，因客戶不在/或不能進入樓宇內而導致我司不能進行滅蟲服務，則我司有權收取200元人民幣, 作為誤工之賠償。&lt;/p&gt;\r\n\r\n&lt;p&gt;&amp;nbsp;&lt;/p&gt;\r\n\r\n&lt;p&gt;2.10 我司會以極細心及專業的態度進行滅蟲服務。為了更好的防止任何意外發生; 在治理服務時, 客戶必須確保所有貴重及易碎物品都已妥善保管及擺放好。如確因我司人員過錯造成關於上述物件損毀的索價，其上限為一仟元人民幣或合約約定月服務費的兩倍（以較低金額作準）。&lt;/p&gt;\r\n\r\n&lt;p&gt;&amp;nbsp;&lt;/p&gt;\r\n\r\n&lt;p&gt;2.11 在服務進行期間，我們建議客戶將貴重物品存放在安全的地方。如有需要，請客戶自行觀察我司員工進行工作。&lt;/p&gt;\r\n\r\n&lt;p&gt;&amp;nbsp;&lt;/p&gt;\r\n\r\n&lt;p&gt;2.12 雖然我司使用的殺蟲劑對人類（過敏性體質人群除外）及大部分寵物是非常安全，但對水生動物及部分爬蟲類是有高度的毒性。如有任何魚缸，水族缸或魚池含有該等動物，請在治理前通知我們及/或用濕毛巾及膠布覆蓋所有開口及其過濾系統；否則由此造成的後果我司不予承擔。&lt;/p&gt;\r\n\r\n&lt;p&gt;&amp;nbsp;&lt;/p&gt;\r\n\r\n&lt;p&gt;2.13 一切由蟲害或白蟻或鼠類所引致客戶的任何損害或損失,我司一概無須負責。&lt;/p&gt;\r\n\r\n&lt;p&gt;&amp;nbsp;&lt;/p&gt;\r\n\r\n&lt;p&gt;2.14 本協議履行中發生不可抗力，導致一方無法履行約定義務的，該方應在不可抗力發生後14天內以書面形式通知另一方。如不可抗力結束後，仍存在繼續履行的可能性，應繼續履行本協議。&lt;/p&gt;\r\n\r\n&lt;p&gt;&amp;nbsp;&lt;/p&gt;\r\n\r\n&lt;p&gt;2.15 本報價只適用於蟑螂/跳虱/螞蟻/老鼠/衣魚的一次性服務。&lt;/p&gt;\r\n'),
(41, 3, '成都', '成都', 'Chengdu', 16, 1, '150', 'RMB', 'mi', '重慶史偉莎清潔滅蟲服務有限公司成都分公司', '重慶史偉莎清潔滅蟲服務有限公司成都分公司', '重慶史偉莎清潔滅蟲服務有限公司成都分公司', 'Public/Uploads/2018-03-02/1519958732.png', '&lt;p&gt;1.&amp;nbsp;&amp;nbsp;&amp;nbsp;&amp;nbsp; 付款條款與合約章則&lt;/p&gt;\r\n\r\n&lt;p&gt;&amp;nbsp;&lt;/p&gt;\r\n\r\n&lt;p&gt;1.1&amp;nbsp; &amp;nbsp; &amp;nbsp;服務協定：於協定簽署後，本協定於所載期間內均具有約束力。&lt;/p&gt;\r\n\r\n&lt;p&gt;&amp;nbsp;&lt;/p&gt;\r\n\r\n&lt;p&gt;1.2&amp;nbsp; &amp;nbsp; &amp;nbsp;付款：&lt;/p&gt;\r\n\r\n&lt;p&gt;&amp;nbsp;&lt;/p&gt;\r\n\r\n&lt;p&gt;1.2.1&amp;nbsp; &amp;nbsp; &amp;nbsp;所有家居服務費用必須要預先支付。我司將于第一次服務時提供正規發票給客戶。付款方式如下：&lt;/p&gt;\r\n\r\n&lt;p&gt;&amp;nbsp;&lt;/p&gt;\r\n\r\n&lt;table border=&quot;0&quot; cellpadding=&quot;0&quot; cellspacing=&quot;0&quot; style=&quot;width:90%&quot;&gt;\r\n	&lt;tbody&gt;\r\n		&lt;tr&gt;\r\n			&lt;td&gt;i. 支付寶&lt;/td&gt;\r\n			&lt;td&gt;ii.&lt;strong&gt; &lt;/strong&gt;微信支付&lt;/td&gt;\r\n		&lt;/tr&gt;\r\n		&lt;tr&gt;\r\n			&lt;td&gt;&lt;img alt=&quot;&quot; src=&quot;Public/Uploads/2018-03-02/1519959291.jpg&quot; style=&quot;height:99px; width:100px&quot; /&gt;&lt;/td&gt;\r\n			&lt;td&gt;&lt;img alt=&quot;&quot; src=&quot;Public/Uploads/2018-03-02/1519959302.jpg&quot; style=&quot;height:101px; width:100px&quot; /&gt;&lt;/td&gt;\r\n		&lt;/tr&gt;\r\n	&lt;/tbody&gt;\r\n&lt;/table&gt;\r\n\r\n&lt;p&gt;&amp;nbsp;&lt;/p&gt;\r\n\r\n&lt;p&gt;iii.&amp;nbsp;&amp;nbsp;&amp;nbsp; 銀行轉賬:&lt;/p&gt;\r\n\r\n&lt;p&gt;&amp;nbsp; &amp;nbsp; &amp;nbsp; &amp;nbsp; 账户名：重庆史伟莎清洁灭虫服务有限公司成都分公司&lt;/p&gt;\r\n\r\n&lt;p&gt;&amp;nbsp; &amp;nbsp; &amp;nbsp; &amp;nbsp; 开户行：中国工商银行股份有限公司成都草市支行&lt;/p&gt;\r\n\r\n&lt;p&gt;&amp;nbsp; &amp;nbsp; &amp;nbsp; &amp;nbsp; 账&amp;nbsp; &amp;nbsp;号：4402 2020 0910 0091 380&lt;/p&gt;\r\n\r\n&lt;p&gt;&amp;nbsp;&lt;/p&gt;\r\n\r\n&lt;p&gt;2.&amp;nbsp;&amp;nbsp;&amp;nbsp;&amp;nbsp; 其他協議條件&lt;/p&gt;\r\n\r\n&lt;p&gt;&amp;nbsp;&lt;/p&gt;\r\n\r\n&lt;p&gt;2.1&amp;nbsp;&amp;nbsp; 我司滅蟲管理服務部負責於本協議內所述之有關地址的室內/室外/範圍內及合約期間內，為所述之昆蟲種類進行防滅/檢查服務。我司作業人員奉行服務第一，顧客至上的原則，以認真負責的態度，確保每次滅蟲服務達到安全、優質、有效的品質標準。所有施工/治理均根據全國衛生檢查機構滅蟲滅害的標準進行。&lt;/p&gt;\r\n\r\n&lt;p&gt;&amp;nbsp;&lt;/p&gt;\r\n\r\n&lt;p&gt;2.2&amp;nbsp;&amp;nbsp; 如需要另行租用安全設備（如高空工作升降臺或鋁合金工作平臺）進行服務的，其租用該設備及/或額外勞工保險的費用將由客戶支付。否則，我司有權對此不進行滅蟲管理服務。&lt;/p&gt;\r\n\r\n&lt;p&gt;&amp;nbsp;&lt;/p&gt;\r\n\r\n&lt;p&gt;2.3&amp;nbsp;&amp;nbsp; 本協定的服務範圍不包括視覺上不能查驗、隱蔽或無法到達的地方。&lt;/p&gt;\r\n\r\n&lt;p&gt;&amp;nbsp;&lt;/p&gt;\r\n\r\n&lt;p&gt;2.4&amp;nbsp;&amp;nbsp; 本協定提供之利益只應用於協議所載樓宇、地方或物件。若物業有增建物時，須向我司發出書面通知；否則我司有權對新增建物不提供滅蟲管理服務。&lt;/p&gt;\r\n\r\n&lt;p&gt;&amp;nbsp;&lt;/p&gt;\r\n\r\n&lt;p&gt;2.5&amp;nbsp;&amp;nbsp; 在合約期間，如客戶提前終止合約，在取得我司的同意下，客戶仍須繳付200元人民幣作為行政費用。&lt;/p&gt;\r\n\r\n&lt;p&gt;&amp;nbsp;&lt;/p&gt;\r\n\r\n&lt;p&gt;2.6&amp;nbsp;&amp;nbsp; 在合約期間，如客戶需要搬遷居所，而新的居所面積與合約約定的面積有所分別，現有合約的剩餘價值將轉載於新的合約中。如客戶要求退款的，必須根據2.5的條款方式處理。&lt;/p&gt;\r\n\r\n&lt;p&gt;&amp;nbsp;&lt;/p&gt;\r\n\r\n&lt;p&gt;2.7&amp;nbsp;&amp;nbsp; 焗霧機器可將施藥藥劑直徑控制在30微米左右，藥劑會長時間懸浮于控制區域內。建議保持現場環境的封閉，換氣系統關閉。施藥後1小時後可開窗通風。如因客戶自身原因未達到此要求的，我司不承擔任何責任。&lt;/p&gt;\r\n\r\n&lt;p&gt;&amp;nbsp;&lt;/p&gt;\r\n\r\n&lt;p&gt;2.8&amp;nbsp;&amp;nbsp; 本協定之報價是根據客戶所提供樓面面積資料計算。因此, 當實際治理面積與客戶所述面積有差別時,我司保留調整報價的權利。&lt;/p&gt;\r\n\r\n&lt;p&gt;&amp;nbsp;&lt;/p&gt;\r\n\r\n&lt;p&gt;2.9&amp;nbsp;&amp;nbsp; 若滅蟲服務于獲得客戶確認日期及時間後，因客戶不在/或不能進入樓宇內而導致我司不能進行滅蟲服務，則我司有權收取200元人民幣, 作為誤工之賠償。&lt;/p&gt;\r\n\r\n&lt;p&gt;&amp;nbsp;&lt;/p&gt;\r\n\r\n&lt;p&gt;2.10 我司會以極細心及專業的態度進行滅蟲服務。為了更好的防止任何意外發生; 在治理服務時, 客戶必須確保所有貴重及易碎物品都已妥善保管及擺放好。如確因我司人員過錯造成關於上述物件損毀的索價，其上限為一仟元人民幣或合約約定月服務費的兩倍（以較低金額作準）。&lt;/p&gt;\r\n\r\n&lt;p&gt;&amp;nbsp;&lt;/p&gt;\r\n\r\n&lt;p&gt;2.11 在服務進行期間，我們建議客戶將貴重物品存放在安全的地方。如有需要，請客戶自行觀察我司員工進行工作。&lt;/p&gt;\r\n\r\n&lt;p&gt;&amp;nbsp;&lt;/p&gt;\r\n\r\n&lt;p&gt;2.12 雖然我司使用的殺蟲劑對人類（過敏性體質人群除外）及大部分寵物是非常安全，但對水生動物及部分爬蟲類是有高度的毒性。如有任何魚缸，水族缸或魚池含有該等動物，請在治理前通知我們及/或用濕毛巾及膠布覆蓋所有開口及其過濾系統；否則由此造成的後果我司不予承擔。&lt;/p&gt;\r\n\r\n&lt;p&gt;&amp;nbsp;&lt;/p&gt;\r\n\r\n&lt;p&gt;2.13 一切由蟲害或白蟻或鼠類所引致客戶的任何損害或損失,我司一概無須負責。&lt;/p&gt;\r\n\r\n&lt;p&gt;&amp;nbsp;&lt;/p&gt;\r\n\r\n&lt;p&gt;2.14 本協議履行中發生不可抗力，導致一方無法履行約定義務的，該方應在不可抗力發生後14天內以書面形式通知另一方。如不可抗力結束後，仍存在繼續履行的可能性，應繼續履行本協議。&lt;/p&gt;\r\n\r\n&lt;p&gt;&amp;nbsp;&lt;/p&gt;\r\n\r\n&lt;p&gt;2.15 本報價只適用於蟑螂/跳虱/螞蟻/老鼠/衣魚的一次性服務。&lt;/p&gt;\r\n', '&lt;p&gt;1.&amp;nbsp;&amp;nbsp;&amp;nbsp;&amp;nbsp; 付款條款與合約章則&lt;/p&gt;\r\n\r\n&lt;p&gt;&amp;nbsp;&lt;/p&gt;\r\n\r\n&lt;p&gt;1.1&amp;nbsp; &amp;nbsp; &amp;nbsp;服務協定：於協定簽署後，本協定於所載期間內均具有約束力。&lt;/p&gt;\r\n\r\n&lt;p&gt;&amp;nbsp;&lt;/p&gt;\r\n\r\n&lt;p&gt;1.2&amp;nbsp; &amp;nbsp; &amp;nbsp;付款：&lt;/p&gt;\r\n\r\n&lt;p&gt;&amp;nbsp;&lt;/p&gt;\r\n\r\n&lt;p&gt;1.2.1&amp;nbsp; &amp;nbsp; &amp;nbsp;所有家居服務費用必須要預先支付。我司將于第一次服務時提供正規發票給客戶。付款方式如下：&lt;/p&gt;\r\n\r\n&lt;p&gt;&amp;nbsp;&lt;/p&gt;\r\n\r\n&lt;table border=&quot;0&quot; cellpadding=&quot;0&quot; cellspacing=&quot;0&quot; style=&quot;width:90%&quot;&gt;\r\n	&lt;tbody&gt;\r\n		&lt;tr&gt;\r\n			&lt;td&gt;i. 支付寶&lt;/td&gt;\r\n			&lt;td&gt;ii.&lt;strong&gt; &lt;/strong&gt;微信支付&lt;/td&gt;\r\n		&lt;/tr&gt;\r\n		&lt;tr&gt;\r\n			&lt;td&gt;&lt;img alt=&quot;&quot; src=&quot;Public/Uploads/2018-03-02/1519959291.jpg&quot; style=&quot;height:99px; width:100px&quot; /&gt;&lt;/td&gt;\r\n			&lt;td&gt;&lt;img alt=&quot;&quot; src=&quot;Public/Uploads/2018-03-02/1519959302.jpg&quot; style=&quot;height:101px; width:100px&quot; /&gt;&lt;/td&gt;\r\n		&lt;/tr&gt;\r\n	&lt;/tbody&gt;\r\n&lt;/table&gt;\r\n\r\n&lt;p&gt;&amp;nbsp;&lt;/p&gt;\r\n\r\n&lt;p&gt;iii.&amp;nbsp;&amp;nbsp;&amp;nbsp; 銀行轉賬:&lt;/p&gt;\r\n\r\n&lt;p&gt;&amp;nbsp; &amp;nbsp; &amp;nbsp; &amp;nbsp; 账户名：重庆史伟莎清洁灭虫服务有限公司成都分公司&lt;/p&gt;\r\n\r\n&lt;p&gt;&amp;nbsp; &amp;nbsp; &amp;nbsp; &amp;nbsp; 开户行：中国工商银行股份有限公司成都草市支行&lt;/p&gt;\r\n\r\n&lt;p&gt;&amp;nbsp; &amp;nbsp; &amp;nbsp; &amp;nbsp; 账&amp;nbsp; &amp;nbsp;号：4402 2020 0910 0091 380&lt;/p&gt;\r\n\r\n&lt;p&gt;&amp;nbsp;&lt;/p&gt;\r\n\r\n&lt;p&gt;2.&amp;nbsp;&amp;nbsp;&amp;nbsp;&amp;nbsp; 其他協議條件&lt;/p&gt;\r\n\r\n&lt;p&gt;&amp;nbsp;&lt;/p&gt;\r\n\r\n&lt;p&gt;2.1&amp;nbsp;&amp;nbsp; 我司滅蟲管理服務部負責於本協議內所述之有關地址的室內/室外/範圍內及合約期間內，為所述之昆蟲種類進行防滅/檢查服務。我司作業人員奉行服務第一，顧客至上的原則，以認真負責的態度，確保每次滅蟲服務達到安全、優質、有效的品質標準。所有施工/治理均根據全國衛生檢查機構滅蟲滅害的標準進行。&lt;/p&gt;\r\n\r\n&lt;p&gt;&amp;nbsp;&lt;/p&gt;\r\n\r\n&lt;p&gt;2.2&amp;nbsp;&amp;nbsp; 如需要另行租用安全設備（如高空工作升降臺或鋁合金工作平臺）進行服務的，其租用該設備及/或額外勞工保險的費用將由客戶支付。否則，我司有權對此不進行滅蟲管理服務。&lt;/p&gt;\r\n\r\n&lt;p&gt;&amp;nbsp;&lt;/p&gt;\r\n\r\n&lt;p&gt;2.3&amp;nbsp;&amp;nbsp; 本協定的服務範圍不包括視覺上不能查驗、隱蔽或無法到達的地方。&lt;/p&gt;\r\n\r\n&lt;p&gt;&amp;nbsp;&lt;/p&gt;\r\n\r\n&lt;p&gt;2.4&amp;nbsp;&amp;nbsp; 本協定提供之利益只應用於協議所載樓宇、地方或物件。若物業有增建物時，須向我司發出書面通知；否則我司有權對新增建物不提供滅蟲管理服務。&lt;/p&gt;\r\n\r\n&lt;p&gt;&amp;nbsp;&lt;/p&gt;\r\n\r\n&lt;p&gt;2.5&amp;nbsp;&amp;nbsp; 在合約期間，如客戶提前終止合約，在取得我司的同意下，客戶仍須繳付200元人民幣作為行政費用。&lt;/p&gt;\r\n\r\n&lt;p&gt;&amp;nbsp;&lt;/p&gt;\r\n\r\n&lt;p&gt;2.6&amp;nbsp;&amp;nbsp; 在合約期間，如客戶需要搬遷居所，而新的居所面積與合約約定的面積有所分別，現有合約的剩餘價值將轉載於新的合約中。如客戶要求退款的，必須根據2.5的條款方式處理。&lt;/p&gt;\r\n\r\n&lt;p&gt;&amp;nbsp;&lt;/p&gt;\r\n\r\n&lt;p&gt;2.7&amp;nbsp;&amp;nbsp; 焗霧機器可將施藥藥劑直徑控制在30微米左右，藥劑會長時間懸浮于控制區域內。建議保持現場環境的封閉，換氣系統關閉。施藥後1小時後可開窗通風。如因客戶自身原因未達到此要求的，我司不承擔任何責任。&lt;/p&gt;\r\n\r\n&lt;p&gt;&amp;nbsp;&lt;/p&gt;\r\n\r\n&lt;p&gt;2.8&amp;nbsp;&amp;nbsp; 本協定之報價是根據客戶所提供樓面面積資料計算。因此, 當實際治理面積與客戶所述面積有差別時,我司保留調整報價的權利。&lt;/p&gt;\r\n\r\n&lt;p&gt;&amp;nbsp;&lt;/p&gt;\r\n\r\n&lt;p&gt;2.9&amp;nbsp;&amp;nbsp; 若滅蟲服務于獲得客戶確認日期及時間後，因客戶不在/或不能進入樓宇內而導致我司不能進行滅蟲服務，則我司有權收取200元人民幣, 作為誤工之賠償。&lt;/p&gt;\r\n\r\n&lt;p&gt;&amp;nbsp;&lt;/p&gt;\r\n\r\n&lt;p&gt;2.10 我司會以極細心及專業的態度進行滅蟲服務。為了更好的防止任何意外發生; 在治理服務時, 客戶必須確保所有貴重及易碎物品都已妥善保管及擺放好。如確因我司人員過錯造成關於上述物件損毀的索價，其上限為一仟元人民幣或合約約定月服務費的兩倍（以較低金額作準）。&lt;/p&gt;\r\n\r\n&lt;p&gt;&amp;nbsp;&lt;/p&gt;\r\n\r\n&lt;p&gt;2.11 在服務進行期間，我們建議客戶將貴重物品存放在安全的地方。如有需要，請客戶自行觀察我司員工進行工作。&lt;/p&gt;\r\n\r\n&lt;p&gt;&amp;nbsp;&lt;/p&gt;\r\n\r\n&lt;p&gt;2.12 雖然我司使用的殺蟲劑對人類（過敏性體質人群除外）及大部分寵物是非常安全，但對水生動物及部分爬蟲類是有高度的毒性。如有任何魚缸，水族缸或魚池含有該等動物，請在治理前通知我們及/或用濕毛巾及膠布覆蓋所有開口及其過濾系統；否則由此造成的後果我司不予承擔。&lt;/p&gt;\r\n\r\n&lt;p&gt;&amp;nbsp;&lt;/p&gt;\r\n\r\n&lt;p&gt;2.13 一切由蟲害或白蟻或鼠類所引致客戶的任何損害或損失,我司一概無須負責。&lt;/p&gt;\r\n\r\n&lt;p&gt;&amp;nbsp;&lt;/p&gt;\r\n\r\n&lt;p&gt;2.14 本協議履行中發生不可抗力，導致一方無法履行約定義務的，該方應在不可抗力發生後14天內以書面形式通知另一方。如不可抗力結束後，仍存在繼續履行的可能性，應繼續履行本協議。&lt;/p&gt;\r\n\r\n&lt;p&gt;&amp;nbsp;&lt;/p&gt;\r\n\r\n&lt;p&gt;2.15 本報價只適用於蟑螂/跳虱/螞蟻/老鼠/衣魚的一次性服務。&lt;/p&gt;\r\n', '&lt;p&gt;1.&amp;nbsp;&amp;nbsp;&amp;nbsp;&amp;nbsp; 付款條款與合約章則&lt;/p&gt;\r\n\r\n&lt;p&gt;&amp;nbsp;&lt;/p&gt;\r\n\r\n&lt;p&gt;1.1&amp;nbsp; &amp;nbsp; &amp;nbsp;服務協定：於協定簽署後，本協定於所載期間內均具有約束力。&lt;/p&gt;\r\n\r\n&lt;p&gt;&amp;nbsp;&lt;/p&gt;\r\n\r\n&lt;p&gt;1.2&amp;nbsp; &amp;nbsp; &amp;nbsp;付款：&lt;/p&gt;\r\n\r\n&lt;p&gt;&amp;nbsp;&lt;/p&gt;\r\n\r\n&lt;p&gt;1.2.1&amp;nbsp; &amp;nbsp; &amp;nbsp;所有家居服務費用必須要預先支付。我司將于第一次服務時提供正規發票給客戶。付款方式如下：&lt;/p&gt;\r\n\r\n&lt;p&gt;&amp;nbsp;&lt;/p&gt;\r\n\r\n&lt;table border=&quot;0&quot; cellpadding=&quot;0&quot; cellspacing=&quot;0&quot; style=&quot;width:90%&quot;&gt;\r\n	&lt;tbody&gt;\r\n		&lt;tr&gt;\r\n			&lt;td&gt;i. 支付寶&lt;/td&gt;\r\n			&lt;td&gt;ii.&lt;strong&gt; &lt;/strong&gt;微信支付&lt;/td&gt;\r\n		&lt;/tr&gt;\r\n		&lt;tr&gt;\r\n			&lt;td&gt;&lt;img alt=&quot;&quot; src=&quot;Public/Uploads/2018-03-02/1519959291.jpg&quot; style=&quot;height:99px; width:100px&quot; /&gt;&lt;/td&gt;\r\n			&lt;td&gt;&lt;img alt=&quot;&quot; src=&quot;Public/Uploads/2018-03-02/1519959302.jpg&quot; style=&quot;height:101px; width:100px&quot; /&gt;&lt;/td&gt;\r\n		&lt;/tr&gt;\r\n	&lt;/tbody&gt;\r\n&lt;/table&gt;\r\n\r\n&lt;p&gt;&amp;nbsp;&lt;/p&gt;\r\n\r\n&lt;p&gt;iii.&amp;nbsp;&amp;nbsp;&amp;nbsp; 銀行轉賬:&lt;/p&gt;\r\n\r\n&lt;p&gt;&amp;nbsp; &amp;nbsp; &amp;nbsp; &amp;nbsp; 账户名：重庆史伟莎清洁灭虫服务有限公司成都分公司&lt;/p&gt;\r\n\r\n&lt;p&gt;&amp;nbsp; &amp;nbsp; &amp;nbsp; &amp;nbsp; 开户行：中国工商银行股份有限公司成都草市支行&lt;/p&gt;\r\n\r\n&lt;p&gt;&amp;nbsp; &amp;nbsp; &amp;nbsp; &amp;nbsp; 账&amp;nbsp; &amp;nbsp;号：4402 2020 0910 0091 380&lt;/p&gt;\r\n\r\n&lt;p&gt;&amp;nbsp;&lt;/p&gt;\r\n\r\n&lt;p&gt;2.&amp;nbsp;&amp;nbsp;&amp;nbsp;&amp;nbsp; 其他協議條件&lt;/p&gt;\r\n\r\n&lt;p&gt;&amp;nbsp;&lt;/p&gt;\r\n\r\n&lt;p&gt;2.1&amp;nbsp;&amp;nbsp; 我司滅蟲管理服務部負責於本協議內所述之有關地址的室內/室外/範圍內及合約期間內，為所述之昆蟲種類進行防滅/檢查服務。我司作業人員奉行服務第一，顧客至上的原則，以認真負責的態度，確保每次滅蟲服務達到安全、優質、有效的品質標準。所有施工/治理均根據全國衛生檢查機構滅蟲滅害的標準進行。&lt;/p&gt;\r\n\r\n&lt;p&gt;&amp;nbsp;&lt;/p&gt;\r\n\r\n&lt;p&gt;2.2&amp;nbsp;&amp;nbsp; 如需要另行租用安全設備（如高空工作升降臺或鋁合金工作平臺）進行服務的，其租用該設備及/或額外勞工保險的費用將由客戶支付。否則，我司有權對此不進行滅蟲管理服務。&lt;/p&gt;\r\n\r\n&lt;p&gt;&amp;nbsp;&lt;/p&gt;\r\n\r\n&lt;p&gt;2.3&amp;nbsp;&amp;nbsp; 本協定的服務範圍不包括視覺上不能查驗、隱蔽或無法到達的地方。&lt;/p&gt;\r\n\r\n&lt;p&gt;&amp;nbsp;&lt;/p&gt;\r\n\r\n&lt;p&gt;2.4&amp;nbsp;&amp;nbsp; 本協定提供之利益只應用於協議所載樓宇、地方或物件。若物業有增建物時，須向我司發出書面通知；否則我司有權對新增建物不提供滅蟲管理服務。&lt;/p&gt;\r\n\r\n&lt;p&gt;&amp;nbsp;&lt;/p&gt;\r\n\r\n&lt;p&gt;2.5&amp;nbsp;&amp;nbsp; 在合約期間，如客戶提前終止合約，在取得我司的同意下，客戶仍須繳付200元人民幣作為行政費用。&lt;/p&gt;\r\n\r\n&lt;p&gt;&amp;nbsp;&lt;/p&gt;\r\n\r\n&lt;p&gt;2.6&amp;nbsp;&amp;nbsp; 在合約期間，如客戶需要搬遷居所，而新的居所面積與合約約定的面積有所分別，現有合約的剩餘價值將轉載於新的合約中。如客戶要求退款的，必須根據2.5的條款方式處理。&lt;/p&gt;\r\n\r\n&lt;p&gt;&amp;nbsp;&lt;/p&gt;\r\n\r\n&lt;p&gt;2.7&amp;nbsp;&amp;nbsp; 焗霧機器可將施藥藥劑直徑控制在30微米左右，藥劑會長時間懸浮于控制區域內。建議保持現場環境的封閉，換氣系統關閉。施藥後1小時後可開窗通風。如因客戶自身原因未達到此要求的，我司不承擔任何責任。&lt;/p&gt;\r\n\r\n&lt;p&gt;&amp;nbsp;&lt;/p&gt;\r\n\r\n&lt;p&gt;2.8&amp;nbsp;&amp;nbsp; 本協定之報價是根據客戶所提供樓面面積資料計算。因此, 當實際治理面積與客戶所述面積有差別時,我司保留調整報價的權利。&lt;/p&gt;\r\n\r\n&lt;p&gt;&amp;nbsp;&lt;/p&gt;\r\n\r\n&lt;p&gt;2.9&amp;nbsp;&amp;nbsp; 若滅蟲服務于獲得客戶確認日期及時間後，因客戶不在/或不能進入樓宇內而導致我司不能進行滅蟲服務，則我司有權收取200元人民幣, 作為誤工之賠償。&lt;/p&gt;\r\n\r\n&lt;p&gt;&amp;nbsp;&lt;/p&gt;\r\n\r\n&lt;p&gt;2.10 我司會以極細心及專業的態度進行滅蟲服務。為了更好的防止任何意外發生; 在治理服務時, 客戶必須確保所有貴重及易碎物品都已妥善保管及擺放好。如確因我司人員過錯造成關於上述物件損毀的索價，其上限為一仟元人民幣或合約約定月服務費的兩倍（以較低金額作準）。&lt;/p&gt;\r\n\r\n&lt;p&gt;&amp;nbsp;&lt;/p&gt;\r\n\r\n&lt;p&gt;2.11 在服務進行期間，我們建議客戶將貴重物品存放在安全的地方。如有需要，請客戶自行觀察我司員工進行工作。&lt;/p&gt;\r\n\r\n&lt;p&gt;&amp;nbsp;&lt;/p&gt;\r\n\r\n&lt;p&gt;2.12 雖然我司使用的殺蟲劑對人類（過敏性體質人群除外）及大部分寵物是非常安全，但對水生動物及部分爬蟲類是有高度的毒性。如有任何魚缸，水族缸或魚池含有該等動物，請在治理前通知我們及/或用濕毛巾及膠布覆蓋所有開口及其過濾系統；否則由此造成的後果我司不予承擔。&lt;/p&gt;\r\n\r\n&lt;p&gt;&amp;nbsp;&lt;/p&gt;\r\n\r\n&lt;p&gt;2.13 一切由蟲害或白蟻或鼠類所引致客戶的任何損害或損失,我司一概無須負責。&lt;/p&gt;\r\n\r\n&lt;p&gt;&amp;nbsp;&lt;/p&gt;\r\n\r\n&lt;p&gt;2.14 本協議履行中發生不可抗力，導致一方無法履行約定義務的，該方應在不可抗力發生後14天內以書面形式通知另一方。如不可抗力結束後，仍存在繼續履行的可能性，應繼續履行本協議。&lt;/p&gt;\r\n\r\n&lt;p&gt;&amp;nbsp;&lt;/p&gt;\r\n\r\n&lt;p&gt;2.15 本報價只適用於蟑螂/跳虱/螞蟻/老鼠/衣魚的一次性服務。&lt;/p&gt;\r\n');
INSERT INTO `quote_city` (`id`, `region_id`, `city_name`, `city_name_tw`, `city_name_us`, `z_index`, `other_open`, `other_price`, `currency_type`, `b_unit`, `company`, `company_tw`, `company_us`, `seal`, `terms`, `terms_tw`, `terms_us`) VALUES
(42, 3, '重庆', '重慶', 'Chongqing', 17, 1, '150', 'RMB', 'mi', '重庆史伟莎清洁灭虫服务有限公司', '重庆史伟莎清洁灭虫服务有限公司', '重庆史伟莎清洁灭虫服务有限公司', 'Public/Uploads/2018-03-02/1519958305.png', '&lt;p&gt;1.&amp;nbsp;&amp;nbsp;&amp;nbsp;&amp;nbsp; 付款條款與合約章則&lt;/p&gt;\r\n\r\n&lt;p&gt;&amp;nbsp;&lt;/p&gt;\r\n\r\n&lt;p&gt;1.1&amp;nbsp; &amp;nbsp; &amp;nbsp;服務協定：於協定簽署後，本協定於所載期間內均具有約束力。&lt;/p&gt;\r\n\r\n&lt;p&gt;&amp;nbsp;&lt;/p&gt;\r\n\r\n&lt;p&gt;1.2&amp;nbsp; &amp;nbsp; &amp;nbsp;付款：&lt;/p&gt;\r\n\r\n&lt;p&gt;&amp;nbsp;&lt;/p&gt;\r\n\r\n&lt;p&gt;1.2.1&amp;nbsp; &amp;nbsp; &amp;nbsp;所有家居服務費用必須要預先支付。我司將于第一次服務時提供正規發票給客戶。付款方式如下：&lt;/p&gt;\r\n\r\n&lt;p&gt;&amp;nbsp;&lt;/p&gt;\r\n\r\n&lt;table border=&quot;0&quot; cellpadding=&quot;0&quot; cellspacing=&quot;0&quot; style=&quot;width:90%&quot;&gt;\r\n	&lt;tbody&gt;\r\n		&lt;tr&gt;\r\n			&lt;td&gt;i. 支付寶&lt;/td&gt;\r\n		&lt;/tr&gt;\r\n		&lt;tr&gt;\r\n			&lt;td&gt;&lt;img alt=&quot;&quot; src=&quot;Public/Uploads/2018-03-02/1519958348.jpg&quot; style=&quot;height:101px; width:100px&quot; /&gt;&lt;/td&gt;\r\n		&lt;/tr&gt;\r\n	&lt;/tbody&gt;\r\n&lt;/table&gt;\r\n\r\n&lt;p&gt;&amp;nbsp;&lt;/p&gt;\r\n\r\n&lt;p&gt;iii.&amp;nbsp;&amp;nbsp;&amp;nbsp; 銀行轉賬:&lt;/p&gt;\r\n\r\n&lt;p&gt;&amp;nbsp; &amp;nbsp; &amp;nbsp; &amp;nbsp; 账户名：重庆史伟莎清洁灭虫服务有限公司&lt;/p&gt;\r\n\r\n&lt;p&gt;&amp;nbsp; &amp;nbsp; &amp;nbsp; &amp;nbsp; 开户行：中国银行重庆市分行营业部&lt;/p&gt;\r\n\r\n&lt;p&gt;&amp;nbsp; &amp;nbsp; &amp;nbsp; &amp;nbsp; 账&amp;nbsp; &amp;nbsp;号：1144 1878 2425&lt;/p&gt;\r\n\r\n&lt;p&gt;&amp;nbsp;&lt;/p&gt;\r\n\r\n&lt;p&gt;2.&amp;nbsp;&amp;nbsp;&amp;nbsp;&amp;nbsp; 其他協議條件&lt;/p&gt;\r\n\r\n&lt;p&gt;&amp;nbsp;&lt;/p&gt;\r\n\r\n&lt;p&gt;2.1&amp;nbsp;&amp;nbsp; 我司滅蟲管理服務部負責於本協議內所述之有關地址的室內/室外/範圍內及合約期間內，為所述之昆蟲種類進行防滅/檢查服務。我司作業人員奉行服務第一，顧客至上的原則，以認真負責的態度，確保每次滅蟲服務達到安全、優質、有效的品質標準。所有施工/治理均根據全國衛生檢查機構滅蟲滅害的標準進行。&lt;/p&gt;\r\n\r\n&lt;p&gt;&amp;nbsp;&lt;/p&gt;\r\n\r\n&lt;p&gt;2.2&amp;nbsp;&amp;nbsp; 如需要另行租用安全設備（如高空工作升降臺或鋁合金工作平臺）進行服務的，其租用該設備及/或額外勞工保險的費用將由客戶支付。否則，我司有權對此不進行滅蟲管理服務。&lt;/p&gt;\r\n\r\n&lt;p&gt;&amp;nbsp;&lt;/p&gt;\r\n\r\n&lt;p&gt;2.3&amp;nbsp;&amp;nbsp; 本協定的服務範圍不包括視覺上不能查驗、隱蔽或無法到達的地方。&lt;/p&gt;\r\n\r\n&lt;p&gt;&amp;nbsp;&lt;/p&gt;\r\n\r\n&lt;p&gt;2.4&amp;nbsp;&amp;nbsp; 本協定提供之利益只應用於協議所載樓宇、地方或物件。若物業有增建物時，須向我司發出書面通知；否則我司有權對新增建物不提供滅蟲管理服務。&lt;/p&gt;\r\n\r\n&lt;p&gt;&amp;nbsp;&lt;/p&gt;\r\n\r\n&lt;p&gt;2.5&amp;nbsp;&amp;nbsp; 在合約期間，如客戶提前終止合約，在取得我司的同意下，客戶仍須繳付200元人民幣作為行政費用。&lt;/p&gt;\r\n\r\n&lt;p&gt;&amp;nbsp;&lt;/p&gt;\r\n\r\n&lt;p&gt;2.6&amp;nbsp;&amp;nbsp; 在合約期間，如客戶需要搬遷居所，而新的居所面積與合約約定的面積有所分別，現有合約的剩餘價值將轉載於新的合約中。如客戶要求退款的，必須根據2.5的條款方式處理。&lt;/p&gt;\r\n\r\n&lt;p&gt;&amp;nbsp;&lt;/p&gt;\r\n\r\n&lt;p&gt;2.7&amp;nbsp;&amp;nbsp; 焗霧機器可將施藥藥劑直徑控制在30微米左右，藥劑會長時間懸浮于控制區域內。建議保持現場環境的封閉，換氣系統關閉。施藥後1小時後可開窗通風。如因客戶自身原因未達到此要求的，我司不承擔任何責任。&lt;/p&gt;\r\n\r\n&lt;p&gt;&amp;nbsp;&lt;/p&gt;\r\n\r\n&lt;p&gt;2.8&amp;nbsp;&amp;nbsp; 本協定之報價是根據客戶所提供樓面面積資料計算。因此, 當實際治理面積與客戶所述面積有差別時,我司保留調整報價的權利。&lt;/p&gt;\r\n\r\n&lt;p&gt;&amp;nbsp;&lt;/p&gt;\r\n\r\n&lt;p&gt;2.9&amp;nbsp;&amp;nbsp; 若滅蟲服務于獲得客戶確認日期及時間後，因客戶不在/或不能進入樓宇內而導致我司不能進行滅蟲服務，則我司有權收取200元人民幣, 作為誤工之賠償。&lt;/p&gt;\r\n\r\n&lt;p&gt;&amp;nbsp;&lt;/p&gt;\r\n\r\n&lt;p&gt;2.10 我司會以極細心及專業的態度進行滅蟲服務。為了更好的防止任何意外發生; 在治理服務時, 客戶必須確保所有貴重及易碎物品都已妥善保管及擺放好。如確因我司人員過錯造成關於上述物件損毀的索價，其上限為一仟元人民幣或合約約定月服務費的兩倍（以較低金額作準）。&lt;/p&gt;\r\n\r\n&lt;p&gt;&amp;nbsp;&lt;/p&gt;\r\n\r\n&lt;p&gt;2.11 在服務進行期間，我們建議客戶將貴重物品存放在安全的地方。如有需要，請客戶自行觀察我司員工進行工作。&lt;/p&gt;\r\n\r\n&lt;p&gt;&amp;nbsp;&lt;/p&gt;\r\n\r\n&lt;p&gt;2.12 雖然我司使用的殺蟲劑對人類（過敏性體質人群除外）及大部分寵物是非常安全，但對水生動物及部分爬蟲類是有高度的毒性。如有任何魚缸，水族缸或魚池含有該等動物，請在治理前通知我們及/或用濕毛巾及膠布覆蓋所有開口及其過濾系統；否則由此造成的後果我司不予承擔。&lt;/p&gt;\r\n\r\n&lt;p&gt;&amp;nbsp;&lt;/p&gt;\r\n\r\n&lt;p&gt;2.13 一切由蟲害或白蟻或鼠類所引致客戶的任何損害或損失,我司一概無須負責。&lt;/p&gt;\r\n\r\n&lt;p&gt;&amp;nbsp;&lt;/p&gt;\r\n\r\n&lt;p&gt;2.14 本協議履行中發生不可抗力，導致一方無法履行約定義務的，該方應在不可抗力發生後14天內以書面形式通知另一方。如不可抗力結束後，仍存在繼續履行的可能性，應繼續履行本協議。&lt;/p&gt;\r\n\r\n&lt;p&gt;&amp;nbsp;&lt;/p&gt;\r\n\r\n&lt;p&gt;2.15 本報價只適用於蟑螂/跳虱/螞蟻/老鼠/衣魚的一次性服務。&lt;/p&gt;\r\n', '&lt;p&gt;1.&amp;nbsp;&amp;nbsp;&amp;nbsp;&amp;nbsp; 付款條款與合約章則&lt;/p&gt;\r\n\r\n&lt;p&gt;&amp;nbsp;&lt;/p&gt;\r\n\r\n&lt;p&gt;1.1&amp;nbsp; &amp;nbsp; &amp;nbsp;服務協定：於協定簽署後，本協定於所載期間內均具有約束力。&lt;/p&gt;\r\n\r\n&lt;p&gt;&amp;nbsp;&lt;/p&gt;\r\n\r\n&lt;p&gt;1.2&amp;nbsp; &amp;nbsp; &amp;nbsp;付款：&lt;/p&gt;\r\n\r\n&lt;p&gt;&amp;nbsp;&lt;/p&gt;\r\n\r\n&lt;p&gt;1.2.1&amp;nbsp; &amp;nbsp; &amp;nbsp;所有家居服務費用必須要預先支付。我司將于第一次服務時提供正規發票給客戶。付款方式如下：&lt;/p&gt;\r\n\r\n&lt;p&gt;&amp;nbsp;&lt;/p&gt;\r\n\r\n&lt;table border=&quot;0&quot; cellpadding=&quot;0&quot; cellspacing=&quot;0&quot; style=&quot;width:90%&quot;&gt;\r\n	&lt;tbody&gt;\r\n		&lt;tr&gt;\r\n			&lt;td&gt;i. 支付寶&lt;/td&gt;\r\n		&lt;/tr&gt;\r\n		&lt;tr&gt;\r\n			&lt;td&gt;&lt;img alt=&quot;&quot; src=&quot;Public/Uploads/2018-03-02/1519958348.jpg&quot; style=&quot;height:101px; width:100px&quot; /&gt;&lt;/td&gt;\r\n		&lt;/tr&gt;\r\n	&lt;/tbody&gt;\r\n&lt;/table&gt;\r\n\r\n&lt;p&gt;&amp;nbsp;&lt;/p&gt;\r\n\r\n&lt;p&gt;iii.&amp;nbsp;&amp;nbsp;&amp;nbsp; 銀行轉賬:&lt;/p&gt;\r\n\r\n&lt;p&gt;&amp;nbsp; &amp;nbsp; &amp;nbsp; &amp;nbsp; 账户名：重庆史伟莎清洁灭虫服务有限公司&lt;/p&gt;\r\n\r\n&lt;p&gt;&amp;nbsp; &amp;nbsp; &amp;nbsp; &amp;nbsp; 开户行：中国银行重庆市分行营业部&lt;/p&gt;\r\n\r\n&lt;p&gt;&amp;nbsp; &amp;nbsp; &amp;nbsp; &amp;nbsp; 账&amp;nbsp; &amp;nbsp;号：1144 1878 2425&lt;/p&gt;\r\n\r\n&lt;p&gt;&amp;nbsp;&lt;/p&gt;\r\n\r\n&lt;p&gt;2.&amp;nbsp;&amp;nbsp;&amp;nbsp;&amp;nbsp; 其他協議條件&lt;/p&gt;\r\n\r\n&lt;p&gt;&amp;nbsp;&lt;/p&gt;\r\n\r\n&lt;p&gt;2.1&amp;nbsp;&amp;nbsp; 我司滅蟲管理服務部負責於本協議內所述之有關地址的室內/室外/範圍內及合約期間內，為所述之昆蟲種類進行防滅/檢查服務。我司作業人員奉行服務第一，顧客至上的原則，以認真負責的態度，確保每次滅蟲服務達到安全、優質、有效的品質標準。所有施工/治理均根據全國衛生檢查機構滅蟲滅害的標準進行。&lt;/p&gt;\r\n\r\n&lt;p&gt;&amp;nbsp;&lt;/p&gt;\r\n\r\n&lt;p&gt;2.2&amp;nbsp;&amp;nbsp; 如需要另行租用安全設備（如高空工作升降臺或鋁合金工作平臺）進行服務的，其租用該設備及/或額外勞工保險的費用將由客戶支付。否則，我司有權對此不進行滅蟲管理服務。&lt;/p&gt;\r\n\r\n&lt;p&gt;&amp;nbsp;&lt;/p&gt;\r\n\r\n&lt;p&gt;2.3&amp;nbsp;&amp;nbsp; 本協定的服務範圍不包括視覺上不能查驗、隱蔽或無法到達的地方。&lt;/p&gt;\r\n\r\n&lt;p&gt;&amp;nbsp;&lt;/p&gt;\r\n\r\n&lt;p&gt;2.4&amp;nbsp;&amp;nbsp; 本協定提供之利益只應用於協議所載樓宇、地方或物件。若物業有增建物時，須向我司發出書面通知；否則我司有權對新增建物不提供滅蟲管理服務。&lt;/p&gt;\r\n\r\n&lt;p&gt;&amp;nbsp;&lt;/p&gt;\r\n\r\n&lt;p&gt;2.5&amp;nbsp;&amp;nbsp; 在合約期間，如客戶提前終止合約，在取得我司的同意下，客戶仍須繳付200元人民幣作為行政費用。&lt;/p&gt;\r\n\r\n&lt;p&gt;&amp;nbsp;&lt;/p&gt;\r\n\r\n&lt;p&gt;2.6&amp;nbsp;&amp;nbsp; 在合約期間，如客戶需要搬遷居所，而新的居所面積與合約約定的面積有所分別，現有合約的剩餘價值將轉載於新的合約中。如客戶要求退款的，必須根據2.5的條款方式處理。&lt;/p&gt;\r\n\r\n&lt;p&gt;&amp;nbsp;&lt;/p&gt;\r\n\r\n&lt;p&gt;2.7&amp;nbsp;&amp;nbsp; 焗霧機器可將施藥藥劑直徑控制在30微米左右，藥劑會長時間懸浮于控制區域內。建議保持現場環境的封閉，換氣系統關閉。施藥後1小時後可開窗通風。如因客戶自身原因未達到此要求的，我司不承擔任何責任。&lt;/p&gt;\r\n\r\n&lt;p&gt;&amp;nbsp;&lt;/p&gt;\r\n\r\n&lt;p&gt;2.8&amp;nbsp;&amp;nbsp; 本協定之報價是根據客戶所提供樓面面積資料計算。因此, 當實際治理面積與客戶所述面積有差別時,我司保留調整報價的權利。&lt;/p&gt;\r\n\r\n&lt;p&gt;&amp;nbsp;&lt;/p&gt;\r\n\r\n&lt;p&gt;2.9&amp;nbsp;&amp;nbsp; 若滅蟲服務于獲得客戶確認日期及時間後，因客戶不在/或不能進入樓宇內而導致我司不能進行滅蟲服務，則我司有權收取200元人民幣, 作為誤工之賠償。&lt;/p&gt;\r\n\r\n&lt;p&gt;&amp;nbsp;&lt;/p&gt;\r\n\r\n&lt;p&gt;2.10 我司會以極細心及專業的態度進行滅蟲服務。為了更好的防止任何意外發生; 在治理服務時, 客戶必須確保所有貴重及易碎物品都已妥善保管及擺放好。如確因我司人員過錯造成關於上述物件損毀的索價，其上限為一仟元人民幣或合約約定月服務費的兩倍（以較低金額作準）。&lt;/p&gt;\r\n\r\n&lt;p&gt;&amp;nbsp;&lt;/p&gt;\r\n\r\n&lt;p&gt;2.11 在服務進行期間，我們建議客戶將貴重物品存放在安全的地方。如有需要，請客戶自行觀察我司員工進行工作。&lt;/p&gt;\r\n\r\n&lt;p&gt;&amp;nbsp;&lt;/p&gt;\r\n\r\n&lt;p&gt;2.12 雖然我司使用的殺蟲劑對人類（過敏性體質人群除外）及大部分寵物是非常安全，但對水生動物及部分爬蟲類是有高度的毒性。如有任何魚缸，水族缸或魚池含有該等動物，請在治理前通知我們及/或用濕毛巾及膠布覆蓋所有開口及其過濾系統；否則由此造成的後果我司不予承擔。&lt;/p&gt;\r\n\r\n&lt;p&gt;&amp;nbsp;&lt;/p&gt;\r\n\r\n&lt;p&gt;2.13 一切由蟲害或白蟻或鼠類所引致客戶的任何損害或損失,我司一概無須負責。&lt;/p&gt;\r\n\r\n&lt;p&gt;&amp;nbsp;&lt;/p&gt;\r\n\r\n&lt;p&gt;2.14 本協議履行中發生不可抗力，導致一方無法履行約定義務的，該方應在不可抗力發生後14天內以書面形式通知另一方。如不可抗力結束後，仍存在繼續履行的可能性，應繼續履行本協議。&lt;/p&gt;\r\n\r\n&lt;p&gt;&amp;nbsp;&lt;/p&gt;\r\n\r\n&lt;p&gt;2.15 本報價只適用於蟑螂/跳虱/螞蟻/老鼠/衣魚的一次性服務。&lt;/p&gt;\r\n', '&lt;p&gt;1.&amp;nbsp;&amp;nbsp;&amp;nbsp;&amp;nbsp; 付款條款與合約章則&lt;/p&gt;\r\n\r\n&lt;p&gt;&amp;nbsp;&lt;/p&gt;\r\n\r\n&lt;p&gt;1.1&amp;nbsp; &amp;nbsp; &amp;nbsp;服務協定：於協定簽署後，本協定於所載期間內均具有約束力。&lt;/p&gt;\r\n\r\n&lt;p&gt;&amp;nbsp;&lt;/p&gt;\r\n\r\n&lt;p&gt;1.2&amp;nbsp; &amp;nbsp; &amp;nbsp;付款：&lt;/p&gt;\r\n\r\n&lt;p&gt;&amp;nbsp;&lt;/p&gt;\r\n\r\n&lt;p&gt;1.2.1&amp;nbsp; &amp;nbsp; &amp;nbsp;所有家居服務費用必須要預先支付。我司將于第一次服務時提供正規發票給客戶。付款方式如下：&lt;/p&gt;\r\n\r\n&lt;p&gt;&amp;nbsp;&lt;/p&gt;\r\n\r\n&lt;table border=&quot;0&quot; cellpadding=&quot;0&quot; cellspacing=&quot;0&quot; style=&quot;width:90%&quot;&gt;\r\n	&lt;tbody&gt;\r\n		&lt;tr&gt;\r\n			&lt;td&gt;i. 支付寶&lt;/td&gt;\r\n		&lt;/tr&gt;\r\n		&lt;tr&gt;\r\n			&lt;td&gt;&lt;img alt=&quot;&quot; src=&quot;Public/Uploads/2018-03-02/1519958348.jpg&quot; style=&quot;height:101px; width:100px&quot; /&gt;&lt;/td&gt;\r\n		&lt;/tr&gt;\r\n	&lt;/tbody&gt;\r\n&lt;/table&gt;\r\n\r\n&lt;p&gt;&amp;nbsp;&lt;/p&gt;\r\n\r\n&lt;p&gt;iii.&amp;nbsp;&amp;nbsp;&amp;nbsp; 銀行轉賬:&lt;/p&gt;\r\n\r\n&lt;p&gt;&amp;nbsp; &amp;nbsp; &amp;nbsp; &amp;nbsp; 账户名：重庆史伟莎清洁灭虫服务有限公司&lt;/p&gt;\r\n\r\n&lt;p&gt;&amp;nbsp; &amp;nbsp; &amp;nbsp; &amp;nbsp; 开户行：中国银行重庆市分行营业部&lt;/p&gt;\r\n\r\n&lt;p&gt;&amp;nbsp; &amp;nbsp; &amp;nbsp; &amp;nbsp; 账&amp;nbsp; &amp;nbsp;号：1144 1878 2425&lt;/p&gt;\r\n\r\n&lt;p&gt;&amp;nbsp;&lt;/p&gt;\r\n\r\n&lt;p&gt;2.&amp;nbsp;&amp;nbsp;&amp;nbsp;&amp;nbsp; 其他協議條件&lt;/p&gt;\r\n\r\n&lt;p&gt;&amp;nbsp;&lt;/p&gt;\r\n\r\n&lt;p&gt;2.1&amp;nbsp;&amp;nbsp; 我司滅蟲管理服務部負責於本協議內所述之有關地址的室內/室外/範圍內及合約期間內，為所述之昆蟲種類進行防滅/檢查服務。我司作業人員奉行服務第一，顧客至上的原則，以認真負責的態度，確保每次滅蟲服務達到安全、優質、有效的品質標準。所有施工/治理均根據全國衛生檢查機構滅蟲滅害的標準進行。&lt;/p&gt;\r\n\r\n&lt;p&gt;&amp;nbsp;&lt;/p&gt;\r\n\r\n&lt;p&gt;2.2&amp;nbsp;&amp;nbsp; 如需要另行租用安全設備（如高空工作升降臺或鋁合金工作平臺）進行服務的，其租用該設備及/或額外勞工保險的費用將由客戶支付。否則，我司有權對此不進行滅蟲管理服務。&lt;/p&gt;\r\n\r\n&lt;p&gt;&amp;nbsp;&lt;/p&gt;\r\n\r\n&lt;p&gt;2.3&amp;nbsp;&amp;nbsp; 本協定的服務範圍不包括視覺上不能查驗、隱蔽或無法到達的地方。&lt;/p&gt;\r\n\r\n&lt;p&gt;&amp;nbsp;&lt;/p&gt;\r\n\r\n&lt;p&gt;2.4&amp;nbsp;&amp;nbsp; 本協定提供之利益只應用於協議所載樓宇、地方或物件。若物業有增建物時，須向我司發出書面通知；否則我司有權對新增建物不提供滅蟲管理服務。&lt;/p&gt;\r\n\r\n&lt;p&gt;&amp;nbsp;&lt;/p&gt;\r\n\r\n&lt;p&gt;2.5&amp;nbsp;&amp;nbsp; 在合約期間，如客戶提前終止合約，在取得我司的同意下，客戶仍須繳付200元人民幣作為行政費用。&lt;/p&gt;\r\n\r\n&lt;p&gt;&amp;nbsp;&lt;/p&gt;\r\n\r\n&lt;p&gt;2.6&amp;nbsp;&amp;nbsp; 在合約期間，如客戶需要搬遷居所，而新的居所面積與合約約定的面積有所分別，現有合約的剩餘價值將轉載於新的合約中。如客戶要求退款的，必須根據2.5的條款方式處理。&lt;/p&gt;\r\n\r\n&lt;p&gt;&amp;nbsp;&lt;/p&gt;\r\n\r\n&lt;p&gt;2.7&amp;nbsp;&amp;nbsp; 焗霧機器可將施藥藥劑直徑控制在30微米左右，藥劑會長時間懸浮于控制區域內。建議保持現場環境的封閉，換氣系統關閉。施藥後1小時後可開窗通風。如因客戶自身原因未達到此要求的，我司不承擔任何責任。&lt;/p&gt;\r\n\r\n&lt;p&gt;&amp;nbsp;&lt;/p&gt;\r\n\r\n&lt;p&gt;2.8&amp;nbsp;&amp;nbsp; 本協定之報價是根據客戶所提供樓面面積資料計算。因此, 當實際治理面積與客戶所述面積有差別時,我司保留調整報價的權利。&lt;/p&gt;\r\n\r\n&lt;p&gt;&amp;nbsp;&lt;/p&gt;\r\n\r\n&lt;p&gt;2.9&amp;nbsp;&amp;nbsp; 若滅蟲服務于獲得客戶確認日期及時間後，因客戶不在/或不能進入樓宇內而導致我司不能進行滅蟲服務，則我司有權收取200元人民幣, 作為誤工之賠償。&lt;/p&gt;\r\n\r\n&lt;p&gt;&amp;nbsp;&lt;/p&gt;\r\n\r\n&lt;p&gt;2.10 我司會以極細心及專業的態度進行滅蟲服務。為了更好的防止任何意外發生; 在治理服務時, 客戶必須確保所有貴重及易碎物品都已妥善保管及擺放好。如確因我司人員過錯造成關於上述物件損毀的索價，其上限為一仟元人民幣或合約約定月服務費的兩倍（以較低金額作準）。&lt;/p&gt;\r\n\r\n&lt;p&gt;&amp;nbsp;&lt;/p&gt;\r\n\r\n&lt;p&gt;2.11 在服務進行期間，我們建議客戶將貴重物品存放在安全的地方。如有需要，請客戶自行觀察我司員工進行工作。&lt;/p&gt;\r\n\r\n&lt;p&gt;&amp;nbsp;&lt;/p&gt;\r\n\r\n&lt;p&gt;2.12 雖然我司使用的殺蟲劑對人類（過敏性體質人群除外）及大部分寵物是非常安全，但對水生動物及部分爬蟲類是有高度的毒性。如有任何魚缸，水族缸或魚池含有該等動物，請在治理前通知我們及/或用濕毛巾及膠布覆蓋所有開口及其過濾系統；否則由此造成的後果我司不予承擔。&lt;/p&gt;\r\n\r\n&lt;p&gt;&amp;nbsp;&lt;/p&gt;\r\n\r\n&lt;p&gt;2.13 一切由蟲害或白蟻或鼠類所引致客戶的任何損害或損失,我司一概無須負責。&lt;/p&gt;\r\n\r\n&lt;p&gt;&amp;nbsp;&lt;/p&gt;\r\n\r\n&lt;p&gt;2.14 本協議履行中發生不可抗力，導致一方無法履行約定義務的，該方應在不可抗力發生後14天內以書面形式通知另一方。如不可抗力結束後，仍存在繼續履行的可能性，應繼續履行本協議。&lt;/p&gt;\r\n\r\n&lt;p&gt;&amp;nbsp;&lt;/p&gt;\r\n\r\n&lt;p&gt;2.15 本報價只適用於蟑螂/跳虱/螞蟻/老鼠/衣魚的一次性服務。&lt;/p&gt;\r\n'),
(43, 5, '台北', '台北', 'Taipei', 1, 0, NULL, 'NT$', 'ping', '香港商史偉莎企業有限公司台灣分公司', '香港商史偉莎企業有限公司台灣分公司', '香港商史偉莎企業有限公司台灣分公司', 'Public/Uploads/2018-03-02/1519966537.png', '&lt;p&gt;1.&amp;nbsp;&amp;nbsp;&amp;nbsp;&amp;nbsp; 付款條款與合約章則&lt;/p&gt;\r\n\r\n&lt;p&gt;&amp;nbsp;&lt;/p&gt;\r\n\r\n&lt;p&gt;1.1&amp;nbsp;&amp;nbsp; 服務協定：於協定簽署後，本協定於所載期間內均具有約束力。&lt;/p&gt;\r\n\r\n&lt;p&gt;&amp;nbsp;&lt;/p&gt;\r\n\r\n&lt;p&gt;1.2&amp;nbsp;&amp;nbsp; 付款：&lt;/p&gt;\r\n\r\n&lt;p&gt;&amp;nbsp;&lt;/p&gt;\r\n\r\n&lt;p&gt;1.2.1&amp;nbsp;&amp;nbsp;&amp;nbsp;&amp;nbsp;&amp;nbsp;&amp;nbsp;&amp;nbsp; 所有家居服務費用必須要預先支付或現金。我司將于到府上服務時提供正規發票給客戶。付款方式如下：&lt;/p&gt;\r\n\r\n&lt;p&gt;&amp;nbsp;&lt;/p&gt;\r\n\r\n&lt;p&gt;銀行轉賬:&lt;/p&gt;\r\n\r\n&lt;p&gt;&amp;nbsp;&amp;nbsp;&amp;nbsp; 開戶行(017)：兆豐國際商業銀行大同分行&lt;/p&gt;\r\n\r\n&lt;p&gt;&amp;nbsp;&amp;nbsp;&amp;nbsp; 賬戶名稱：香港商史偉莎企業有限公司台灣分公司&lt;/p&gt;\r\n\r\n&lt;p&gt;&amp;nbsp;&amp;nbsp;&amp;nbsp; 賬號：043-09-06830-9&lt;/p&gt;\r\n\r\n&lt;p&gt;&amp;nbsp;&lt;/p&gt;\r\n\r\n&lt;p&gt;2.&amp;nbsp;&amp;nbsp;&amp;nbsp;&amp;nbsp; 其他協議條件&lt;/p&gt;\r\n\r\n&lt;p&gt;&amp;nbsp;&lt;/p&gt;\r\n\r\n&lt;p&gt;2.1&amp;nbsp;&amp;nbsp; 我司病媒防治管理服務部負責於本協議內所述之有關地址的室內/室外/範圍內及合約期間內，為所述之昆蟲種類進行防治/檢查服務。我司作業人員奉行服務第一，顧客至上的原則，以認真負責的態度，確保病媒防治服務達到安全、優質、有效的品質標準。所有施工/治理均根據台灣環境用藥許可字號及合格專業施作人員的標準進行。&lt;/p&gt;\r\n\r\n&lt;p&gt;&amp;nbsp;&lt;/p&gt;\r\n\r\n&lt;p&gt;2.2&amp;nbsp;&amp;nbsp; 如需要另行租用安全設備（如高空工作升降台或鋁合金工作平台）進行服務的，其租用該設備及/或額外勞工保險的費用將由客戶支付。否則，我司有權對此不進行病媒防治管理服務。&lt;/p&gt;\r\n\r\n&lt;p&gt;&amp;nbsp;&lt;/p&gt;\r\n\r\n&lt;p&gt;2.3&amp;nbsp;&amp;nbsp; 本協定的服務範圍不包括視覺上不能查驗、隱蔽或無法到達的地方。&lt;/p&gt;\r\n\r\n&lt;p&gt;&amp;nbsp;&lt;/p&gt;\r\n\r\n&lt;p&gt;2.4&amp;nbsp;&amp;nbsp; 本協定只提供之服務只應用於協議所載樓宇、地方或物件。若服務地點有不乎協議所載之面積或蟲害；我司有權利決定是否提供服務。&lt;/p&gt;\r\n\r\n&lt;p&gt;&amp;nbsp;&lt;/p&gt;\r\n\r\n&lt;p&gt;2.5&amp;nbsp;&amp;nbsp; 在合約期間，如客戶提前終止合約，在取得我司的同意下，客戶仍須繳付1000元新台幣作為行政費用。&lt;/p&gt;\r\n\r\n&lt;p&gt;&amp;nbsp;&lt;/p&gt;\r\n\r\n&lt;p&gt;2.6&amp;nbsp;&amp;nbsp; 機具噴焗施工方法後。建議保持現場環境的封閉，換氣系統關閉。施藥後1小時後可開窗通風。如因客戶自身原因未達到此要求的，我司不承擔任何責任。&lt;/p&gt;\r\n\r\n&lt;p&gt;&amp;nbsp;&lt;/p&gt;\r\n\r\n&lt;p&gt;2.7&amp;nbsp;&amp;nbsp; 本協定之報價是根據客戶所提供樓面面積資料計算。因此, 當實際治理面積與客戶所述面積有差別時,我司保留調整報價的權利。&lt;/p&gt;\r\n\r\n&lt;p&gt;&amp;nbsp;&lt;/p&gt;\r\n\r\n&lt;p&gt;2.8&amp;nbsp;&amp;nbsp; 我司會以極細心及專業的態度進行病媒防治管理服務。為了更好的防止任何意外發生; 在治理服務時, 客戶必須確保所有貴重及易碎物品都已妥善保管及擺放好。如確因我司人員過錯造成關於上述物件損毀的索價，其上限為五仟元新台幣或合約約定月服務費的兩倍（以較低金額作準）。&lt;/p&gt;\r\n\r\n&lt;p&gt;&amp;nbsp;&lt;/p&gt;\r\n\r\n&lt;p&gt;2.9&amp;nbsp;&amp;nbsp; 在服務進行期間，我們建議客戶將貴重物品存放在安全的地方。如有需要，請客戶自行觀察我司員工進行工作。&lt;/p&gt;\r\n\r\n&lt;p&gt;&amp;nbsp;&lt;/p&gt;\r\n\r\n&lt;p&gt;2.10 除蟲劑對人類（過敏性體質人群除外）及大部分寵物是非常安全，但對水生動物及部分爬蟲類是有高度的毒性。如有任何魚缸，水族缸或魚池含有該等動物，請暫時撤離或治理前用濕毛巾及膠布覆蓋所有開口及其過濾系統；否則由此造成的後果我司不予承擔。&lt;/p&gt;\r\n\r\n&lt;p&gt;&amp;nbsp;&lt;/p&gt;\r\n\r\n&lt;p&gt;2.11 一切由蟲害或白蟻或鼠類所引致客戶的任何損害或損失,我司一概無須負責。&lt;/p&gt;\r\n', '&lt;p&gt;1.&amp;nbsp;&amp;nbsp;&amp;nbsp;&amp;nbsp; 付款條款與合約章則&lt;/p&gt;\r\n\r\n&lt;p&gt;&amp;nbsp;&lt;/p&gt;\r\n\r\n&lt;p&gt;1.1&amp;nbsp;&amp;nbsp; 服務協定：於協定簽署後，本協定於所載期間內均具有約束力。&lt;/p&gt;\r\n\r\n&lt;p&gt;&amp;nbsp;&lt;/p&gt;\r\n\r\n&lt;p&gt;1.2&amp;nbsp;&amp;nbsp; 付款：&lt;/p&gt;\r\n\r\n&lt;p&gt;&amp;nbsp;&lt;/p&gt;\r\n\r\n&lt;p&gt;1.2.1&amp;nbsp;&amp;nbsp;&amp;nbsp;&amp;nbsp;&amp;nbsp;&amp;nbsp;&amp;nbsp; 所有家居服務費用必須要預先支付或現金。我司將于到府上服務時提供正規發票給客戶。付款方式如下：&lt;/p&gt;\r\n\r\n&lt;p&gt;&amp;nbsp;&lt;/p&gt;\r\n\r\n&lt;p&gt;銀行轉賬:&lt;/p&gt;\r\n\r\n&lt;p&gt;&amp;nbsp;&amp;nbsp;&amp;nbsp; 開戶行(017)：兆豐國際商業銀行大同分行&lt;/p&gt;\r\n\r\n&lt;p&gt;&amp;nbsp;&amp;nbsp;&amp;nbsp; 賬戶名稱：香港商史偉莎企業有限公司台灣分公司&lt;/p&gt;\r\n\r\n&lt;p&gt;&amp;nbsp;&amp;nbsp;&amp;nbsp; 賬號：043-09-06830-9&lt;/p&gt;\r\n\r\n&lt;p&gt;&amp;nbsp;&lt;/p&gt;\r\n\r\n&lt;p&gt;2.&amp;nbsp;&amp;nbsp;&amp;nbsp;&amp;nbsp; 其他協議條件&lt;/p&gt;\r\n\r\n&lt;p&gt;&amp;nbsp;&lt;/p&gt;\r\n\r\n&lt;p&gt;2.1&amp;nbsp;&amp;nbsp; 我司病媒防治管理服務部負責於本協議內所述之有關地址的室內/室外/範圍內及合約期間內，為所述之昆蟲種類進行防治/檢查服務。我司作業人員奉行服務第一，顧客至上的原則，以認真負責的態度，確保病媒防治服務達到安全、優質、有效的品質標準。所有施工/治理均根據台灣環境用藥許可字號及合格專業施作人員的標準進行。&lt;/p&gt;\r\n\r\n&lt;p&gt;&amp;nbsp;&lt;/p&gt;\r\n\r\n&lt;p&gt;2.2&amp;nbsp;&amp;nbsp; 如需要另行租用安全設備（如高空工作升降台或鋁合金工作平台）進行服務的，其租用該設備及/或額外勞工保險的費用將由客戶支付。否則，我司有權對此不進行病媒防治管理服務。&lt;/p&gt;\r\n\r\n&lt;p&gt;&amp;nbsp;&lt;/p&gt;\r\n\r\n&lt;p&gt;2.3&amp;nbsp;&amp;nbsp; 本協定的服務範圍不包括視覺上不能查驗、隱蔽或無法到達的地方。&lt;/p&gt;\r\n\r\n&lt;p&gt;&amp;nbsp;&lt;/p&gt;\r\n\r\n&lt;p&gt;2.4&amp;nbsp;&amp;nbsp; 本協定只提供之服務只應用於協議所載樓宇、地方或物件。若服務地點有不乎協議所載之面積或蟲害；我司有權利決定是否提供服務。&lt;/p&gt;\r\n\r\n&lt;p&gt;&amp;nbsp;&lt;/p&gt;\r\n\r\n&lt;p&gt;2.5&amp;nbsp;&amp;nbsp; 在合約期間，如客戶提前終止合約，在取得我司的同意下，客戶仍須繳付1000元新台幣作為行政費用。&lt;/p&gt;\r\n\r\n&lt;p&gt;&amp;nbsp;&lt;/p&gt;\r\n\r\n&lt;p&gt;2.6&amp;nbsp;&amp;nbsp; 機具噴焗施工方法後。建議保持現場環境的封閉，換氣系統關閉。施藥後1小時後可開窗通風。如因客戶自身原因未達到此要求的，我司不承擔任何責任。&lt;/p&gt;\r\n\r\n&lt;p&gt;&amp;nbsp;&lt;/p&gt;\r\n\r\n&lt;p&gt;2.7&amp;nbsp;&amp;nbsp; 本協定之報價是根據客戶所提供樓面面積資料計算。因此, 當實際治理面積與客戶所述面積有差別時,我司保留調整報價的權利。&lt;/p&gt;\r\n\r\n&lt;p&gt;&amp;nbsp;&lt;/p&gt;\r\n\r\n&lt;p&gt;2.8&amp;nbsp;&amp;nbsp; 我司會以極細心及專業的態度進行病媒防治管理服務。為了更好的防止任何意外發生; 在治理服務時, 客戶必須確保所有貴重及易碎物品都已妥善保管及擺放好。如確因我司人員過錯造成關於上述物件損毀的索價，其上限為五仟元新台幣或合約約定月服務費的兩倍（以較低金額作準）。&lt;/p&gt;\r\n\r\n&lt;p&gt;&amp;nbsp;&lt;/p&gt;\r\n\r\n&lt;p&gt;2.9&amp;nbsp;&amp;nbsp; 在服務進行期間，我們建議客戶將貴重物品存放在安全的地方。如有需要，請客戶自行觀察我司員工進行工作。&lt;/p&gt;\r\n\r\n&lt;p&gt;&amp;nbsp;&lt;/p&gt;\r\n\r\n&lt;p&gt;2.10 除蟲劑對人類（過敏性體質人群除外）及大部分寵物是非常安全，但對水生動物及部分爬蟲類是有高度的毒性。如有任何魚缸，水族缸或魚池含有該等動物，請暫時撤離或治理前用濕毛巾及膠布覆蓋所有開口及其過濾系統；否則由此造成的後果我司不予承擔。&lt;/p&gt;\r\n\r\n&lt;p&gt;&amp;nbsp;&lt;/p&gt;\r\n\r\n&lt;p&gt;2.11 一切由蟲害或白蟻或鼠類所引致客戶的任何損害或損失,我司一概無須負責。&lt;/p&gt;\r\n', '&lt;p&gt;1.&amp;nbsp;&amp;nbsp;&amp;nbsp;&amp;nbsp; 付款條款與合約章則&lt;/p&gt;\r\n\r\n&lt;p&gt;&amp;nbsp;&lt;/p&gt;\r\n\r\n&lt;p&gt;1.1&amp;nbsp;&amp;nbsp; 服務協定：於協定簽署後，本協定於所載期間內均具有約束力。&lt;/p&gt;\r\n\r\n&lt;p&gt;&amp;nbsp;&lt;/p&gt;\r\n\r\n&lt;p&gt;1.2&amp;nbsp;&amp;nbsp; 付款：&lt;/p&gt;\r\n\r\n&lt;p&gt;&amp;nbsp;&lt;/p&gt;\r\n\r\n&lt;p&gt;1.2.1&amp;nbsp;&amp;nbsp;&amp;nbsp;&amp;nbsp;&amp;nbsp;&amp;nbsp;&amp;nbsp; 所有家居服務費用必須要預先支付或現金。我司將于到府上服務時提供正規發票給客戶。付款方式如下：&lt;/p&gt;\r\n\r\n&lt;p&gt;&amp;nbsp;&lt;/p&gt;\r\n\r\n&lt;p&gt;銀行轉賬:&lt;/p&gt;\r\n\r\n&lt;p&gt;&amp;nbsp;&amp;nbsp;&amp;nbsp; 開戶行(017)：兆豐國際商業銀行大同分行&lt;/p&gt;\r\n\r\n&lt;p&gt;&amp;nbsp;&amp;nbsp;&amp;nbsp; 賬戶名稱：香港商史偉莎企業有限公司台灣分公司&lt;/p&gt;\r\n\r\n&lt;p&gt;&amp;nbsp;&amp;nbsp;&amp;nbsp; 賬號：043-09-06830-9&lt;/p&gt;\r\n\r\n&lt;p&gt;&amp;nbsp;&lt;/p&gt;\r\n\r\n&lt;p&gt;2.&amp;nbsp;&amp;nbsp;&amp;nbsp;&amp;nbsp; 其他協議條件&lt;/p&gt;\r\n\r\n&lt;p&gt;&amp;nbsp;&lt;/p&gt;\r\n\r\n&lt;p&gt;2.1&amp;nbsp;&amp;nbsp; 我司病媒防治管理服務部負責於本協議內所述之有關地址的室內/室外/範圍內及合約期間內，為所述之昆蟲種類進行防治/檢查服務。我司作業人員奉行服務第一，顧客至上的原則，以認真負責的態度，確保病媒防治服務達到安全、優質、有效的品質標準。所有施工/治理均根據台灣環境用藥許可字號及合格專業施作人員的標準進行。&lt;/p&gt;\r\n\r\n&lt;p&gt;&amp;nbsp;&lt;/p&gt;\r\n\r\n&lt;p&gt;2.2&amp;nbsp;&amp;nbsp; 如需要另行租用安全設備（如高空工作升降台或鋁合金工作平台）進行服務的，其租用該設備及/或額外勞工保險的費用將由客戶支付。否則，我司有權對此不進行病媒防治管理服務。&lt;/p&gt;\r\n\r\n&lt;p&gt;&amp;nbsp;&lt;/p&gt;\r\n\r\n&lt;p&gt;2.3&amp;nbsp;&amp;nbsp; 本協定的服務範圍不包括視覺上不能查驗、隱蔽或無法到達的地方。&lt;/p&gt;\r\n\r\n&lt;p&gt;&amp;nbsp;&lt;/p&gt;\r\n\r\n&lt;p&gt;2.4&amp;nbsp;&amp;nbsp; 本協定只提供之服務只應用於協議所載樓宇、地方或物件。若服務地點有不乎協議所載之面積或蟲害；我司有權利決定是否提供服務。&lt;/p&gt;\r\n\r\n&lt;p&gt;&amp;nbsp;&lt;/p&gt;\r\n\r\n&lt;p&gt;2.5&amp;nbsp;&amp;nbsp; 在合約期間，如客戶提前終止合約，在取得我司的同意下，客戶仍須繳付1000元新台幣作為行政費用。&lt;/p&gt;\r\n\r\n&lt;p&gt;&amp;nbsp;&lt;/p&gt;\r\n\r\n&lt;p&gt;2.6&amp;nbsp;&amp;nbsp; 機具噴焗施工方法後。建議保持現場環境的封閉，換氣系統關閉。施藥後1小時後可開窗通風。如因客戶自身原因未達到此要求的，我司不承擔任何責任。&lt;/p&gt;\r\n\r\n&lt;p&gt;&amp;nbsp;&lt;/p&gt;\r\n\r\n&lt;p&gt;2.7&amp;nbsp;&amp;nbsp; 本協定之報價是根據客戶所提供樓面面積資料計算。因此, 當實際治理面積與客戶所述面積有差別時,我司保留調整報價的權利。&lt;/p&gt;\r\n\r\n&lt;p&gt;&amp;nbsp;&lt;/p&gt;\r\n\r\n&lt;p&gt;2.8&amp;nbsp;&amp;nbsp; 我司會以極細心及專業的態度進行病媒防治管理服務。為了更好的防止任何意外發生; 在治理服務時, 客戶必須確保所有貴重及易碎物品都已妥善保管及擺放好。如確因我司人員過錯造成關於上述物件損毀的索價，其上限為五仟元新台幣或合約約定月服務費的兩倍（以較低金額作準）。&lt;/p&gt;\r\n\r\n&lt;p&gt;&amp;nbsp;&lt;/p&gt;\r\n\r\n&lt;p&gt;2.9&amp;nbsp;&amp;nbsp; 在服務進行期間，我們建議客戶將貴重物品存放在安全的地方。如有需要，請客戶自行觀察我司員工進行工作。&lt;/p&gt;\r\n\r\n&lt;p&gt;&amp;nbsp;&lt;/p&gt;\r\n\r\n&lt;p&gt;2.10 除蟲劑對人類（過敏性體質人群除外）及大部分寵物是非常安全，但對水生動物及部分爬蟲類是有高度的毒性。如有任何魚缸，水族缸或魚池含有該等動物，請暫時撤離或治理前用濕毛巾及膠布覆蓋所有開口及其過濾系統；否則由此造成的後果我司不予承擔。&lt;/p&gt;\r\n\r\n&lt;p&gt;&amp;nbsp;&lt;/p&gt;\r\n\r\n&lt;p&gt;2.11 一切由蟲害或白蟻或鼠類所引致客戶的任何損害或損失,我司一概無須負責。&lt;/p&gt;\r\n'),
(44, 5, '桃园', '桃園', 'Taoyuan', 2, 0, NULL, 'NT$', 'ping', '香港商史偉莎企業有限公司台灣分公司', '香港商史偉莎企業有限公司台灣分公司', '香港商史偉莎企業有限公司台灣分公司', 'Public/Uploads/2018-03-02/1519966542.png', '&lt;p&gt;1.&amp;nbsp;&amp;nbsp;&amp;nbsp;&amp;nbsp; 付款條款與合約章則&lt;/p&gt;\r\n\r\n&lt;p&gt;&amp;nbsp;&lt;/p&gt;\r\n\r\n&lt;p&gt;1.1&amp;nbsp;&amp;nbsp; 服務協定：於協定簽署後，本協定於所載期間內均具有約束力。&lt;/p&gt;\r\n\r\n&lt;p&gt;&amp;nbsp;&lt;/p&gt;\r\n\r\n&lt;p&gt;1.2&amp;nbsp;&amp;nbsp; 付款：&lt;/p&gt;\r\n\r\n&lt;p&gt;&amp;nbsp;&lt;/p&gt;\r\n\r\n&lt;p&gt;1.2.1&amp;nbsp;&amp;nbsp;&amp;nbsp;&amp;nbsp;&amp;nbsp;&amp;nbsp;&amp;nbsp; 所有家居服務費用必須要預先支付或現金。我司將于到府上服務時提供正規發票給客戶。付款方式如下：&lt;/p&gt;\r\n\r\n&lt;p&gt;&amp;nbsp;&lt;/p&gt;\r\n\r\n&lt;p&gt;銀行轉賬:&lt;/p&gt;\r\n\r\n&lt;p&gt;&amp;nbsp;&amp;nbsp;&amp;nbsp; 開戶行(017)：兆豐國際商業銀行大同分行&lt;/p&gt;\r\n\r\n&lt;p&gt;&amp;nbsp;&amp;nbsp;&amp;nbsp; 賬戶名稱：香港商史偉莎企業有限公司台灣分公司&lt;/p&gt;\r\n\r\n&lt;p&gt;&amp;nbsp;&amp;nbsp;&amp;nbsp; 賬號：043-09-06830-9&lt;/p&gt;\r\n\r\n&lt;p&gt;&amp;nbsp;&lt;/p&gt;\r\n\r\n&lt;p&gt;2.&amp;nbsp;&amp;nbsp;&amp;nbsp;&amp;nbsp; 其他協議條件&lt;/p&gt;\r\n\r\n&lt;p&gt;&amp;nbsp;&lt;/p&gt;\r\n\r\n&lt;p&gt;2.1&amp;nbsp;&amp;nbsp; 我司病媒防治管理服務部負責於本協議內所述之有關地址的室內/室外/範圍內及合約期間內，為所述之昆蟲種類進行防治/檢查服務。我司作業人員奉行服務第一，顧客至上的原則，以認真負責的態度，確保病媒防治服務達到安全、優質、有效的品質標準。所有施工/治理均根據台灣環境用藥許可字號及合格專業施作人員的標準進行。&lt;/p&gt;\r\n\r\n&lt;p&gt;&amp;nbsp;&lt;/p&gt;\r\n\r\n&lt;p&gt;2.2&amp;nbsp;&amp;nbsp; 如需要另行租用安全設備（如高空工作升降台或鋁合金工作平台）進行服務的，其租用該設備及/或額外勞工保險的費用將由客戶支付。否則，我司有權對此不進行病媒防治管理服務。&lt;/p&gt;\r\n\r\n&lt;p&gt;&amp;nbsp;&lt;/p&gt;\r\n\r\n&lt;p&gt;2.3&amp;nbsp;&amp;nbsp; 本協定的服務範圍不包括視覺上不能查驗、隱蔽或無法到達的地方。&lt;/p&gt;\r\n\r\n&lt;p&gt;&amp;nbsp;&lt;/p&gt;\r\n\r\n&lt;p&gt;2.4&amp;nbsp;&amp;nbsp; 本協定只提供之服務只應用於協議所載樓宇、地方或物件。若服務地點有不乎協議所載之面積或蟲害；我司有權利決定是否提供服務。&lt;/p&gt;\r\n\r\n&lt;p&gt;&amp;nbsp;&lt;/p&gt;\r\n\r\n&lt;p&gt;2.5&amp;nbsp;&amp;nbsp; 在合約期間，如客戶提前終止合約，在取得我司的同意下，客戶仍須繳付1000元新台幣作為行政費用。&lt;/p&gt;\r\n\r\n&lt;p&gt;&amp;nbsp;&lt;/p&gt;\r\n\r\n&lt;p&gt;2.6&amp;nbsp;&amp;nbsp; 機具噴焗施工方法後。建議保持現場環境的封閉，換氣系統關閉。施藥後1小時後可開窗通風。如因客戶自身原因未達到此要求的，我司不承擔任何責任。&lt;/p&gt;\r\n\r\n&lt;p&gt;&amp;nbsp;&lt;/p&gt;\r\n\r\n&lt;p&gt;2.7&amp;nbsp;&amp;nbsp; 本協定之報價是根據客戶所提供樓面面積資料計算。因此, 當實際治理面積與客戶所述面積有差別時,我司保留調整報價的權利。&lt;/p&gt;\r\n\r\n&lt;p&gt;&amp;nbsp;&lt;/p&gt;\r\n\r\n&lt;p&gt;2.8&amp;nbsp;&amp;nbsp; 我司會以極細心及專業的態度進行病媒防治管理服務。為了更好的防止任何意外發生; 在治理服務時, 客戶必須確保所有貴重及易碎物品都已妥善保管及擺放好。如確因我司人員過錯造成關於上述物件損毀的索價，其上限為五仟元新台幣或合約約定月服務費的兩倍（以較低金額作準）。&lt;/p&gt;\r\n\r\n&lt;p&gt;&amp;nbsp;&lt;/p&gt;\r\n\r\n&lt;p&gt;2.9&amp;nbsp;&amp;nbsp; 在服務進行期間，我們建議客戶將貴重物品存放在安全的地方。如有需要，請客戶自行觀察我司員工進行工作。&lt;/p&gt;\r\n\r\n&lt;p&gt;&amp;nbsp;&lt;/p&gt;\r\n\r\n&lt;p&gt;2.10 除蟲劑對人類（過敏性體質人群除外）及大部分寵物是非常安全，但對水生動物及部分爬蟲類是有高度的毒性。如有任何魚缸，水族缸或魚池含有該等動物，請暫時撤離或治理前用濕毛巾及膠布覆蓋所有開口及其過濾系統；否則由此造成的後果我司不予承擔。&lt;/p&gt;\r\n\r\n&lt;p&gt;&amp;nbsp;&lt;/p&gt;\r\n\r\n&lt;p&gt;2.11 一切由蟲害或白蟻或鼠類所引致客戶的任何損害或損失,我司一概無須負責。&lt;/p&gt;\r\n', '&lt;p&gt;1.&amp;nbsp;&amp;nbsp;&amp;nbsp;&amp;nbsp; 付款條款與合約章則&lt;/p&gt;\r\n\r\n&lt;p&gt;&amp;nbsp;&lt;/p&gt;\r\n\r\n&lt;p&gt;1.1&amp;nbsp;&amp;nbsp; 服務協定：於協定簽署後，本協定於所載期間內均具有約束力。&lt;/p&gt;\r\n\r\n&lt;p&gt;&amp;nbsp;&lt;/p&gt;\r\n\r\n&lt;p&gt;1.2&amp;nbsp;&amp;nbsp; 付款：&lt;/p&gt;\r\n\r\n&lt;p&gt;&amp;nbsp;&lt;/p&gt;\r\n\r\n&lt;p&gt;1.2.1&amp;nbsp;&amp;nbsp;&amp;nbsp;&amp;nbsp;&amp;nbsp;&amp;nbsp;&amp;nbsp; 所有家居服務費用必須要預先支付或現金。我司將于到府上服務時提供正規發票給客戶。付款方式如下：&lt;/p&gt;\r\n\r\n&lt;p&gt;&amp;nbsp;&lt;/p&gt;\r\n\r\n&lt;p&gt;銀行轉賬:&lt;/p&gt;\r\n\r\n&lt;p&gt;&amp;nbsp;&amp;nbsp;&amp;nbsp; 開戶行(017)：兆豐國際商業銀行大同分行&lt;/p&gt;\r\n\r\n&lt;p&gt;&amp;nbsp;&amp;nbsp;&amp;nbsp; 賬戶名稱：香港商史偉莎企業有限公司台灣分公司&lt;/p&gt;\r\n\r\n&lt;p&gt;&amp;nbsp;&amp;nbsp;&amp;nbsp; 賬號：043-09-06830-9&lt;/p&gt;\r\n\r\n&lt;p&gt;&amp;nbsp;&lt;/p&gt;\r\n\r\n&lt;p&gt;2.&amp;nbsp;&amp;nbsp;&amp;nbsp;&amp;nbsp; 其他協議條件&lt;/p&gt;\r\n\r\n&lt;p&gt;&amp;nbsp;&lt;/p&gt;\r\n\r\n&lt;p&gt;2.1&amp;nbsp;&amp;nbsp; 我司病媒防治管理服務部負責於本協議內所述之有關地址的室內/室外/範圍內及合約期間內，為所述之昆蟲種類進行防治/檢查服務。我司作業人員奉行服務第一，顧客至上的原則，以認真負責的態度，確保病媒防治服務達到安全、優質、有效的品質標準。所有施工/治理均根據台灣環境用藥許可字號及合格專業施作人員的標準進行。&lt;/p&gt;\r\n\r\n&lt;p&gt;&amp;nbsp;&lt;/p&gt;\r\n\r\n&lt;p&gt;2.2&amp;nbsp;&amp;nbsp; 如需要另行租用安全設備（如高空工作升降台或鋁合金工作平台）進行服務的，其租用該設備及/或額外勞工保險的費用將由客戶支付。否則，我司有權對此不進行病媒防治管理服務。&lt;/p&gt;\r\n\r\n&lt;p&gt;&amp;nbsp;&lt;/p&gt;\r\n\r\n&lt;p&gt;2.3&amp;nbsp;&amp;nbsp; 本協定的服務範圍不包括視覺上不能查驗、隱蔽或無法到達的地方。&lt;/p&gt;\r\n\r\n&lt;p&gt;&amp;nbsp;&lt;/p&gt;\r\n\r\n&lt;p&gt;2.4&amp;nbsp;&amp;nbsp; 本協定只提供之服務只應用於協議所載樓宇、地方或物件。若服務地點有不乎協議所載之面積或蟲害；我司有權利決定是否提供服務。&lt;/p&gt;\r\n\r\n&lt;p&gt;&amp;nbsp;&lt;/p&gt;\r\n\r\n&lt;p&gt;2.5&amp;nbsp;&amp;nbsp; 在合約期間，如客戶提前終止合約，在取得我司的同意下，客戶仍須繳付1000元新台幣作為行政費用。&lt;/p&gt;\r\n\r\n&lt;p&gt;&amp;nbsp;&lt;/p&gt;\r\n\r\n&lt;p&gt;2.6&amp;nbsp;&amp;nbsp; 機具噴焗施工方法後。建議保持現場環境的封閉，換氣系統關閉。施藥後1小時後可開窗通風。如因客戶自身原因未達到此要求的，我司不承擔任何責任。&lt;/p&gt;\r\n\r\n&lt;p&gt;&amp;nbsp;&lt;/p&gt;\r\n\r\n&lt;p&gt;2.7&amp;nbsp;&amp;nbsp; 本協定之報價是根據客戶所提供樓面面積資料計算。因此, 當實際治理面積與客戶所述面積有差別時,我司保留調整報價的權利。&lt;/p&gt;\r\n\r\n&lt;p&gt;&amp;nbsp;&lt;/p&gt;\r\n\r\n&lt;p&gt;2.8&amp;nbsp;&amp;nbsp; 我司會以極細心及專業的態度進行病媒防治管理服務。為了更好的防止任何意外發生; 在治理服務時, 客戶必須確保所有貴重及易碎物品都已妥善保管及擺放好。如確因我司人員過錯造成關於上述物件損毀的索價，其上限為五仟元新台幣或合約約定月服務費的兩倍（以較低金額作準）。&lt;/p&gt;\r\n\r\n&lt;p&gt;&amp;nbsp;&lt;/p&gt;\r\n\r\n&lt;p&gt;2.9&amp;nbsp;&amp;nbsp; 在服務進行期間，我們建議客戶將貴重物品存放在安全的地方。如有需要，請客戶自行觀察我司員工進行工作。&lt;/p&gt;\r\n\r\n&lt;p&gt;&amp;nbsp;&lt;/p&gt;\r\n\r\n&lt;p&gt;2.10 除蟲劑對人類（過敏性體質人群除外）及大部分寵物是非常安全，但對水生動物及部分爬蟲類是有高度的毒性。如有任何魚缸，水族缸或魚池含有該等動物，請暫時撤離或治理前用濕毛巾及膠布覆蓋所有開口及其過濾系統；否則由此造成的後果我司不予承擔。&lt;/p&gt;\r\n\r\n&lt;p&gt;&amp;nbsp;&lt;/p&gt;\r\n\r\n&lt;p&gt;2.11 一切由蟲害或白蟻或鼠類所引致客戶的任何損害或損失,我司一概無須負責。&lt;/p&gt;\r\n', '&lt;p&gt;1.&amp;nbsp;&amp;nbsp;&amp;nbsp;&amp;nbsp; 付款條款與合約章則&lt;/p&gt;\r\n\r\n&lt;p&gt;&amp;nbsp;&lt;/p&gt;\r\n\r\n&lt;p&gt;1.1&amp;nbsp;&amp;nbsp; 服務協定：於協定簽署後，本協定於所載期間內均具有約束力。&lt;/p&gt;\r\n\r\n&lt;p&gt;&amp;nbsp;&lt;/p&gt;\r\n\r\n&lt;p&gt;1.2&amp;nbsp;&amp;nbsp; 付款：&lt;/p&gt;\r\n\r\n&lt;p&gt;&amp;nbsp;&lt;/p&gt;\r\n\r\n&lt;p&gt;1.2.1&amp;nbsp;&amp;nbsp;&amp;nbsp;&amp;nbsp;&amp;nbsp;&amp;nbsp;&amp;nbsp; 所有家居服務費用必須要預先支付或現金。我司將于到府上服務時提供正規發票給客戶。付款方式如下：&lt;/p&gt;\r\n\r\n&lt;p&gt;&amp;nbsp;&lt;/p&gt;\r\n\r\n&lt;p&gt;銀行轉賬:&lt;/p&gt;\r\n\r\n&lt;p&gt;&amp;nbsp;&amp;nbsp;&amp;nbsp; 開戶行(017)：兆豐國際商業銀行大同分行&lt;/p&gt;\r\n\r\n&lt;p&gt;&amp;nbsp;&amp;nbsp;&amp;nbsp; 賬戶名稱：香港商史偉莎企業有限公司台灣分公司&lt;/p&gt;\r\n\r\n&lt;p&gt;&amp;nbsp;&amp;nbsp;&amp;nbsp; 賬號：043-09-06830-9&lt;/p&gt;\r\n\r\n&lt;p&gt;&amp;nbsp;&lt;/p&gt;\r\n\r\n&lt;p&gt;2.&amp;nbsp;&amp;nbsp;&amp;nbsp;&amp;nbsp; 其他協議條件&lt;/p&gt;\r\n\r\n&lt;p&gt;&amp;nbsp;&lt;/p&gt;\r\n\r\n&lt;p&gt;2.1&amp;nbsp;&amp;nbsp; 我司病媒防治管理服務部負責於本協議內所述之有關地址的室內/室外/範圍內及合約期間內，為所述之昆蟲種類進行防治/檢查服務。我司作業人員奉行服務第一，顧客至上的原則，以認真負責的態度，確保病媒防治服務達到安全、優質、有效的品質標準。所有施工/治理均根據台灣環境用藥許可字號及合格專業施作人員的標準進行。&lt;/p&gt;\r\n\r\n&lt;p&gt;&amp;nbsp;&lt;/p&gt;\r\n\r\n&lt;p&gt;2.2&amp;nbsp;&amp;nbsp; 如需要另行租用安全設備（如高空工作升降台或鋁合金工作平台）進行服務的，其租用該設備及/或額外勞工保險的費用將由客戶支付。否則，我司有權對此不進行病媒防治管理服務。&lt;/p&gt;\r\n\r\n&lt;p&gt;&amp;nbsp;&lt;/p&gt;\r\n\r\n&lt;p&gt;2.3&amp;nbsp;&amp;nbsp; 本協定的服務範圍不包括視覺上不能查驗、隱蔽或無法到達的地方。&lt;/p&gt;\r\n\r\n&lt;p&gt;&amp;nbsp;&lt;/p&gt;\r\n\r\n&lt;p&gt;2.4&amp;nbsp;&amp;nbsp; 本協定只提供之服務只應用於協議所載樓宇、地方或物件。若服務地點有不乎協議所載之面積或蟲害；我司有權利決定是否提供服務。&lt;/p&gt;\r\n\r\n&lt;p&gt;&amp;nbsp;&lt;/p&gt;\r\n\r\n&lt;p&gt;2.5&amp;nbsp;&amp;nbsp; 在合約期間，如客戶提前終止合約，在取得我司的同意下，客戶仍須繳付1000元新台幣作為行政費用。&lt;/p&gt;\r\n\r\n&lt;p&gt;&amp;nbsp;&lt;/p&gt;\r\n\r\n&lt;p&gt;2.6&amp;nbsp;&amp;nbsp; 機具噴焗施工方法後。建議保持現場環境的封閉，換氣系統關閉。施藥後1小時後可開窗通風。如因客戶自身原因未達到此要求的，我司不承擔任何責任。&lt;/p&gt;\r\n\r\n&lt;p&gt;&amp;nbsp;&lt;/p&gt;\r\n\r\n&lt;p&gt;2.7&amp;nbsp;&amp;nbsp; 本協定之報價是根據客戶所提供樓面面積資料計算。因此, 當實際治理面積與客戶所述面積有差別時,我司保留調整報價的權利。&lt;/p&gt;\r\n\r\n&lt;p&gt;&amp;nbsp;&lt;/p&gt;\r\n\r\n&lt;p&gt;2.8&amp;nbsp;&amp;nbsp; 我司會以極細心及專業的態度進行病媒防治管理服務。為了更好的防止任何意外發生; 在治理服務時, 客戶必須確保所有貴重及易碎物品都已妥善保管及擺放好。如確因我司人員過錯造成關於上述物件損毀的索價，其上限為五仟元新台幣或合約約定月服務費的兩倍（以較低金額作準）。&lt;/p&gt;\r\n\r\n&lt;p&gt;&amp;nbsp;&lt;/p&gt;\r\n\r\n&lt;p&gt;2.9&amp;nbsp;&amp;nbsp; 在服務進行期間，我們建議客戶將貴重物品存放在安全的地方。如有需要，請客戶自行觀察我司員工進行工作。&lt;/p&gt;\r\n\r\n&lt;p&gt;&amp;nbsp;&lt;/p&gt;\r\n\r\n&lt;p&gt;2.10 除蟲劑對人類（過敏性體質人群除外）及大部分寵物是非常安全，但對水生動物及部分爬蟲類是有高度的毒性。如有任何魚缸，水族缸或魚池含有該等動物，請暫時撤離或治理前用濕毛巾及膠布覆蓋所有開口及其過濾系統；否則由此造成的後果我司不予承擔。&lt;/p&gt;\r\n\r\n&lt;p&gt;&amp;nbsp;&lt;/p&gt;\r\n\r\n&lt;p&gt;2.11 一切由蟲害或白蟻或鼠類所引致客戶的任何損害或損失,我司一概無須負責。&lt;/p&gt;\r\n');
INSERT INTO `quote_city` (`id`, `region_id`, `city_name`, `city_name_tw`, `city_name_us`, `z_index`, `other_open`, `other_price`, `currency_type`, `b_unit`, `company`, `company_tw`, `company_us`, `seal`, `terms`, `terms_tw`, `terms_us`) VALUES
(45, 5, '台中', '台中', 'Taichung', 3, 0, NULL, 'NT$', 'ping', '香港商史偉莎企業有限公司台灣分公司', '香港商史偉莎企業有限公司台灣分公司', '香港商史偉莎企業有限公司台灣分公司', 'Public/Uploads/2018-03-02/1519966547.png', '&lt;p&gt;1.&amp;nbsp;&amp;nbsp;&amp;nbsp;&amp;nbsp; 付款條款與合約章則&lt;/p&gt;\r\n\r\n&lt;p&gt;&amp;nbsp;&lt;/p&gt;\r\n\r\n&lt;p&gt;1.1&amp;nbsp;&amp;nbsp; 服務協定：於協定簽署後，本協定於所載期間內均具有約束力。&lt;/p&gt;\r\n\r\n&lt;p&gt;&amp;nbsp;&lt;/p&gt;\r\n\r\n&lt;p&gt;1.2&amp;nbsp;&amp;nbsp; 付款：&lt;/p&gt;\r\n\r\n&lt;p&gt;&amp;nbsp;&lt;/p&gt;\r\n\r\n&lt;p&gt;1.2.1&amp;nbsp;&amp;nbsp;&amp;nbsp;&amp;nbsp;&amp;nbsp;&amp;nbsp;&amp;nbsp; 所有家居服務費用必須要預先支付或現金。我司將于到府上服務時提供正規發票給客戶。付款方式如下：&lt;/p&gt;\r\n\r\n&lt;p&gt;&amp;nbsp;&lt;/p&gt;\r\n\r\n&lt;p&gt;銀行轉賬:&lt;/p&gt;\r\n\r\n&lt;p&gt;&amp;nbsp;&amp;nbsp;&amp;nbsp; 開戶行(017)：兆豐國際商業銀行大同分行&lt;/p&gt;\r\n\r\n&lt;p&gt;&amp;nbsp;&amp;nbsp;&amp;nbsp; 賬戶名稱：香港商史偉莎企業有限公司台灣分公司&lt;/p&gt;\r\n\r\n&lt;p&gt;&amp;nbsp;&amp;nbsp;&amp;nbsp; 賬號：043-09-06830-9&lt;/p&gt;\r\n\r\n&lt;p&gt;&amp;nbsp;&lt;/p&gt;\r\n\r\n&lt;p&gt;2.&amp;nbsp;&amp;nbsp;&amp;nbsp;&amp;nbsp; 其他協議條件&lt;/p&gt;\r\n\r\n&lt;p&gt;&amp;nbsp;&lt;/p&gt;\r\n\r\n&lt;p&gt;2.1&amp;nbsp;&amp;nbsp; 我司病媒防治管理服務部負責於本協議內所述之有關地址的室內/室外/範圍內及合約期間內，為所述之昆蟲種類進行防治/檢查服務。我司作業人員奉行服務第一，顧客至上的原則，以認真負責的態度，確保病媒防治服務達到安全、優質、有效的品質標準。所有施工/治理均根據台灣環境用藥許可字號及合格專業施作人員的標準進行。&lt;/p&gt;\r\n\r\n&lt;p&gt;&amp;nbsp;&lt;/p&gt;\r\n\r\n&lt;p&gt;2.2&amp;nbsp;&amp;nbsp; 如需要另行租用安全設備（如高空工作升降台或鋁合金工作平台）進行服務的，其租用該設備及/或額外勞工保險的費用將由客戶支付。否則，我司有權對此不進行病媒防治管理服務。&lt;/p&gt;\r\n\r\n&lt;p&gt;&amp;nbsp;&lt;/p&gt;\r\n\r\n&lt;p&gt;2.3&amp;nbsp;&amp;nbsp; 本協定的服務範圍不包括視覺上不能查驗、隱蔽或無法到達的地方。&lt;/p&gt;\r\n\r\n&lt;p&gt;&amp;nbsp;&lt;/p&gt;\r\n\r\n&lt;p&gt;2.4&amp;nbsp;&amp;nbsp; 本協定只提供之服務只應用於協議所載樓宇、地方或物件。若服務地點有不乎協議所載之面積或蟲害；我司有權利決定是否提供服務。&lt;/p&gt;\r\n\r\n&lt;p&gt;&amp;nbsp;&lt;/p&gt;\r\n\r\n&lt;p&gt;2.5&amp;nbsp;&amp;nbsp; 在合約期間，如客戶提前終止合約，在取得我司的同意下，客戶仍須繳付1000元新台幣作為行政費用。&lt;/p&gt;\r\n\r\n&lt;p&gt;&amp;nbsp;&lt;/p&gt;\r\n\r\n&lt;p&gt;2.6&amp;nbsp;&amp;nbsp; 機具噴焗施工方法後。建議保持現場環境的封閉，換氣系統關閉。施藥後1小時後可開窗通風。如因客戶自身原因未達到此要求的，我司不承擔任何責任。&lt;/p&gt;\r\n\r\n&lt;p&gt;&amp;nbsp;&lt;/p&gt;\r\n\r\n&lt;p&gt;2.7&amp;nbsp;&amp;nbsp; 本協定之報價是根據客戶所提供樓面面積資料計算。因此, 當實際治理面積與客戶所述面積有差別時,我司保留調整報價的權利。&lt;/p&gt;\r\n\r\n&lt;p&gt;&amp;nbsp;&lt;/p&gt;\r\n\r\n&lt;p&gt;2.8&amp;nbsp;&amp;nbsp; 我司會以極細心及專業的態度進行病媒防治管理服務。為了更好的防止任何意外發生; 在治理服務時, 客戶必須確保所有貴重及易碎物品都已妥善保管及擺放好。如確因我司人員過錯造成關於上述物件損毀的索價，其上限為五仟元新台幣或合約約定月服務費的兩倍（以較低金額作準）。&lt;/p&gt;\r\n\r\n&lt;p&gt;&amp;nbsp;&lt;/p&gt;\r\n\r\n&lt;p&gt;2.9&amp;nbsp;&amp;nbsp; 在服務進行期間，我們建議客戶將貴重物品存放在安全的地方。如有需要，請客戶自行觀察我司員工進行工作。&lt;/p&gt;\r\n\r\n&lt;p&gt;&amp;nbsp;&lt;/p&gt;\r\n\r\n&lt;p&gt;2.10 除蟲劑對人類（過敏性體質人群除外）及大部分寵物是非常安全，但對水生動物及部分爬蟲類是有高度的毒性。如有任何魚缸，水族缸或魚池含有該等動物，請暫時撤離或治理前用濕毛巾及膠布覆蓋所有開口及其過濾系統；否則由此造成的後果我司不予承擔。&lt;/p&gt;\r\n\r\n&lt;p&gt;&amp;nbsp;&lt;/p&gt;\r\n\r\n&lt;p&gt;2.11 一切由蟲害或白蟻或鼠類所引致客戶的任何損害或損失,我司一概無須負責。&lt;/p&gt;\r\n', '&lt;p&gt;1.&amp;nbsp;&amp;nbsp;&amp;nbsp;&amp;nbsp; 付款條款與合約章則&lt;/p&gt;\r\n\r\n&lt;p&gt;&amp;nbsp;&lt;/p&gt;\r\n\r\n&lt;p&gt;1.1&amp;nbsp;&amp;nbsp; 服務協定：於協定簽署後，本協定於所載期間內均具有約束力。&lt;/p&gt;\r\n\r\n&lt;p&gt;&amp;nbsp;&lt;/p&gt;\r\n\r\n&lt;p&gt;1.2&amp;nbsp;&amp;nbsp; 付款：&lt;/p&gt;\r\n\r\n&lt;p&gt;&amp;nbsp;&lt;/p&gt;\r\n\r\n&lt;p&gt;1.2.1&amp;nbsp;&amp;nbsp;&amp;nbsp;&amp;nbsp;&amp;nbsp;&amp;nbsp;&amp;nbsp; 所有家居服務費用必須要預先支付或現金。我司將于到府上服務時提供正規發票給客戶。付款方式如下：&lt;/p&gt;\r\n\r\n&lt;p&gt;&amp;nbsp;&lt;/p&gt;\r\n\r\n&lt;p&gt;銀行轉賬:&lt;/p&gt;\r\n\r\n&lt;p&gt;&amp;nbsp;&amp;nbsp;&amp;nbsp; 開戶行(017)：兆豐國際商業銀行大同分行&lt;/p&gt;\r\n\r\n&lt;p&gt;&amp;nbsp;&amp;nbsp;&amp;nbsp; 賬戶名稱：香港商史偉莎企業有限公司台灣分公司&lt;/p&gt;\r\n\r\n&lt;p&gt;&amp;nbsp;&amp;nbsp;&amp;nbsp; 賬號：043-09-06830-9&lt;/p&gt;\r\n\r\n&lt;p&gt;&amp;nbsp;&lt;/p&gt;\r\n\r\n&lt;p&gt;2.&amp;nbsp;&amp;nbsp;&amp;nbsp;&amp;nbsp; 其他協議條件&lt;/p&gt;\r\n\r\n&lt;p&gt;&amp;nbsp;&lt;/p&gt;\r\n\r\n&lt;p&gt;2.1&amp;nbsp;&amp;nbsp; 我司病媒防治管理服務部負責於本協議內所述之有關地址的室內/室外/範圍內及合約期間內，為所述之昆蟲種類進行防治/檢查服務。我司作業人員奉行服務第一，顧客至上的原則，以認真負責的態度，確保病媒防治服務達到安全、優質、有效的品質標準。所有施工/治理均根據台灣環境用藥許可字號及合格專業施作人員的標準進行。&lt;/p&gt;\r\n\r\n&lt;p&gt;&amp;nbsp;&lt;/p&gt;\r\n\r\n&lt;p&gt;2.2&amp;nbsp;&amp;nbsp; 如需要另行租用安全設備（如高空工作升降台或鋁合金工作平台）進行服務的，其租用該設備及/或額外勞工保險的費用將由客戶支付。否則，我司有權對此不進行病媒防治管理服務。&lt;/p&gt;\r\n\r\n&lt;p&gt;&amp;nbsp;&lt;/p&gt;\r\n\r\n&lt;p&gt;2.3&amp;nbsp;&amp;nbsp; 本協定的服務範圍不包括視覺上不能查驗、隱蔽或無法到達的地方。&lt;/p&gt;\r\n\r\n&lt;p&gt;&amp;nbsp;&lt;/p&gt;\r\n\r\n&lt;p&gt;2.4&amp;nbsp;&amp;nbsp; 本協定只提供之服務只應用於協議所載樓宇、地方或物件。若服務地點有不乎協議所載之面積或蟲害；我司有權利決定是否提供服務。&lt;/p&gt;\r\n\r\n&lt;p&gt;&amp;nbsp;&lt;/p&gt;\r\n\r\n&lt;p&gt;2.5&amp;nbsp;&amp;nbsp; 在合約期間，如客戶提前終止合約，在取得我司的同意下，客戶仍須繳付1000元新台幣作為行政費用。&lt;/p&gt;\r\n\r\n&lt;p&gt;&amp;nbsp;&lt;/p&gt;\r\n\r\n&lt;p&gt;2.6&amp;nbsp;&amp;nbsp; 機具噴焗施工方法後。建議保持現場環境的封閉，換氣系統關閉。施藥後1小時後可開窗通風。如因客戶自身原因未達到此要求的，我司不承擔任何責任。&lt;/p&gt;\r\n\r\n&lt;p&gt;&amp;nbsp;&lt;/p&gt;\r\n\r\n&lt;p&gt;2.7&amp;nbsp;&amp;nbsp; 本協定之報價是根據客戶所提供樓面面積資料計算。因此, 當實際治理面積與客戶所述面積有差別時,我司保留調整報價的權利。&lt;/p&gt;\r\n\r\n&lt;p&gt;&amp;nbsp;&lt;/p&gt;\r\n\r\n&lt;p&gt;2.8&amp;nbsp;&amp;nbsp; 我司會以極細心及專業的態度進行病媒防治管理服務。為了更好的防止任何意外發生; 在治理服務時, 客戶必須確保所有貴重及易碎物品都已妥善保管及擺放好。如確因我司人員過錯造成關於上述物件損毀的索價，其上限為五仟元新台幣或合約約定月服務費的兩倍（以較低金額作準）。&lt;/p&gt;\r\n\r\n&lt;p&gt;&amp;nbsp;&lt;/p&gt;\r\n\r\n&lt;p&gt;2.9&amp;nbsp;&amp;nbsp; 在服務進行期間，我們建議客戶將貴重物品存放在安全的地方。如有需要，請客戶自行觀察我司員工進行工作。&lt;/p&gt;\r\n\r\n&lt;p&gt;&amp;nbsp;&lt;/p&gt;\r\n\r\n&lt;p&gt;2.10 除蟲劑對人類（過敏性體質人群除外）及大部分寵物是非常安全，但對水生動物及部分爬蟲類是有高度的毒性。如有任何魚缸，水族缸或魚池含有該等動物，請暫時撤離或治理前用濕毛巾及膠布覆蓋所有開口及其過濾系統；否則由此造成的後果我司不予承擔。&lt;/p&gt;\r\n\r\n&lt;p&gt;&amp;nbsp;&lt;/p&gt;\r\n\r\n&lt;p&gt;2.11 一切由蟲害或白蟻或鼠類所引致客戶的任何損害或損失,我司一概無須負責。&lt;/p&gt;\r\n', '&lt;p&gt;1.&amp;nbsp;&amp;nbsp;&amp;nbsp;&amp;nbsp; 付款條款與合約章則&lt;/p&gt;\r\n\r\n&lt;p&gt;&amp;nbsp;&lt;/p&gt;\r\n\r\n&lt;p&gt;1.1&amp;nbsp;&amp;nbsp; 服務協定：於協定簽署後，本協定於所載期間內均具有約束力。&lt;/p&gt;\r\n\r\n&lt;p&gt;&amp;nbsp;&lt;/p&gt;\r\n\r\n&lt;p&gt;1.2&amp;nbsp;&amp;nbsp; 付款：&lt;/p&gt;\r\n\r\n&lt;p&gt;&amp;nbsp;&lt;/p&gt;\r\n\r\n&lt;p&gt;1.2.1&amp;nbsp;&amp;nbsp;&amp;nbsp;&amp;nbsp;&amp;nbsp;&amp;nbsp;&amp;nbsp; 所有家居服務費用必須要預先支付或現金。我司將于到府上服務時提供正規發票給客戶。付款方式如下：&lt;/p&gt;\r\n\r\n&lt;p&gt;&amp;nbsp;&lt;/p&gt;\r\n\r\n&lt;p&gt;銀行轉賬:&lt;/p&gt;\r\n\r\n&lt;p&gt;&amp;nbsp;&amp;nbsp;&amp;nbsp; 開戶行(017)：兆豐國際商業銀行大同分行&lt;/p&gt;\r\n\r\n&lt;p&gt;&amp;nbsp;&amp;nbsp;&amp;nbsp; 賬戶名稱：香港商史偉莎企業有限公司台灣分公司&lt;/p&gt;\r\n\r\n&lt;p&gt;&amp;nbsp;&amp;nbsp;&amp;nbsp; 賬號：043-09-06830-9&lt;/p&gt;\r\n\r\n&lt;p&gt;&amp;nbsp;&lt;/p&gt;\r\n\r\n&lt;p&gt;2.&amp;nbsp;&amp;nbsp;&amp;nbsp;&amp;nbsp; 其他協議條件&lt;/p&gt;\r\n\r\n&lt;p&gt;&amp;nbsp;&lt;/p&gt;\r\n\r\n&lt;p&gt;2.1&amp;nbsp;&amp;nbsp; 我司病媒防治管理服務部負責於本協議內所述之有關地址的室內/室外/範圍內及合約期間內，為所述之昆蟲種類進行防治/檢查服務。我司作業人員奉行服務第一，顧客至上的原則，以認真負責的態度，確保病媒防治服務達到安全、優質、有效的品質標準。所有施工/治理均根據台灣環境用藥許可字號及合格專業施作人員的標準進行。&lt;/p&gt;\r\n\r\n&lt;p&gt;&amp;nbsp;&lt;/p&gt;\r\n\r\n&lt;p&gt;2.2&amp;nbsp;&amp;nbsp; 如需要另行租用安全設備（如高空工作升降台或鋁合金工作平台）進行服務的，其租用該設備及/或額外勞工保險的費用將由客戶支付。否則，我司有權對此不進行病媒防治管理服務。&lt;/p&gt;\r\n\r\n&lt;p&gt;&amp;nbsp;&lt;/p&gt;\r\n\r\n&lt;p&gt;2.3&amp;nbsp;&amp;nbsp; 本協定的服務範圍不包括視覺上不能查驗、隱蔽或無法到達的地方。&lt;/p&gt;\r\n\r\n&lt;p&gt;&amp;nbsp;&lt;/p&gt;\r\n\r\n&lt;p&gt;2.4&amp;nbsp;&amp;nbsp; 本協定只提供之服務只應用於協議所載樓宇、地方或物件。若服務地點有不乎協議所載之面積或蟲害；我司有權利決定是否提供服務。&lt;/p&gt;\r\n\r\n&lt;p&gt;&amp;nbsp;&lt;/p&gt;\r\n\r\n&lt;p&gt;2.5&amp;nbsp;&amp;nbsp; 在合約期間，如客戶提前終止合約，在取得我司的同意下，客戶仍須繳付1000元新台幣作為行政費用。&lt;/p&gt;\r\n\r\n&lt;p&gt;&amp;nbsp;&lt;/p&gt;\r\n\r\n&lt;p&gt;2.6&amp;nbsp;&amp;nbsp; 機具噴焗施工方法後。建議保持現場環境的封閉，換氣系統關閉。施藥後1小時後可開窗通風。如因客戶自身原因未達到此要求的，我司不承擔任何責任。&lt;/p&gt;\r\n\r\n&lt;p&gt;&amp;nbsp;&lt;/p&gt;\r\n\r\n&lt;p&gt;2.7&amp;nbsp;&amp;nbsp; 本協定之報價是根據客戶所提供樓面面積資料計算。因此, 當實際治理面積與客戶所述面積有差別時,我司保留調整報價的權利。&lt;/p&gt;\r\n\r\n&lt;p&gt;&amp;nbsp;&lt;/p&gt;\r\n\r\n&lt;p&gt;2.8&amp;nbsp;&amp;nbsp; 我司會以極細心及專業的態度進行病媒防治管理服務。為了更好的防止任何意外發生; 在治理服務時, 客戶必須確保所有貴重及易碎物品都已妥善保管及擺放好。如確因我司人員過錯造成關於上述物件損毀的索價，其上限為五仟元新台幣或合約約定月服務費的兩倍（以較低金額作準）。&lt;/p&gt;\r\n\r\n&lt;p&gt;&amp;nbsp;&lt;/p&gt;\r\n\r\n&lt;p&gt;2.9&amp;nbsp;&amp;nbsp; 在服務進行期間，我們建議客戶將貴重物品存放在安全的地方。如有需要，請客戶自行觀察我司員工進行工作。&lt;/p&gt;\r\n\r\n&lt;p&gt;&amp;nbsp;&lt;/p&gt;\r\n\r\n&lt;p&gt;2.10 除蟲劑對人類（過敏性體質人群除外）及大部分寵物是非常安全，但對水生動物及部分爬蟲類是有高度的毒性。如有任何魚缸，水族缸或魚池含有該等動物，請暫時撤離或治理前用濕毛巾及膠布覆蓋所有開口及其過濾系統；否則由此造成的後果我司不予承擔。&lt;/p&gt;\r\n\r\n&lt;p&gt;&amp;nbsp;&lt;/p&gt;\r\n\r\n&lt;p&gt;2.11 一切由蟲害或白蟻或鼠類所引致客戶的任何損害或損失,我司一概無須負責。&lt;/p&gt;\r\n'),
(46, 5, '台南', '台南', 'Tainan', 4, 0, NULL, 'NT$', 'ping', '香港商史偉莎企業有限公司台灣分公司', '香港商史偉莎企業有限公司台灣分公司', '香港商史偉莎企業有限公司台灣分公司', 'Public/Uploads/2018-03-02/1519966553.png', '&lt;p&gt;1.&amp;nbsp;&amp;nbsp;&amp;nbsp;&amp;nbsp; 付款條款與合約章則&lt;/p&gt;\r\n\r\n&lt;p&gt;&amp;nbsp;&lt;/p&gt;\r\n\r\n&lt;p&gt;1.1&amp;nbsp;&amp;nbsp; 服務協定：於協定簽署後，本協定於所載期間內均具有約束力。&lt;/p&gt;\r\n\r\n&lt;p&gt;&amp;nbsp;&lt;/p&gt;\r\n\r\n&lt;p&gt;1.2&amp;nbsp;&amp;nbsp; 付款：&lt;/p&gt;\r\n\r\n&lt;p&gt;&amp;nbsp;&lt;/p&gt;\r\n\r\n&lt;p&gt;1.2.1&amp;nbsp;&amp;nbsp;&amp;nbsp;&amp;nbsp;&amp;nbsp;&amp;nbsp;&amp;nbsp; 所有家居服務費用必須要預先支付或現金。我司將于到府上服務時提供正規發票給客戶。付款方式如下：&lt;/p&gt;\r\n\r\n&lt;p&gt;&amp;nbsp;&lt;/p&gt;\r\n\r\n&lt;p&gt;銀行轉賬:&lt;/p&gt;\r\n\r\n&lt;p&gt;&amp;nbsp;&amp;nbsp;&amp;nbsp; 開戶行(017)：兆豐國際商業銀行大同分行&lt;/p&gt;\r\n\r\n&lt;p&gt;&amp;nbsp;&amp;nbsp;&amp;nbsp; 賬戶名稱：香港商史偉莎企業有限公司台灣分公司&lt;/p&gt;\r\n\r\n&lt;p&gt;&amp;nbsp;&amp;nbsp;&amp;nbsp; 賬號：043-09-06830-9&lt;/p&gt;\r\n\r\n&lt;p&gt;&amp;nbsp;&lt;/p&gt;\r\n\r\n&lt;p&gt;2.&amp;nbsp;&amp;nbsp;&amp;nbsp;&amp;nbsp; 其他協議條件&lt;/p&gt;\r\n\r\n&lt;p&gt;&amp;nbsp;&lt;/p&gt;\r\n\r\n&lt;p&gt;2.1&amp;nbsp;&amp;nbsp; 我司病媒防治管理服務部負責於本協議內所述之有關地址的室內/室外/範圍內及合約期間內，為所述之昆蟲種類進行防治/檢查服務。我司作業人員奉行服務第一，顧客至上的原則，以認真負責的態度，確保病媒防治服務達到安全、優質、有效的品質標準。所有施工/治理均根據台灣環境用藥許可字號及合格專業施作人員的標準進行。&lt;/p&gt;\r\n\r\n&lt;p&gt;&amp;nbsp;&lt;/p&gt;\r\n\r\n&lt;p&gt;2.2&amp;nbsp;&amp;nbsp; 如需要另行租用安全設備（如高空工作升降台或鋁合金工作平台）進行服務的，其租用該設備及/或額外勞工保險的費用將由客戶支付。否則，我司有權對此不進行病媒防治管理服務。&lt;/p&gt;\r\n\r\n&lt;p&gt;&amp;nbsp;&lt;/p&gt;\r\n\r\n&lt;p&gt;2.3&amp;nbsp;&amp;nbsp; 本協定的服務範圍不包括視覺上不能查驗、隱蔽或無法到達的地方。&lt;/p&gt;\r\n\r\n&lt;p&gt;&amp;nbsp;&lt;/p&gt;\r\n\r\n&lt;p&gt;2.4&amp;nbsp;&amp;nbsp; 本協定只提供之服務只應用於協議所載樓宇、地方或物件。若服務地點有不乎協議所載之面積或蟲害；我司有權利決定是否提供服務。&lt;/p&gt;\r\n\r\n&lt;p&gt;&amp;nbsp;&lt;/p&gt;\r\n\r\n&lt;p&gt;2.5&amp;nbsp;&amp;nbsp; 在合約期間，如客戶提前終止合約，在取得我司的同意下，客戶仍須繳付1000元新台幣作為行政費用。&lt;/p&gt;\r\n\r\n&lt;p&gt;&amp;nbsp;&lt;/p&gt;\r\n\r\n&lt;p&gt;2.6&amp;nbsp;&amp;nbsp; 機具噴焗施工方法後。建議保持現場環境的封閉，換氣系統關閉。施藥後1小時後可開窗通風。如因客戶自身原因未達到此要求的，我司不承擔任何責任。&lt;/p&gt;\r\n\r\n&lt;p&gt;&amp;nbsp;&lt;/p&gt;\r\n\r\n&lt;p&gt;2.7&amp;nbsp;&amp;nbsp; 本協定之報價是根據客戶所提供樓面面積資料計算。因此, 當實際治理面積與客戶所述面積有差別時,我司保留調整報價的權利。&lt;/p&gt;\r\n\r\n&lt;p&gt;&amp;nbsp;&lt;/p&gt;\r\n\r\n&lt;p&gt;2.8&amp;nbsp;&amp;nbsp; 我司會以極細心及專業的態度進行病媒防治管理服務。為了更好的防止任何意外發生; 在治理服務時, 客戶必須確保所有貴重及易碎物品都已妥善保管及擺放好。如確因我司人員過錯造成關於上述物件損毀的索價，其上限為五仟元新台幣或合約約定月服務費的兩倍（以較低金額作準）。&lt;/p&gt;\r\n\r\n&lt;p&gt;&amp;nbsp;&lt;/p&gt;\r\n\r\n&lt;p&gt;2.9&amp;nbsp;&amp;nbsp; 在服務進行期間，我們建議客戶將貴重物品存放在安全的地方。如有需要，請客戶自行觀察我司員工進行工作。&lt;/p&gt;\r\n\r\n&lt;p&gt;&amp;nbsp;&lt;/p&gt;\r\n\r\n&lt;p&gt;2.10 除蟲劑對人類（過敏性體質人群除外）及大部分寵物是非常安全，但對水生動物及部分爬蟲類是有高度的毒性。如有任何魚缸，水族缸或魚池含有該等動物，請暫時撤離或治理前用濕毛巾及膠布覆蓋所有開口及其過濾系統；否則由此造成的後果我司不予承擔。&lt;/p&gt;\r\n\r\n&lt;p&gt;&amp;nbsp;&lt;/p&gt;\r\n\r\n&lt;p&gt;2.11 一切由蟲害或白蟻或鼠類所引致客戶的任何損害或損失,我司一概無須負責。&lt;/p&gt;\r\n', '&lt;p&gt;1.&amp;nbsp;&amp;nbsp;&amp;nbsp;&amp;nbsp; 付款條款與合約章則&lt;/p&gt;\r\n\r\n&lt;p&gt;&amp;nbsp;&lt;/p&gt;\r\n\r\n&lt;p&gt;1.1&amp;nbsp;&amp;nbsp; 服務協定：於協定簽署後，本協定於所載期間內均具有約束力。&lt;/p&gt;\r\n\r\n&lt;p&gt;&amp;nbsp;&lt;/p&gt;\r\n\r\n&lt;p&gt;1.2&amp;nbsp;&amp;nbsp; 付款：&lt;/p&gt;\r\n\r\n&lt;p&gt;&amp;nbsp;&lt;/p&gt;\r\n\r\n&lt;p&gt;1.2.1&amp;nbsp;&amp;nbsp;&amp;nbsp;&amp;nbsp;&amp;nbsp;&amp;nbsp;&amp;nbsp; 所有家居服務費用必須要預先支付或現金。我司將于到府上服務時提供正規發票給客戶。付款方式如下：&lt;/p&gt;\r\n\r\n&lt;p&gt;&amp;nbsp;&lt;/p&gt;\r\n\r\n&lt;p&gt;銀行轉賬:&lt;/p&gt;\r\n\r\n&lt;p&gt;&amp;nbsp;&amp;nbsp;&amp;nbsp; 開戶行(017)：兆豐國際商業銀行大同分行&lt;/p&gt;\r\n\r\n&lt;p&gt;&amp;nbsp;&amp;nbsp;&amp;nbsp; 賬戶名稱：香港商史偉莎企業有限公司台灣分公司&lt;/p&gt;\r\n\r\n&lt;p&gt;&amp;nbsp;&amp;nbsp;&amp;nbsp; 賬號：043-09-06830-9&lt;/p&gt;\r\n\r\n&lt;p&gt;&amp;nbsp;&lt;/p&gt;\r\n\r\n&lt;p&gt;2.&amp;nbsp;&amp;nbsp;&amp;nbsp;&amp;nbsp; 其他協議條件&lt;/p&gt;\r\n\r\n&lt;p&gt;&amp;nbsp;&lt;/p&gt;\r\n\r\n&lt;p&gt;2.1&amp;nbsp;&amp;nbsp; 我司病媒防治管理服務部負責於本協議內所述之有關地址的室內/室外/範圍內及合約期間內，為所述之昆蟲種類進行防治/檢查服務。我司作業人員奉行服務第一，顧客至上的原則，以認真負責的態度，確保病媒防治服務達到安全、優質、有效的品質標準。所有施工/治理均根據台灣環境用藥許可字號及合格專業施作人員的標準進行。&lt;/p&gt;\r\n\r\n&lt;p&gt;&amp;nbsp;&lt;/p&gt;\r\n\r\n&lt;p&gt;2.2&amp;nbsp;&amp;nbsp; 如需要另行租用安全設備（如高空工作升降台或鋁合金工作平台）進行服務的，其租用該設備及/或額外勞工保險的費用將由客戶支付。否則，我司有權對此不進行病媒防治管理服務。&lt;/p&gt;\r\n\r\n&lt;p&gt;&amp;nbsp;&lt;/p&gt;\r\n\r\n&lt;p&gt;2.3&amp;nbsp;&amp;nbsp; 本協定的服務範圍不包括視覺上不能查驗、隱蔽或無法到達的地方。&lt;/p&gt;\r\n\r\n&lt;p&gt;&amp;nbsp;&lt;/p&gt;\r\n\r\n&lt;p&gt;2.4&amp;nbsp;&amp;nbsp; 本協定只提供之服務只應用於協議所載樓宇、地方或物件。若服務地點有不乎協議所載之面積或蟲害；我司有權利決定是否提供服務。&lt;/p&gt;\r\n\r\n&lt;p&gt;&amp;nbsp;&lt;/p&gt;\r\n\r\n&lt;p&gt;2.5&amp;nbsp;&amp;nbsp; 在合約期間，如客戶提前終止合約，在取得我司的同意下，客戶仍須繳付1000元新台幣作為行政費用。&lt;/p&gt;\r\n\r\n&lt;p&gt;&amp;nbsp;&lt;/p&gt;\r\n\r\n&lt;p&gt;2.6&amp;nbsp;&amp;nbsp; 機具噴焗施工方法後。建議保持現場環境的封閉，換氣系統關閉。施藥後1小時後可開窗通風。如因客戶自身原因未達到此要求的，我司不承擔任何責任。&lt;/p&gt;\r\n\r\n&lt;p&gt;&amp;nbsp;&lt;/p&gt;\r\n\r\n&lt;p&gt;2.7&amp;nbsp;&amp;nbsp; 本協定之報價是根據客戶所提供樓面面積資料計算。因此, 當實際治理面積與客戶所述面積有差別時,我司保留調整報價的權利。&lt;/p&gt;\r\n\r\n&lt;p&gt;&amp;nbsp;&lt;/p&gt;\r\n\r\n&lt;p&gt;2.8&amp;nbsp;&amp;nbsp; 我司會以極細心及專業的態度進行病媒防治管理服務。為了更好的防止任何意外發生; 在治理服務時, 客戶必須確保所有貴重及易碎物品都已妥善保管及擺放好。如確因我司人員過錯造成關於上述物件損毀的索價，其上限為五仟元新台幣或合約約定月服務費的兩倍（以較低金額作準）。&lt;/p&gt;\r\n\r\n&lt;p&gt;&amp;nbsp;&lt;/p&gt;\r\n\r\n&lt;p&gt;2.9&amp;nbsp;&amp;nbsp; 在服務進行期間，我們建議客戶將貴重物品存放在安全的地方。如有需要，請客戶自行觀察我司員工進行工作。&lt;/p&gt;\r\n\r\n&lt;p&gt;&amp;nbsp;&lt;/p&gt;\r\n\r\n&lt;p&gt;2.10 除蟲劑對人類（過敏性體質人群除外）及大部分寵物是非常安全，但對水生動物及部分爬蟲類是有高度的毒性。如有任何魚缸，水族缸或魚池含有該等動物，請暫時撤離或治理前用濕毛巾及膠布覆蓋所有開口及其過濾系統；否則由此造成的後果我司不予承擔。&lt;/p&gt;\r\n\r\n&lt;p&gt;&amp;nbsp;&lt;/p&gt;\r\n\r\n&lt;p&gt;2.11 一切由蟲害或白蟻或鼠類所引致客戶的任何損害或損失,我司一概無須負責。&lt;/p&gt;\r\n', '&lt;p&gt;1.&amp;nbsp;&amp;nbsp;&amp;nbsp;&amp;nbsp; 付款條款與合約章則&lt;/p&gt;\r\n\r\n&lt;p&gt;&amp;nbsp;&lt;/p&gt;\r\n\r\n&lt;p&gt;1.1&amp;nbsp;&amp;nbsp; 服務協定：於協定簽署後，本協定於所載期間內均具有約束力。&lt;/p&gt;\r\n\r\n&lt;p&gt;&amp;nbsp;&lt;/p&gt;\r\n\r\n&lt;p&gt;1.2&amp;nbsp;&amp;nbsp; 付款：&lt;/p&gt;\r\n\r\n&lt;p&gt;&amp;nbsp;&lt;/p&gt;\r\n\r\n&lt;p&gt;1.2.1&amp;nbsp;&amp;nbsp;&amp;nbsp;&amp;nbsp;&amp;nbsp;&amp;nbsp;&amp;nbsp; 所有家居服務費用必須要預先支付或現金。我司將于到府上服務時提供正規發票給客戶。付款方式如下：&lt;/p&gt;\r\n\r\n&lt;p&gt;&amp;nbsp;&lt;/p&gt;\r\n\r\n&lt;p&gt;銀行轉賬:&lt;/p&gt;\r\n\r\n&lt;p&gt;&amp;nbsp;&amp;nbsp;&amp;nbsp; 開戶行(017)：兆豐國際商業銀行大同分行&lt;/p&gt;\r\n\r\n&lt;p&gt;&amp;nbsp;&amp;nbsp;&amp;nbsp; 賬戶名稱：香港商史偉莎企業有限公司台灣分公司&lt;/p&gt;\r\n\r\n&lt;p&gt;&amp;nbsp;&amp;nbsp;&amp;nbsp; 賬號：043-09-06830-9&lt;/p&gt;\r\n\r\n&lt;p&gt;&amp;nbsp;&lt;/p&gt;\r\n\r\n&lt;p&gt;2.&amp;nbsp;&amp;nbsp;&amp;nbsp;&amp;nbsp; 其他協議條件&lt;/p&gt;\r\n\r\n&lt;p&gt;&amp;nbsp;&lt;/p&gt;\r\n\r\n&lt;p&gt;2.1&amp;nbsp;&amp;nbsp; 我司病媒防治管理服務部負責於本協議內所述之有關地址的室內/室外/範圍內及合約期間內，為所述之昆蟲種類進行防治/檢查服務。我司作業人員奉行服務第一，顧客至上的原則，以認真負責的態度，確保病媒防治服務達到安全、優質、有效的品質標準。所有施工/治理均根據台灣環境用藥許可字號及合格專業施作人員的標準進行。&lt;/p&gt;\r\n\r\n&lt;p&gt;&amp;nbsp;&lt;/p&gt;\r\n\r\n&lt;p&gt;2.2&amp;nbsp;&amp;nbsp; 如需要另行租用安全設備（如高空工作升降台或鋁合金工作平台）進行服務的，其租用該設備及/或額外勞工保險的費用將由客戶支付。否則，我司有權對此不進行病媒防治管理服務。&lt;/p&gt;\r\n\r\n&lt;p&gt;&amp;nbsp;&lt;/p&gt;\r\n\r\n&lt;p&gt;2.3&amp;nbsp;&amp;nbsp; 本協定的服務範圍不包括視覺上不能查驗、隱蔽或無法到達的地方。&lt;/p&gt;\r\n\r\n&lt;p&gt;&amp;nbsp;&lt;/p&gt;\r\n\r\n&lt;p&gt;2.4&amp;nbsp;&amp;nbsp; 本協定只提供之服務只應用於協議所載樓宇、地方或物件。若服務地點有不乎協議所載之面積或蟲害；我司有權利決定是否提供服務。&lt;/p&gt;\r\n\r\n&lt;p&gt;&amp;nbsp;&lt;/p&gt;\r\n\r\n&lt;p&gt;2.5&amp;nbsp;&amp;nbsp; 在合約期間，如客戶提前終止合約，在取得我司的同意下，客戶仍須繳付1000元新台幣作為行政費用。&lt;/p&gt;\r\n\r\n&lt;p&gt;&amp;nbsp;&lt;/p&gt;\r\n\r\n&lt;p&gt;2.6&amp;nbsp;&amp;nbsp; 機具噴焗施工方法後。建議保持現場環境的封閉，換氣系統關閉。施藥後1小時後可開窗通風。如因客戶自身原因未達到此要求的，我司不承擔任何責任。&lt;/p&gt;\r\n\r\n&lt;p&gt;&amp;nbsp;&lt;/p&gt;\r\n\r\n&lt;p&gt;2.7&amp;nbsp;&amp;nbsp; 本協定之報價是根據客戶所提供樓面面積資料計算。因此, 當實際治理面積與客戶所述面積有差別時,我司保留調整報價的權利。&lt;/p&gt;\r\n\r\n&lt;p&gt;&amp;nbsp;&lt;/p&gt;\r\n\r\n&lt;p&gt;2.8&amp;nbsp;&amp;nbsp; 我司會以極細心及專業的態度進行病媒防治管理服務。為了更好的防止任何意外發生; 在治理服務時, 客戶必須確保所有貴重及易碎物品都已妥善保管及擺放好。如確因我司人員過錯造成關於上述物件損毀的索價，其上限為五仟元新台幣或合約約定月服務費的兩倍（以較低金額作準）。&lt;/p&gt;\r\n\r\n&lt;p&gt;&amp;nbsp;&lt;/p&gt;\r\n\r\n&lt;p&gt;2.9&amp;nbsp;&amp;nbsp; 在服務進行期間，我們建議客戶將貴重物品存放在安全的地方。如有需要，請客戶自行觀察我司員工進行工作。&lt;/p&gt;\r\n\r\n&lt;p&gt;&amp;nbsp;&lt;/p&gt;\r\n\r\n&lt;p&gt;2.10 除蟲劑對人類（過敏性體質人群除外）及大部分寵物是非常安全，但對水生動物及部分爬蟲類是有高度的毒性。如有任何魚缸，水族缸或魚池含有該等動物，請暫時撤離或治理前用濕毛巾及膠布覆蓋所有開口及其過濾系統；否則由此造成的後果我司不予承擔。&lt;/p&gt;\r\n\r\n&lt;p&gt;&amp;nbsp;&lt;/p&gt;\r\n\r\n&lt;p&gt;2.11 一切由蟲害或白蟻或鼠類所引致客戶的任何損害或損失,我司一概無須負責。&lt;/p&gt;\r\n'),
(47, 5, '高雄', '高雄', 'Kaohsiung', 5, 0, NULL, 'NT$', 'ping', '香港商史偉莎企業有限公司台灣分公司', '香港商史偉莎企業有限公司台灣分公司', '香港商史偉莎企業有限公司台灣分公司', 'Public/Uploads/2018-03-02/1519966402.png', '&lt;p&gt;1.&amp;nbsp;&amp;nbsp;&amp;nbsp;&amp;nbsp; 付款條款與合約章則&lt;/p&gt;\r\n\r\n&lt;p&gt;&amp;nbsp;&lt;/p&gt;\r\n\r\n&lt;p&gt;1.1&amp;nbsp;&amp;nbsp; 服務協定：於協定簽署後，本協定於所載期間內均具有約束力。&lt;/p&gt;\r\n\r\n&lt;p&gt;&amp;nbsp;&lt;/p&gt;\r\n\r\n&lt;p&gt;1.2&amp;nbsp;&amp;nbsp; 付款：&lt;/p&gt;\r\n\r\n&lt;p&gt;&amp;nbsp;&lt;/p&gt;\r\n\r\n&lt;p&gt;1.2.1&amp;nbsp;&amp;nbsp;&amp;nbsp;&amp;nbsp;&amp;nbsp;&amp;nbsp;&amp;nbsp; 所有家居服務費用必須要預先支付或現金。我司將于到府上服務時提供正規發票給客戶。付款方式如下：&lt;/p&gt;\r\n\r\n&lt;p&gt;&amp;nbsp;&lt;/p&gt;\r\n\r\n&lt;p&gt;銀行轉賬:&lt;/p&gt;\r\n\r\n&lt;p&gt;&amp;nbsp;&amp;nbsp;&amp;nbsp; 開戶行(017)：兆豐國際商業銀行大同分行&lt;/p&gt;\r\n\r\n&lt;p&gt;&amp;nbsp;&amp;nbsp;&amp;nbsp; 賬戶名稱：香港商史偉莎企業有限公司台灣分公司&lt;/p&gt;\r\n\r\n&lt;p&gt;&amp;nbsp;&amp;nbsp;&amp;nbsp; 賬號：043-09-06830-9&lt;/p&gt;\r\n\r\n&lt;p&gt;&amp;nbsp;&lt;/p&gt;\r\n\r\n&lt;p&gt;2.&amp;nbsp;&amp;nbsp;&amp;nbsp;&amp;nbsp; 其他協議條件&lt;/p&gt;\r\n\r\n&lt;p&gt;&amp;nbsp;&lt;/p&gt;\r\n\r\n&lt;p&gt;2.1&amp;nbsp;&amp;nbsp; 我司病媒防治管理服務部負責於本協議內所述之有關地址的室內/室外/範圍內及合約期間內，為所述之昆蟲種類進行防治/檢查服務。我司作業人員奉行服務第一，顧客至上的原則，以認真負責的態度，確保病媒防治服務達到安全、優質、有效的品質標準。所有施工/治理均根據台灣環境用藥許可字號及合格專業施作人員的標準進行。&lt;/p&gt;\r\n\r\n&lt;p&gt;&amp;nbsp;&lt;/p&gt;\r\n\r\n&lt;p&gt;2.2&amp;nbsp;&amp;nbsp; 如需要另行租用安全設備（如高空工作升降台或鋁合金工作平台）進行服務的，其租用該設備及/或額外勞工保險的費用將由客戶支付。否則，我司有權對此不進行病媒防治管理服務。&lt;/p&gt;\r\n\r\n&lt;p&gt;&amp;nbsp;&lt;/p&gt;\r\n\r\n&lt;p&gt;2.3&amp;nbsp;&amp;nbsp; 本協定的服務範圍不包括視覺上不能查驗、隱蔽或無法到達的地方。&lt;/p&gt;\r\n\r\n&lt;p&gt;&amp;nbsp;&lt;/p&gt;\r\n\r\n&lt;p&gt;2.4&amp;nbsp;&amp;nbsp; 本協定只提供之服務只應用於協議所載樓宇、地方或物件。若服務地點有不乎協議所載之面積或蟲害；我司有權利決定是否提供服務。&lt;/p&gt;\r\n\r\n&lt;p&gt;&amp;nbsp;&lt;/p&gt;\r\n\r\n&lt;p&gt;2.5&amp;nbsp;&amp;nbsp; 在合約期間，如客戶提前終止合約，在取得我司的同意下，客戶仍須繳付1000元新台幣作為行政費用。&lt;/p&gt;\r\n\r\n&lt;p&gt;&amp;nbsp;&lt;/p&gt;\r\n\r\n&lt;p&gt;2.6&amp;nbsp;&amp;nbsp; 機具噴焗施工方法後。建議保持現場環境的封閉，換氣系統關閉。施藥後1小時後可開窗通風。如因客戶自身原因未達到此要求的，我司不承擔任何責任。&lt;/p&gt;\r\n\r\n&lt;p&gt;&amp;nbsp;&lt;/p&gt;\r\n\r\n&lt;p&gt;2.7&amp;nbsp;&amp;nbsp; 本協定之報價是根據客戶所提供樓面面積資料計算。因此, 當實際治理面積與客戶所述面積有差別時,我司保留調整報價的權利。&lt;/p&gt;\r\n\r\n&lt;p&gt;&amp;nbsp;&lt;/p&gt;\r\n\r\n&lt;p&gt;2.8&amp;nbsp;&amp;nbsp; 我司會以極細心及專業的態度進行病媒防治管理服務。為了更好的防止任何意外發生; 在治理服務時, 客戶必須確保所有貴重及易碎物品都已妥善保管及擺放好。如確因我司人員過錯造成關於上述物件損毀的索價，其上限為五仟元新台幣或合約約定月服務費的兩倍（以較低金額作準）。&lt;/p&gt;\r\n\r\n&lt;p&gt;&amp;nbsp;&lt;/p&gt;\r\n\r\n&lt;p&gt;2.9&amp;nbsp;&amp;nbsp; 在服務進行期間，我們建議客戶將貴重物品存放在安全的地方。如有需要，請客戶自行觀察我司員工進行工作。&lt;/p&gt;\r\n\r\n&lt;p&gt;&amp;nbsp;&lt;/p&gt;\r\n\r\n&lt;p&gt;2.10 除蟲劑對人類（過敏性體質人群除外）及大部分寵物是非常安全，但對水生動物及部分爬蟲類是有高度的毒性。如有任何魚缸，水族缸或魚池含有該等動物，請暫時撤離或治理前用濕毛巾及膠布覆蓋所有開口及其過濾系統；否則由此造成的後果我司不予承擔。&lt;/p&gt;\r\n\r\n&lt;p&gt;&amp;nbsp;&lt;/p&gt;\r\n\r\n&lt;p&gt;2.11 一切由蟲害或白蟻或鼠類所引致客戶的任何損害或損失,我司一概無須負責。&lt;/p&gt;\r\n', '&lt;p&gt;1.&amp;nbsp;&amp;nbsp;&amp;nbsp;&amp;nbsp; 付款條款與合約章則&lt;/p&gt;\r\n\r\n&lt;p&gt;&amp;nbsp;&lt;/p&gt;\r\n\r\n&lt;p&gt;1.1&amp;nbsp;&amp;nbsp; 服務協定：於協定簽署後，本協定於所載期間內均具有約束力。&lt;/p&gt;\r\n\r\n&lt;p&gt;&amp;nbsp;&lt;/p&gt;\r\n\r\n&lt;p&gt;1.2&amp;nbsp;&amp;nbsp; 付款：&lt;/p&gt;\r\n\r\n&lt;p&gt;&amp;nbsp;&lt;/p&gt;\r\n\r\n&lt;p&gt;1.2.1&amp;nbsp;&amp;nbsp;&amp;nbsp;&amp;nbsp;&amp;nbsp;&amp;nbsp;&amp;nbsp; 所有家居服務費用必須要預先支付或現金。我司將于到府上服務時提供正規發票給客戶。付款方式如下：&lt;/p&gt;\r\n\r\n&lt;p&gt;&amp;nbsp;&lt;/p&gt;\r\n\r\n&lt;p&gt;銀行轉賬:&lt;/p&gt;\r\n\r\n&lt;p&gt;&amp;nbsp;&amp;nbsp;&amp;nbsp; 開戶行(017)：兆豐國際商業銀行大同分行&lt;/p&gt;\r\n\r\n&lt;p&gt;&amp;nbsp;&amp;nbsp;&amp;nbsp; 賬戶名稱：香港商史偉莎企業有限公司台灣分公司&lt;/p&gt;\r\n\r\n&lt;p&gt;&amp;nbsp;&amp;nbsp;&amp;nbsp; 賬號：043-09-06830-9&lt;/p&gt;\r\n\r\n&lt;p&gt;&amp;nbsp;&lt;/p&gt;\r\n\r\n&lt;p&gt;2.&amp;nbsp;&amp;nbsp;&amp;nbsp;&amp;nbsp; 其他協議條件&lt;/p&gt;\r\n\r\n&lt;p&gt;&amp;nbsp;&lt;/p&gt;\r\n\r\n&lt;p&gt;2.1&amp;nbsp;&amp;nbsp; 我司病媒防治管理服務部負責於本協議內所述之有關地址的室內/室外/範圍內及合約期間內，為所述之昆蟲種類進行防治/檢查服務。我司作業人員奉行服務第一，顧客至上的原則，以認真負責的態度，確保病媒防治服務達到安全、優質、有效的品質標準。所有施工/治理均根據台灣環境用藥許可字號及合格專業施作人員的標準進行。&lt;/p&gt;\r\n\r\n&lt;p&gt;&amp;nbsp;&lt;/p&gt;\r\n\r\n&lt;p&gt;2.2&amp;nbsp;&amp;nbsp; 如需要另行租用安全設備（如高空工作升降台或鋁合金工作平台）進行服務的，其租用該設備及/或額外勞工保險的費用將由客戶支付。否則，我司有權對此不進行病媒防治管理服務。&lt;/p&gt;\r\n\r\n&lt;p&gt;&amp;nbsp;&lt;/p&gt;\r\n\r\n&lt;p&gt;2.3&amp;nbsp;&amp;nbsp; 本協定的服務範圍不包括視覺上不能查驗、隱蔽或無法到達的地方。&lt;/p&gt;\r\n\r\n&lt;p&gt;&amp;nbsp;&lt;/p&gt;\r\n\r\n&lt;p&gt;2.4&amp;nbsp;&amp;nbsp; 本協定只提供之服務只應用於協議所載樓宇、地方或物件。若服務地點有不乎協議所載之面積或蟲害；我司有權利決定是否提供服務。&lt;/p&gt;\r\n\r\n&lt;p&gt;&amp;nbsp;&lt;/p&gt;\r\n\r\n&lt;p&gt;2.5&amp;nbsp;&amp;nbsp; 在合約期間，如客戶提前終止合約，在取得我司的同意下，客戶仍須繳付1000元新台幣作為行政費用。&lt;/p&gt;\r\n\r\n&lt;p&gt;&amp;nbsp;&lt;/p&gt;\r\n\r\n&lt;p&gt;2.6&amp;nbsp;&amp;nbsp; 機具噴焗施工方法後。建議保持現場環境的封閉，換氣系統關閉。施藥後1小時後可開窗通風。如因客戶自身原因未達到此要求的，我司不承擔任何責任。&lt;/p&gt;\r\n\r\n&lt;p&gt;&amp;nbsp;&lt;/p&gt;\r\n\r\n&lt;p&gt;2.7&amp;nbsp;&amp;nbsp; 本協定之報價是根據客戶所提供樓面面積資料計算。因此, 當實際治理面積與客戶所述面積有差別時,我司保留調整報價的權利。&lt;/p&gt;\r\n\r\n&lt;p&gt;&amp;nbsp;&lt;/p&gt;\r\n\r\n&lt;p&gt;2.8&amp;nbsp;&amp;nbsp; 我司會以極細心及專業的態度進行病媒防治管理服務。為了更好的防止任何意外發生; 在治理服務時, 客戶必須確保所有貴重及易碎物品都已妥善保管及擺放好。如確因我司人員過錯造成關於上述物件損毀的索價，其上限為五仟元新台幣或合約約定月服務費的兩倍（以較低金額作準）。&lt;/p&gt;\r\n\r\n&lt;p&gt;&amp;nbsp;&lt;/p&gt;\r\n\r\n&lt;p&gt;2.9&amp;nbsp;&amp;nbsp; 在服務進行期間，我們建議客戶將貴重物品存放在安全的地方。如有需要，請客戶自行觀察我司員工進行工作。&lt;/p&gt;\r\n\r\n&lt;p&gt;&amp;nbsp;&lt;/p&gt;\r\n\r\n&lt;p&gt;2.10 除蟲劑對人類（過敏性體質人群除外）及大部分寵物是非常安全，但對水生動物及部分爬蟲類是有高度的毒性。如有任何魚缸，水族缸或魚池含有該等動物，請暫時撤離或治理前用濕毛巾及膠布覆蓋所有開口及其過濾系統；否則由此造成的後果我司不予承擔。&lt;/p&gt;\r\n\r\n&lt;p&gt;&amp;nbsp;&lt;/p&gt;\r\n\r\n&lt;p&gt;2.11 一切由蟲害或白蟻或鼠類所引致客戶的任何損害或損失,我司一概無須負責。&lt;/p&gt;\r\n', '&lt;p&gt;1.&amp;nbsp;&amp;nbsp;&amp;nbsp;&amp;nbsp; 付款條款與合約章則&lt;/p&gt;\r\n\r\n&lt;p&gt;&amp;nbsp;&lt;/p&gt;\r\n\r\n&lt;p&gt;1.1&amp;nbsp;&amp;nbsp; 服務協定：於協定簽署後，本協定於所載期間內均具有約束力。&lt;/p&gt;\r\n\r\n&lt;p&gt;&amp;nbsp;&lt;/p&gt;\r\n\r\n&lt;p&gt;1.2&amp;nbsp;&amp;nbsp; 付款：&lt;/p&gt;\r\n\r\n&lt;p&gt;&amp;nbsp;&lt;/p&gt;\r\n\r\n&lt;p&gt;1.2.1&amp;nbsp;&amp;nbsp;&amp;nbsp;&amp;nbsp;&amp;nbsp;&amp;nbsp;&amp;nbsp; 所有家居服務費用必須要預先支付或現金。我司將于到府上服務時提供正規發票給客戶。付款方式如下：&lt;/p&gt;\r\n\r\n&lt;p&gt;&amp;nbsp;&lt;/p&gt;\r\n\r\n&lt;p&gt;銀行轉賬:&lt;/p&gt;\r\n\r\n&lt;p&gt;&amp;nbsp;&amp;nbsp;&amp;nbsp; 開戶行(017)：兆豐國際商業銀行大同分行&lt;/p&gt;\r\n\r\n&lt;p&gt;&amp;nbsp;&amp;nbsp;&amp;nbsp; 賬戶名稱：香港商史偉莎企業有限公司台灣分公司&lt;/p&gt;\r\n\r\n&lt;p&gt;&amp;nbsp;&amp;nbsp;&amp;nbsp; 賬號：043-09-06830-9&lt;/p&gt;\r\n\r\n&lt;p&gt;&amp;nbsp;&lt;/p&gt;\r\n\r\n&lt;p&gt;2.&amp;nbsp;&amp;nbsp;&amp;nbsp;&amp;nbsp; 其他協議條件&lt;/p&gt;\r\n\r\n&lt;p&gt;&amp;nbsp;&lt;/p&gt;\r\n\r\n&lt;p&gt;2.1&amp;nbsp;&amp;nbsp; 我司病媒防治管理服務部負責於本協議內所述之有關地址的室內/室外/範圍內及合約期間內，為所述之昆蟲種類進行防治/檢查服務。我司作業人員奉行服務第一，顧客至上的原則，以認真負責的態度，確保病媒防治服務達到安全、優質、有效的品質標準。所有施工/治理均根據台灣環境用藥許可字號及合格專業施作人員的標準進行。&lt;/p&gt;\r\n\r\n&lt;p&gt;&amp;nbsp;&lt;/p&gt;\r\n\r\n&lt;p&gt;2.2&amp;nbsp;&amp;nbsp; 如需要另行租用安全設備（如高空工作升降台或鋁合金工作平台）進行服務的，其租用該設備及/或額外勞工保險的費用將由客戶支付。否則，我司有權對此不進行病媒防治管理服務。&lt;/p&gt;\r\n\r\n&lt;p&gt;&amp;nbsp;&lt;/p&gt;\r\n\r\n&lt;p&gt;2.3&amp;nbsp;&amp;nbsp; 本協定的服務範圍不包括視覺上不能查驗、隱蔽或無法到達的地方。&lt;/p&gt;\r\n\r\n&lt;p&gt;&amp;nbsp;&lt;/p&gt;\r\n\r\n&lt;p&gt;2.4&amp;nbsp;&amp;nbsp; 本協定只提供之服務只應用於協議所載樓宇、地方或物件。若服務地點有不乎協議所載之面積或蟲害；我司有權利決定是否提供服務。&lt;/p&gt;\r\n\r\n&lt;p&gt;&amp;nbsp;&lt;/p&gt;\r\n\r\n&lt;p&gt;2.5&amp;nbsp;&amp;nbsp; 在合約期間，如客戶提前終止合約，在取得我司的同意下，客戶仍須繳付1000元新台幣作為行政費用。&lt;/p&gt;\r\n\r\n&lt;p&gt;&amp;nbsp;&lt;/p&gt;\r\n\r\n&lt;p&gt;2.6&amp;nbsp;&amp;nbsp; 機具噴焗施工方法後。建議保持現場環境的封閉，換氣系統關閉。施藥後1小時後可開窗通風。如因客戶自身原因未達到此要求的，我司不承擔任何責任。&lt;/p&gt;\r\n\r\n&lt;p&gt;&amp;nbsp;&lt;/p&gt;\r\n\r\n&lt;p&gt;2.7&amp;nbsp;&amp;nbsp; 本協定之報價是根據客戶所提供樓面面積資料計算。因此, 當實際治理面積與客戶所述面積有差別時,我司保留調整報價的權利。&lt;/p&gt;\r\n\r\n&lt;p&gt;&amp;nbsp;&lt;/p&gt;\r\n\r\n&lt;p&gt;2.8&amp;nbsp;&amp;nbsp; 我司會以極細心及專業的態度進行病媒防治管理服務。為了更好的防止任何意外發生; 在治理服務時, 客戶必須確保所有貴重及易碎物品都已妥善保管及擺放好。如確因我司人員過錯造成關於上述物件損毀的索價，其上限為五仟元新台幣或合約約定月服務費的兩倍（以較低金額作準）。&lt;/p&gt;\r\n\r\n&lt;p&gt;&amp;nbsp;&lt;/p&gt;\r\n\r\n&lt;p&gt;2.9&amp;nbsp;&amp;nbsp; 在服務進行期間，我們建議客戶將貴重物品存放在安全的地方。如有需要，請客戶自行觀察我司員工進行工作。&lt;/p&gt;\r\n\r\n&lt;p&gt;&amp;nbsp;&lt;/p&gt;\r\n\r\n&lt;p&gt;2.10 除蟲劑對人類（過敏性體質人群除外）及大部分寵物是非常安全，但對水生動物及部分爬蟲類是有高度的毒性。如有任何魚缸，水族缸或魚池含有該等動物，請暫時撤離或治理前用濕毛巾及膠布覆蓋所有開口及其過濾系統；否則由此造成的後果我司不予承擔。&lt;/p&gt;\r\n\r\n&lt;p&gt;&amp;nbsp;&lt;/p&gt;\r\n\r\n&lt;p&gt;2.11 一切由蟲害或白蟻或鼠類所引致客戶的任何損害或損失,我司一概無須負責。&lt;/p&gt;\r\n');
INSERT INTO `quote_city` (`id`, `region_id`, `city_name`, `city_name_tw`, `city_name_us`, `z_index`, `other_open`, `other_price`, `currency_type`, `b_unit`, `company`, `company_tw`, `company_us`, `seal`, `terms`, `terms_tw`, `terms_us`) VALUES
(48, 3, '西安', '西安', 'Xian', 18, 1, '150', 'RMB', 'mi', '西安史伟莎环保科技有限公司', '西安史伟莎环保科技有限公司', '西安史伟莎环保科技有限公司', 'Public/Uploads/2018-03-01/1519897953.png', '&lt;p&gt;1.&amp;nbsp;&amp;nbsp;&amp;nbsp;&amp;nbsp; 付款條款與合約章則&lt;/p&gt;\r\n\r\n&lt;p&gt;&amp;nbsp;&lt;/p&gt;\r\n\r\n&lt;p&gt;1.1&amp;nbsp; &amp;nbsp; &amp;nbsp;服務協定：於協定簽署後，本協定於所載期間內均具有約束力。&lt;/p&gt;\r\n\r\n&lt;p&gt;&amp;nbsp;&lt;/p&gt;\r\n\r\n&lt;p&gt;1.2&amp;nbsp; &amp;nbsp; &amp;nbsp;付款：&lt;/p&gt;\r\n\r\n&lt;p&gt;&amp;nbsp;&lt;/p&gt;\r\n\r\n&lt;p&gt;1.2.1&amp;nbsp; &amp;nbsp; &amp;nbsp;所有家居服務費用必須要預先支付。我司將于第一次服務時提供正規發票給客戶。付款方式如下：&lt;/p&gt;\r\n\r\n&lt;p&gt;&amp;nbsp;&lt;/p&gt;\r\n\r\n&lt;table border=&quot;0&quot; cellpadding=&quot;0&quot; cellspacing=&quot;0&quot; style=&quot;width:90%&quot;&gt;\r\n	&lt;tbody&gt;\r\n		&lt;tr&gt;\r\n			&lt;td&gt;i. 支付寶&lt;/td&gt;\r\n		&lt;/tr&gt;\r\n		&lt;tr&gt;\r\n			&lt;td&gt;&lt;img alt=&quot;&quot; src=&quot;Public/Uploads/2018-03-02/1519957776.jpg&quot; style=&quot;height:100px; width:100px&quot; /&gt;&lt;/td&gt;\r\n		&lt;/tr&gt;\r\n	&lt;/tbody&gt;\r\n&lt;/table&gt;\r\n\r\n&lt;p&gt;&amp;nbsp;&lt;/p&gt;\r\n\r\n&lt;p&gt;iii.&amp;nbsp;&amp;nbsp;&amp;nbsp; 銀行轉賬:&lt;/p&gt;\r\n\r\n&lt;p&gt;&amp;nbsp; &amp;nbsp; &amp;nbsp; &amp;nbsp; 账户名：西安史伟莎环保科技有限公司&lt;/p&gt;\r\n\r\n&lt;p&gt;&amp;nbsp; &amp;nbsp; &amp;nbsp; &amp;nbsp; 开户行：交通银行经济技术开发区支行&lt;/p&gt;\r\n\r\n&lt;p&gt;&amp;nbsp; &amp;nbsp; &amp;nbsp; &amp;nbsp; 账&amp;nbsp; &amp;nbsp;号：6118 9999 1010 0033 13615&lt;/p&gt;\r\n\r\n&lt;p&gt;&amp;nbsp;&lt;/p&gt;\r\n\r\n&lt;p&gt;2.&amp;nbsp;&amp;nbsp;&amp;nbsp;&amp;nbsp; 其他協議條件&lt;/p&gt;\r\n\r\n&lt;p&gt;&amp;nbsp;&lt;/p&gt;\r\n\r\n&lt;p&gt;2.1&amp;nbsp;&amp;nbsp; 我司滅蟲管理服務部負責於本協議內所述之有關地址的室內/室外/範圍內及合約期間內，為所述之昆蟲種類進行防滅/檢查服務。我司作業人員奉行服務第一，顧客至上的原則，以認真負責的態度，確保每次滅蟲服務達到安全、優質、有效的品質標準。所有施工/治理均根據全國衛生檢查機構滅蟲滅害的標準進行。&lt;/p&gt;\r\n\r\n&lt;p&gt;&amp;nbsp;&lt;/p&gt;\r\n\r\n&lt;p&gt;2.2&amp;nbsp;&amp;nbsp; 如需要另行租用安全設備（如高空工作升降臺或鋁合金工作平臺）進行服務的，其租用該設備及/或額外勞工保險的費用將由客戶支付。否則，我司有權對此不進行滅蟲管理服務。&lt;/p&gt;\r\n\r\n&lt;p&gt;&amp;nbsp;&lt;/p&gt;\r\n\r\n&lt;p&gt;2.3&amp;nbsp;&amp;nbsp; 本協定的服務範圍不包括視覺上不能查驗、隱蔽或無法到達的地方。&lt;/p&gt;\r\n\r\n&lt;p&gt;&amp;nbsp;&lt;/p&gt;\r\n\r\n&lt;p&gt;2.4&amp;nbsp;&amp;nbsp; 本協定提供之利益只應用於協議所載樓宇、地方或物件。若物業有增建物時，須向我司發出書面通知；否則我司有權對新增建物不提供滅蟲管理服務。&lt;/p&gt;\r\n\r\n&lt;p&gt;&amp;nbsp;&lt;/p&gt;\r\n\r\n&lt;p&gt;2.5&amp;nbsp;&amp;nbsp; 在合約期間，如客戶提前終止合約，在取得我司的同意下，客戶仍須繳付200元人民幣作為行政費用。&lt;/p&gt;\r\n\r\n&lt;p&gt;&amp;nbsp;&lt;/p&gt;\r\n\r\n&lt;p&gt;2.6&amp;nbsp;&amp;nbsp; 在合約期間，如客戶需要搬遷居所，而新的居所面積與合約約定的面積有所分別，現有合約的剩餘價值將轉載於新的合約中。如客戶要求退款的，必須根據2.5的條款方式處理。&lt;/p&gt;\r\n\r\n&lt;p&gt;&amp;nbsp;&lt;/p&gt;\r\n\r\n&lt;p&gt;2.7&amp;nbsp;&amp;nbsp; 焗霧機器可將施藥藥劑直徑控制在30微米左右，藥劑會長時間懸浮于控制區域內。建議保持現場環境的封閉，換氣系統關閉。施藥後1小時後可開窗通風。如因客戶自身原因未達到此要求的，我司不承擔任何責任。&lt;/p&gt;\r\n\r\n&lt;p&gt;&amp;nbsp;&lt;/p&gt;\r\n\r\n&lt;p&gt;2.8&amp;nbsp;&amp;nbsp; 本協定之報價是根據客戶所提供樓面面積資料計算。因此, 當實際治理面積與客戶所述面積有差別時,我司保留調整報價的權利。&lt;/p&gt;\r\n\r\n&lt;p&gt;&amp;nbsp;&lt;/p&gt;\r\n\r\n&lt;p&gt;2.9&amp;nbsp;&amp;nbsp; 若滅蟲服務于獲得客戶確認日期及時間後，因客戶不在/或不能進入樓宇內而導致我司不能進行滅蟲服務，則我司有權收取200元人民幣, 作為誤工之賠償。&lt;/p&gt;\r\n\r\n&lt;p&gt;&amp;nbsp;&lt;/p&gt;\r\n\r\n&lt;p&gt;2.10 我司會以極細心及專業的態度進行滅蟲服務。為了更好的防止任何意外發生; 在治理服務時, 客戶必須確保所有貴重及易碎物品都已妥善保管及擺放好。如確因我司人員過錯造成關於上述物件損毀的索價，其上限為一仟元人民幣或合約約定月服務費的兩倍（以較低金額作準）。&lt;/p&gt;\r\n\r\n&lt;p&gt;&amp;nbsp;&lt;/p&gt;\r\n\r\n&lt;p&gt;2.11 在服務進行期間，我們建議客戶將貴重物品存放在安全的地方。如有需要，請客戶自行觀察我司員工進行工作。&lt;/p&gt;\r\n\r\n&lt;p&gt;&amp;nbsp;&lt;/p&gt;\r\n\r\n&lt;p&gt;2.12 雖然我司使用的殺蟲劑對人類（過敏性體質人群除外）及大部分寵物是非常安全，但對水生動物及部分爬蟲類是有高度的毒性。如有任何魚缸，水族缸或魚池含有該等動物，請在治理前通知我們及/或用濕毛巾及膠布覆蓋所有開口及其過濾系統；否則由此造成的後果我司不予承擔。&lt;/p&gt;\r\n\r\n&lt;p&gt;&amp;nbsp;&lt;/p&gt;\r\n\r\n&lt;p&gt;2.13 一切由蟲害或白蟻或鼠類所引致客戶的任何損害或損失,我司一概無須負責。&lt;/p&gt;\r\n\r\n&lt;p&gt;&amp;nbsp;&lt;/p&gt;\r\n\r\n&lt;p&gt;2.14 本協議履行中發生不可抗力，導致一方無法履行約定義務的，該方應在不可抗力發生後14天內以書面形式通知另一方。如不可抗力結束後，仍存在繼續履行的可能性，應繼續履行本協議。&lt;/p&gt;\r\n\r\n&lt;p&gt;&amp;nbsp;&lt;/p&gt;\r\n\r\n&lt;p&gt;2.15 本報價只適用於蟑螂/跳虱/螞蟻/老鼠/衣魚的一次性服務。&lt;/p&gt;\r\n', '&lt;p&gt;1.&amp;nbsp;&amp;nbsp;&amp;nbsp;&amp;nbsp; 付款條款與合約章則&lt;/p&gt;\r\n\r\n&lt;p&gt;&amp;nbsp;&lt;/p&gt;\r\n\r\n&lt;p&gt;1.1&amp;nbsp; &amp;nbsp; &amp;nbsp;服務協定：於協定簽署後，本協定於所載期間內均具有約束力。&lt;/p&gt;\r\n\r\n&lt;p&gt;&amp;nbsp;&lt;/p&gt;\r\n\r\n&lt;p&gt;1.2&amp;nbsp; &amp;nbsp; &amp;nbsp;付款：&lt;/p&gt;\r\n\r\n&lt;p&gt;&amp;nbsp;&lt;/p&gt;\r\n\r\n&lt;p&gt;1.2.1&amp;nbsp; &amp;nbsp; &amp;nbsp;所有家居服務費用必須要預先支付。我司將于第一次服務時提供正規發票給客戶。付款方式如下：&lt;/p&gt;\r\n\r\n&lt;p&gt;&amp;nbsp;&lt;/p&gt;\r\n\r\n&lt;table border=&quot;0&quot; cellpadding=&quot;0&quot; cellspacing=&quot;0&quot; style=&quot;width:90%&quot;&gt;\r\n	&lt;tbody&gt;\r\n		&lt;tr&gt;\r\n			&lt;td&gt;i. 支付寶&lt;/td&gt;\r\n		&lt;/tr&gt;\r\n		&lt;tr&gt;\r\n			&lt;td&gt;&lt;img alt=&quot;&quot; src=&quot;Public/Uploads/2018-03-02/1519957776.jpg&quot; style=&quot;height:100px; width:100px&quot; /&gt;&lt;/td&gt;\r\n		&lt;/tr&gt;\r\n	&lt;/tbody&gt;\r\n&lt;/table&gt;\r\n\r\n&lt;p&gt;&amp;nbsp;&lt;/p&gt;\r\n\r\n&lt;p&gt;iii.&amp;nbsp;&amp;nbsp;&amp;nbsp; 銀行轉賬:&lt;/p&gt;\r\n\r\n&lt;p&gt;&amp;nbsp; &amp;nbsp; &amp;nbsp; &amp;nbsp; 账户名：西安史伟莎环保科技有限公司&lt;/p&gt;\r\n\r\n&lt;p&gt;&amp;nbsp; &amp;nbsp; &amp;nbsp; &amp;nbsp; 开户行：交通银行经济技术开发区支行&lt;/p&gt;\r\n\r\n&lt;p&gt;&amp;nbsp; &amp;nbsp; &amp;nbsp; &amp;nbsp; 账&amp;nbsp; &amp;nbsp;号：6118 9999 1010 0033 13615&lt;/p&gt;\r\n\r\n&lt;p&gt;&amp;nbsp;&lt;/p&gt;\r\n\r\n&lt;p&gt;2.&amp;nbsp;&amp;nbsp;&amp;nbsp;&amp;nbsp; 其他協議條件&lt;/p&gt;\r\n\r\n&lt;p&gt;&amp;nbsp;&lt;/p&gt;\r\n\r\n&lt;p&gt;2.1&amp;nbsp;&amp;nbsp; 我司滅蟲管理服務部負責於本協議內所述之有關地址的室內/室外/範圍內及合約期間內，為所述之昆蟲種類進行防滅/檢查服務。我司作業人員奉行服務第一，顧客至上的原則，以認真負責的態度，確保每次滅蟲服務達到安全、優質、有效的品質標準。所有施工/治理均根據全國衛生檢查機構滅蟲滅害的標準進行。&lt;/p&gt;\r\n\r\n&lt;p&gt;&amp;nbsp;&lt;/p&gt;\r\n\r\n&lt;p&gt;2.2&amp;nbsp;&amp;nbsp; 如需要另行租用安全設備（如高空工作升降臺或鋁合金工作平臺）進行服務的，其租用該設備及/或額外勞工保險的費用將由客戶支付。否則，我司有權對此不進行滅蟲管理服務。&lt;/p&gt;\r\n\r\n&lt;p&gt;&amp;nbsp;&lt;/p&gt;\r\n\r\n&lt;p&gt;2.3&amp;nbsp;&amp;nbsp; 本協定的服務範圍不包括視覺上不能查驗、隱蔽或無法到達的地方。&lt;/p&gt;\r\n\r\n&lt;p&gt;&amp;nbsp;&lt;/p&gt;\r\n\r\n&lt;p&gt;2.4&amp;nbsp;&amp;nbsp; 本協定提供之利益只應用於協議所載樓宇、地方或物件。若物業有增建物時，須向我司發出書面通知；否則我司有權對新增建物不提供滅蟲管理服務。&lt;/p&gt;\r\n\r\n&lt;p&gt;&amp;nbsp;&lt;/p&gt;\r\n\r\n&lt;p&gt;2.5&amp;nbsp;&amp;nbsp; 在合約期間，如客戶提前終止合約，在取得我司的同意下，客戶仍須繳付200元人民幣作為行政費用。&lt;/p&gt;\r\n\r\n&lt;p&gt;&amp;nbsp;&lt;/p&gt;\r\n\r\n&lt;p&gt;2.6&amp;nbsp;&amp;nbsp; 在合約期間，如客戶需要搬遷居所，而新的居所面積與合約約定的面積有所分別，現有合約的剩餘價值將轉載於新的合約中。如客戶要求退款的，必須根據2.5的條款方式處理。&lt;/p&gt;\r\n\r\n&lt;p&gt;&amp;nbsp;&lt;/p&gt;\r\n\r\n&lt;p&gt;2.7&amp;nbsp;&amp;nbsp; 焗霧機器可將施藥藥劑直徑控制在30微米左右，藥劑會長時間懸浮于控制區域內。建議保持現場環境的封閉，換氣系統關閉。施藥後1小時後可開窗通風。如因客戶自身原因未達到此要求的，我司不承擔任何責任。&lt;/p&gt;\r\n\r\n&lt;p&gt;&amp;nbsp;&lt;/p&gt;\r\n\r\n&lt;p&gt;2.8&amp;nbsp;&amp;nbsp; 本協定之報價是根據客戶所提供樓面面積資料計算。因此, 當實際治理面積與客戶所述面積有差別時,我司保留調整報價的權利。&lt;/p&gt;\r\n\r\n&lt;p&gt;&amp;nbsp;&lt;/p&gt;\r\n\r\n&lt;p&gt;2.9&amp;nbsp;&amp;nbsp; 若滅蟲服務于獲得客戶確認日期及時間後，因客戶不在/或不能進入樓宇內而導致我司不能進行滅蟲服務，則我司有權收取200元人民幣, 作為誤工之賠償。&lt;/p&gt;\r\n\r\n&lt;p&gt;&amp;nbsp;&lt;/p&gt;\r\n\r\n&lt;p&gt;2.10 我司會以極細心及專業的態度進行滅蟲服務。為了更好的防止任何意外發生; 在治理服務時, 客戶必須確保所有貴重及易碎物品都已妥善保管及擺放好。如確因我司人員過錯造成關於上述物件損毀的索價，其上限為一仟元人民幣或合約約定月服務費的兩倍（以較低金額作準）。&lt;/p&gt;\r\n\r\n&lt;p&gt;&amp;nbsp;&lt;/p&gt;\r\n\r\n&lt;p&gt;2.11 在服務進行期間，我們建議客戶將貴重物品存放在安全的地方。如有需要，請客戶自行觀察我司員工進行工作。&lt;/p&gt;\r\n\r\n&lt;p&gt;&amp;nbsp;&lt;/p&gt;\r\n\r\n&lt;p&gt;2.12 雖然我司使用的殺蟲劑對人類（過敏性體質人群除外）及大部分寵物是非常安全，但對水生動物及部分爬蟲類是有高度的毒性。如有任何魚缸，水族缸或魚池含有該等動物，請在治理前通知我們及/或用濕毛巾及膠布覆蓋所有開口及其過濾系統；否則由此造成的後果我司不予承擔。&lt;/p&gt;\r\n\r\n&lt;p&gt;&amp;nbsp;&lt;/p&gt;\r\n\r\n&lt;p&gt;2.13 一切由蟲害或白蟻或鼠類所引致客戶的任何損害或損失,我司一概無須負責。&lt;/p&gt;\r\n\r\n&lt;p&gt;&amp;nbsp;&lt;/p&gt;\r\n\r\n&lt;p&gt;2.14 本協議履行中發生不可抗力，導致一方無法履行約定義務的，該方應在不可抗力發生後14天內以書面形式通知另一方。如不可抗力結束後，仍存在繼續履行的可能性，應繼續履行本協議。&lt;/p&gt;\r\n\r\n&lt;p&gt;&amp;nbsp;&lt;/p&gt;\r\n\r\n&lt;p&gt;2.15 本報價只適用於蟑螂/跳虱/螞蟻/老鼠/衣魚的一次性服務。&lt;/p&gt;\r\n', '&lt;p&gt;1.&amp;nbsp;&amp;nbsp;&amp;nbsp;&amp;nbsp; 付款條款與合約章則&lt;/p&gt;\r\n\r\n&lt;p&gt;&amp;nbsp;&lt;/p&gt;\r\n\r\n&lt;p&gt;1.1&amp;nbsp; &amp;nbsp; &amp;nbsp;服務協定：於協定簽署後，本協定於所載期間內均具有約束力。&lt;/p&gt;\r\n\r\n&lt;p&gt;&amp;nbsp;&lt;/p&gt;\r\n\r\n&lt;p&gt;1.2&amp;nbsp; &amp;nbsp; &amp;nbsp;付款：&lt;/p&gt;\r\n\r\n&lt;p&gt;&amp;nbsp;&lt;/p&gt;\r\n\r\n&lt;p&gt;1.2.1&amp;nbsp; &amp;nbsp; &amp;nbsp;所有家居服務費用必須要預先支付。我司將于第一次服務時提供正規發票給客戶。付款方式如下：&lt;/p&gt;\r\n\r\n&lt;p&gt;&amp;nbsp;&lt;/p&gt;\r\n\r\n&lt;table border=&quot;0&quot; cellpadding=&quot;0&quot; cellspacing=&quot;0&quot; style=&quot;width:90%&quot;&gt;\r\n	&lt;tbody&gt;\r\n		&lt;tr&gt;\r\n			&lt;td&gt;i. 支付寶&lt;/td&gt;\r\n		&lt;/tr&gt;\r\n		&lt;tr&gt;\r\n			&lt;td&gt;&lt;img alt=&quot;&quot; src=&quot;Public/Uploads/2018-03-02/1519957776.jpg&quot; style=&quot;height:100px; width:100px&quot; /&gt;&lt;/td&gt;\r\n		&lt;/tr&gt;\r\n	&lt;/tbody&gt;\r\n&lt;/table&gt;\r\n\r\n&lt;p&gt;&amp;nbsp;&lt;/p&gt;\r\n\r\n&lt;p&gt;iii.&amp;nbsp;&amp;nbsp;&amp;nbsp; 銀行轉賬:&lt;/p&gt;\r\n\r\n&lt;p&gt;&amp;nbsp; &amp;nbsp; &amp;nbsp; &amp;nbsp; 账户名：西安史伟莎环保科技有限公司&lt;/p&gt;\r\n\r\n&lt;p&gt;&amp;nbsp; &amp;nbsp; &amp;nbsp; &amp;nbsp; 开户行：交通银行经济技术开发区支行&lt;/p&gt;\r\n\r\n&lt;p&gt;&amp;nbsp; &amp;nbsp; &amp;nbsp; &amp;nbsp; 账&amp;nbsp; &amp;nbsp;号：6118 9999 1010 0033 13615&lt;/p&gt;\r\n\r\n&lt;p&gt;&amp;nbsp;&lt;/p&gt;\r\n\r\n&lt;p&gt;2.&amp;nbsp;&amp;nbsp;&amp;nbsp;&amp;nbsp; 其他協議條件&lt;/p&gt;\r\n\r\n&lt;p&gt;&amp;nbsp;&lt;/p&gt;\r\n\r\n&lt;p&gt;2.1&amp;nbsp;&amp;nbsp; 我司滅蟲管理服務部負責於本協議內所述之有關地址的室內/室外/範圍內及合約期間內，為所述之昆蟲種類進行防滅/檢查服務。我司作業人員奉行服務第一，顧客至上的原則，以認真負責的態度，確保每次滅蟲服務達到安全、優質、有效的品質標準。所有施工/治理均根據全國衛生檢查機構滅蟲滅害的標準進行。&lt;/p&gt;\r\n\r\n&lt;p&gt;&amp;nbsp;&lt;/p&gt;\r\n\r\n&lt;p&gt;2.2&amp;nbsp;&amp;nbsp; 如需要另行租用安全設備（如高空工作升降臺或鋁合金工作平臺）進行服務的，其租用該設備及/或額外勞工保險的費用將由客戶支付。否則，我司有權對此不進行滅蟲管理服務。&lt;/p&gt;\r\n\r\n&lt;p&gt;&amp;nbsp;&lt;/p&gt;\r\n\r\n&lt;p&gt;2.3&amp;nbsp;&amp;nbsp; 本協定的服務範圍不包括視覺上不能查驗、隱蔽或無法到達的地方。&lt;/p&gt;\r\n\r\n&lt;p&gt;&amp;nbsp;&lt;/p&gt;\r\n\r\n&lt;p&gt;2.4&amp;nbsp;&amp;nbsp; 本協定提供之利益只應用於協議所載樓宇、地方或物件。若物業有增建物時，須向我司發出書面通知；否則我司有權對新增建物不提供滅蟲管理服務。&lt;/p&gt;\r\n\r\n&lt;p&gt;&amp;nbsp;&lt;/p&gt;\r\n\r\n&lt;p&gt;2.5&amp;nbsp;&amp;nbsp; 在合約期間，如客戶提前終止合約，在取得我司的同意下，客戶仍須繳付200元人民幣作為行政費用。&lt;/p&gt;\r\n\r\n&lt;p&gt;&amp;nbsp;&lt;/p&gt;\r\n\r\n&lt;p&gt;2.6&amp;nbsp;&amp;nbsp; 在合約期間，如客戶需要搬遷居所，而新的居所面積與合約約定的面積有所分別，現有合約的剩餘價值將轉載於新的合約中。如客戶要求退款的，必須根據2.5的條款方式處理。&lt;/p&gt;\r\n\r\n&lt;p&gt;&amp;nbsp;&lt;/p&gt;\r\n\r\n&lt;p&gt;2.7&amp;nbsp;&amp;nbsp; 焗霧機器可將施藥藥劑直徑控制在30微米左右，藥劑會長時間懸浮于控制區域內。建議保持現場環境的封閉，換氣系統關閉。施藥後1小時後可開窗通風。如因客戶自身原因未達到此要求的，我司不承擔任何責任。&lt;/p&gt;\r\n\r\n&lt;p&gt;&amp;nbsp;&lt;/p&gt;\r\n\r\n&lt;p&gt;2.8&amp;nbsp;&amp;nbsp; 本協定之報價是根據客戶所提供樓面面積資料計算。因此, 當實際治理面積與客戶所述面積有差別時,我司保留調整報價的權利。&lt;/p&gt;\r\n\r\n&lt;p&gt;&amp;nbsp;&lt;/p&gt;\r\n\r\n&lt;p&gt;2.9&amp;nbsp;&amp;nbsp; 若滅蟲服務于獲得客戶確認日期及時間後，因客戶不在/或不能進入樓宇內而導致我司不能進行滅蟲服務，則我司有權收取200元人民幣, 作為誤工之賠償。&lt;/p&gt;\r\n\r\n&lt;p&gt;&amp;nbsp;&lt;/p&gt;\r\n\r\n&lt;p&gt;2.10 我司會以極細心及專業的態度進行滅蟲服務。為了更好的防止任何意外發生; 在治理服務時, 客戶必須確保所有貴重及易碎物品都已妥善保管及擺放好。如確因我司人員過錯造成關於上述物件損毀的索價，其上限為一仟元人民幣或合約約定月服務費的兩倍（以較低金額作準）。&lt;/p&gt;\r\n\r\n&lt;p&gt;&amp;nbsp;&lt;/p&gt;\r\n\r\n&lt;p&gt;2.11 在服務進行期間，我們建議客戶將貴重物品存放在安全的地方。如有需要，請客戶自行觀察我司員工進行工作。&lt;/p&gt;\r\n\r\n&lt;p&gt;&amp;nbsp;&lt;/p&gt;\r\n\r\n&lt;p&gt;2.12 雖然我司使用的殺蟲劑對人類（過敏性體質人群除外）及大部分寵物是非常安全，但對水生動物及部分爬蟲類是有高度的毒性。如有任何魚缸，水族缸或魚池含有該等動物，請在治理前通知我們及/或用濕毛巾及膠布覆蓋所有開口及其過濾系統；否則由此造成的後果我司不予承擔。&lt;/p&gt;\r\n\r\n&lt;p&gt;&amp;nbsp;&lt;/p&gt;\r\n\r\n&lt;p&gt;2.13 一切由蟲害或白蟻或鼠類所引致客戶的任何損害或損失,我司一概無須負責。&lt;/p&gt;\r\n\r\n&lt;p&gt;&amp;nbsp;&lt;/p&gt;\r\n\r\n&lt;p&gt;2.14 本協議履行中發生不可抗力，導致一方無法履行約定義務的，該方應在不可抗力發生後14天內以書面形式通知另一方。如不可抗力結束後，仍存在繼續履行的可能性，應繼續履行本協議。&lt;/p&gt;\r\n\r\n&lt;p&gt;&amp;nbsp;&lt;/p&gt;\r\n\r\n&lt;p&gt;2.15 本報價只適用於蟑螂/跳虱/螞蟻/老鼠/衣魚的一次性服務。&lt;/p&gt;\r\n');

-- --------------------------------------------------------

--
-- 資料表結構 `quote_email`
--

CREATE TABLE IF NOT EXISTS `quote_email` (
  `id` int(10) unsigned NOT NULL AUTO_INCREMENT,
  `email_prefix` varchar(255) NOT NULL COMMENT '郵箱尾綴',
  `email` varchar(255) NOT NULL COMMENT '郵箱官網',
  PRIMARY KEY (`id`)
) ENGINE=InnoDB  DEFAULT CHARSET=utf8 AUTO_INCREMENT=10 ;

--
-- 資料表的匯出資料 `quote_email`
--

INSERT INTO `quote_email` (`id`, `email_prefix`, `email`) VALUES
(1, 'qq.com', 'https://mail.qq.com'),
(3, 'lbsgroup.com.cn', 'http://mail.lbsgroup.com.cn'),
(4, 'gmail.com', 'http://www.gmail.com'),
(5, 'yahoo.com.hk', 'http://mail.yahoo.com.hk'),
(6, 'yahoo.com', 'http://mail.yahoo.com'),
(7, 'lbsgroup.com.hk', 'http://mail.lbsgroup.com.hk'),
(8, 'lbsgroup.com.tw', 'http://mail.lbsgroup.com.tw'),
(9, 'hotmail.com', 'http://www.hotmail.com');

-- --------------------------------------------------------

--
-- 資料表結構 `quote_order`
--

CREATE TABLE IF NOT EXISTS `quote_order` (
  `id` int(10) unsigned NOT NULL AUTO_INCREMENT,
  `order_type` int(10) NOT NULL DEFAULT '1' COMMENT '0（特殊業務）、1（普通業務）、2（混合業務）',
  `order_code` varchar(255) DEFAULT NULL COMMENT '訂單編號',
  `order_name` varchar(20) NOT NULL COMMENT '下單用戶',
  `appellation` varchar(11) NOT NULL COMMENT '用戶稱謂',
  `email` varchar(255) NOT NULL COMMENT '下單email',
  `phone` varchar(255) NOT NULL COMMENT '手機號碼',
  `house_type` int(11) NOT NULL DEFAULT '0' COMMENT '客戶類別：0（住宅）、1（商業）、2（其它）',
  `city_id` int(11) unsigned NOT NULL COMMENT '城市id',
  `area_id` int(10) DEFAULT NULL COMMENT '區域id',
  `address` varchar(255) DEFAULT NULL COMMENT '詳細地址',
  `door_in` int(11) DEFAULT NULL COMMENT '室內面積',
  `door_out` int(11) DEFAULT NULL COMMENT '室外面積',
  `business_id` varchar(255) NOT NULL COMMENT '業務id（逗號分隔）',
  `number` varchar(30) NOT NULL DEFAULT '1' COMMENT '治理次數:one(類型1）、two（類型2）、short（類型3）、five（類型4）',
  `question` text COMMENT '其它問題',
  `remark` varchar(255) DEFAULT NULL COMMENT '拒絕原因',
  `token` varchar(40) DEFAULT NULL COMMENT '用戶操作訂單的token',
  `lcu_ip` varchar(50) DEFAULT NULL COMMENT '下單用戶的ip地址',
  `luu_id` int(11) DEFAULT NULL COMMENT '處理訂單的管理員id',
  `lcd` datetime DEFAULT NULL COMMENT '下單時間',
  `lud` timestamp NULL DEFAULT CURRENT_TIMESTAMP ON UPDATE CURRENT_TIMESTAMP COMMENT '處理時間',
  PRIMARY KEY (`id`)
) ENGINE=InnoDB  DEFAULT CHARSET=utf8 COMMENT='即時報價訂單表' AUTO_INCREMENT=58 ;

--
-- 資料表的匯出資料 `quote_order`
--

INSERT INTO `quote_order` (`id`, `order_type`, `order_code`, `order_name`, `appellation`, `email`, `phone`, `house_type`, `city_id`, `area_id`, `address`, `door_in`, `door_out`, `business_id`, `number`, `question`, `remark`, `token`, `lcu_ip`, `luu_id`, `lcd`, `lud`) VALUES
(17, 2, 'cn00017', '沈超', '0', '1357227703@qq.com', '18010039781', 0, 29, 38, NULL, 12, NULL, '', '1', NULL, NULL, '20171122110529', '14.116.36.15', NULL, '2017-11-22 11:06:24', '2017-11-22 03:06:24'),
(18, 1, 'cn00018', 'Ziv', '0', 'zivyeung@lbsgroup.com.cn', '13788972508', 0, 34, 63, NULL, 80, NULL, '', '1', NULL, NULL, '20171218115801', '101.81.70.68', NULL, '2017-12-18 11:59:44', '2017-12-18 03:59:44'),
(19, 0, 'cn00019', 'Ziv', '0', 'zivyeung@lbsgroup.com.cn', '13788972508', 0, 34, 65, NULL, 100, NULL, '', '1', NULL, NULL, '20171218170936', '101.81.70.68', NULL, '2017-12-18 17:10:21', '2017-12-18 09:10:21'),
(20, 1, 'tw00020', 'yu wing', '0', 'ernest178@yahoo.com.hk', '28106366', 0, 46, 129, NULL, 80, NULL, '', '1', NULL, NULL, '20171218183503', '61.216.144.199', NULL, '2017-12-18 18:39:35', '2017-12-18 10:39:35'),
(21, 1, 'tw00021', 'yu', '0', 'ernest178@yahoo.com.hk', '25557105', 0, 45, 128, NULL, 30, NULL, '', '1', NULL, NULL, '20171218184611', '61.216.144.199', NULL, '2017-12-18 18:46:59', '2017-12-18 10:46:59'),
(22, 1, 'tw00022', 'yu', '0', 'ernest178@yahoo.com.hk', '33194471', 0, 43, 126, NULL, 35, NULL, '', '1', NULL, NULL, '20171219142141', '61.216.144.199', NULL, '2017-12-19 14:22:39', '2017-12-19 06:22:39'),
(23, 2, 'hk00023', 'Eric Lau', '0', 'eric@biocycle.hk', '63382173', 0, 22, 14, NULL, 501, NULL, '', '1', NULL, NULL, '20171219143903', '103.225.22.254', NULL, '2017-12-19 14:39:43', '2017-12-19 06:39:43'),
(24, 2, 'hk00024', 'Eric Lau', '0', 'eric@biocycle.hk', '63382173', 0, 23, 18, NULL, 1006, NULL, '', '1', NULL, NULL, '20171219151511', '103.225.22.254', NULL, '2017-12-19 15:24:58', '2017-12-19 07:24:58'),
(25, 2, 'cnE00000026', 'Eric Lau', '0', 'ericlcl@yahoo.com', '63382173', 0, 27, 0, NULL, 500, NULL, '', '1', NULL, NULL, '20180102155847B', '103.225.22.254', NULL, '2018-01-02 16:29:07', '2018-01-02 08:29:07'),
(26, 2, 'hkA00000027', 'Eric Lau', '0', 'ericlcl@yahoo.com', '63382173', 0, 22, 13, '123456', 350, NULL, '', '1', NULL, NULL, '20180108105227J', '103.225.22.254', 4, '2018-01-08 10:52:58', '2018-01-08 03:31:45'),
(27, 2, 'hkA00000028', 'Eric Lau', '0', 'ericlcl@yahoo.com', '63382173', 0, 24, 7, NULL, 501, NULL, '', '1', NULL, NULL, '20180108163159H', '103.225.22.254', NULL, '2018-01-08 16:32:22', '2018-01-08 08:32:22'),
(28, 2, 'MOA00000029', 'Eric Lau', '0', 'ericlcl6@gmail.com', '63382173', 0, 25, 25, NULL, 2012, NULL, '', '1', NULL, NULL, '20180108170416E', '103.225.22.254', NULL, '2018-01-08 17:04:45', '2018-01-08 09:04:45'),
(29, 2, 'CNA00000030', '測試7', '0', '1357227703@qq.com', '18010039781', 0, 29, 0, NULL, 555, NULL, '', '1', NULL, NULL, '20180109160016D', '14.116.37.53', NULL, '2018-01-09 16:00:58', '2018-01-09 08:00:58'),
(30, 2, 'HKA00000031', 'Eric Lau', '0', 'ericlcl@yahoo.com', '63382173', 0, 22, 12, '香港九龍新蒲崗爵祿街33A-37A號百勝工廠大廈1樓A及B室', 2005, NULL, '', '1', NULL, NULL, '20180110120124R', '103.225.22.254', NULL, '2018-01-10 12:02:02', '2018-01-10 04:09:50'),
(31, 1, 'HKA00000032', 'kkkkk', '2', 'kennyho@lbsgroup.com.hk', '22222222222', 0, 22, 15, NULL, 801, NULL, '', '1', NULL, NULL, '20180111112624F', '218.103.39.9', NULL, '2018-01-11 12:48:00', '2018-01-11 04:48:00'),
(32, 2, 'HKA00000033', 'Eric', '0', 'ericlcl@yahoo.com', '12345678', 0, 24, 8, NULL, 609, NULL, '', '1', NULL, NULL, '20180111151752V', '103.225.22.254', NULL, '2018-01-11 15:18:37', '2018-01-11 07:18:37'),
(33, 2, 'CNA00000034', 'kkkkk2', '0', 'kennyho@lbsgroup.com.hk', '11111111111', 0, 30, 42, NULL, 500, NULL, '', '1', NULL, NULL, '20180111154838Q', '218.103.39.9', NULL, '2018-01-11 15:50:20', '2018-01-11 07:50:20'),
(34, 0, 'TWA00000035', 'kkkkk3', '1', 'kennyho@lbsgroup.com.hk', '2165489465', 0, 46, 129, NULL, 1000, NULL, '', '1', NULL, NULL, '20180111163405H', '218.103.39.9', NULL, '2018-01-11 16:34:41', '2018-01-11 08:34:41'),
(35, 2, 'HKA00000036', 'Eric Lau', '0', 'ericlau@lbsgroup.com.hk', '63382173', 0, 22, 12, NULL, 1000, NULL, '', '1', NULL, NULL, '20180302154540H', '103.225.22.254', NULL, '2018-03-02 15:46:16', '2018-03-02 07:46:16'),
(36, 2, 'HKA00000037', '測試5555', '0', '1357227703@qq.com', '18010039781', 0, 24, 10, NULL, 11, NULL, '', '1', NULL, NULL, '20180302160733A', '14.116.36.115', NULL, '2018-03-02 16:08:46', '2018-03-02 08:08:46'),
(37, 2, 'HKA00000038', 'Eric Lau', '0', 'ericlau@lbsgroup.com.hk', '63382173', 0, 22, 11, NULL, 500, NULL, '', '1', NULL, NULL, '20180302162435P', '103.225.22.254', NULL, '2018-03-02 16:24:59', '2018-03-02 08:24:59'),
(38, 2, 'HKA00000039', 'Eric Lau', '0', 'ericlcl@yahoo.com', '63382173', 0, 24, 7, NULL, 350, NULL, '', '1', NULL, NULL, '20180302165944C', '103.225.22.254', NULL, '2018-03-02 17:00:27', '2018-03-02 09:00:27'),
(39, 2, 'HKA00000040', 'Kenny', '0', 'kennyho@lbsgroup.com.hk', '12345678', 0, 22, 14, NULL, 1200, NULL, '', '1', NULL, NULL, '20180302221257W', '119.246.224.20', NULL, '2018-03-02 22:14:03', '2018-03-02 14:14:03'),
(40, 0, 'HKA00000041', 'Eric Lau', '0', 'ericlcl@yahoo.com', '63382173', 0, 22, 12, NULL, 100, NULL, '', '1', NULL, NULL, '20180303091533C', '103.225.22.254', NULL, '2018-03-03 09:16:01', '2018-03-03 01:16:01'),
(41, 0, 'HKA00000042', 'Eric Lau', '0', 'ericlcl@yahoo.com', '63382173', 0, 22, 11, NULL, 102, NULL, '', '1', NULL, NULL, '20180303091735U', '103.225.22.254', NULL, '2018-03-03 09:17:52', '2018-03-03 01:17:52'),
(42, 0, 'HKA00000043', 'Eric Lau', '0', 'ericlcl@yahoo.com', '63382173', 0, 23, 23, NULL, 50, NULL, '', '1', NULL, NULL, '20180303092003Q', '103.225.22.254', NULL, '2018-03-03 09:20:21', '2018-03-03 01:20:21'),
(43, 0, 'HKA00000044', 'Eric Lau', '0', 'ericlcl@yahoo.com', '33333333', 0, 24, 9, NULL, 90, NULL, '', '1', NULL, NULL, '20180303092120O', '103.225.22.254', NULL, '2018-03-03 09:21:58', '2018-03-03 01:21:58'),
(44, 0, 'HKA00000045', 'Eric Lau', '0', 'ericlcl@yahoo.com', '33333333', 0, 24, 10, NULL, 235, NULL, '', '1', NULL, NULL, '20180303092246R', '103.225.22.254', NULL, '2018-03-03 09:23:02', '2018-03-03 01:23:02'),
(45, 0, 'HKA00000046', 'Eric Lau', '0', 'ericlcl@yahoo.com', '12345678', 0, 22, 11, NULL, 1, NULL, '', '1', NULL, NULL, '20180303093752B', '103.225.22.254', NULL, '2018-03-03 10:01:14', '2018-03-03 02:01:14'),
(46, 1, 'HKA00000047', 'kktest06031510e', '1', 'kennyho@lbsgroup.com.hk', '77895412222', 0, 22, 15, NULL, 358, NULL, '', '1', NULL, NULL, '20180306142926A', '218.103.39.9', NULL, '2018-03-06 15:12:04', '2018-03-06 07:12:04'),
(47, 2, 'HKA00000048', 'Eric Lau', '0', 'ericlcl@yahoo.com', '63382173', 0, 22, 15, NULL, 308, NULL, '', '1', NULL, NULL, '20180309142908L', '103.225.22.254', NULL, '2018-03-09 14:29:43', '2018-03-09 06:29:43'),
(48, 1, 'HKA00000049', 'Eric Lau', '0', 'ericlcl@yahoo.com', '63382173', 0, 23, 19, NULL, 502, NULL, '', '1', NULL, NULL, '20180309143046X', '103.225.22.254', NULL, '2018-03-09 14:31:06', '2018-03-09 06:31:06'),
(49, 2, 'HKA00000050', 'Eric Lau', '0', 'ericlcl@yahoo.com', '63382173', 0, 23, 16, NULL, 123, NULL, '', '1', NULL, NULL, '20180313150833W', '103.225.22.254', NULL, '2018-03-13 15:09:02', '2018-03-13 07:09:02'),
(50, 2, 'HKA00000051', 'Eric Lau', '0', 'ericlcl@yahoo.com', '63382173', 0, 24, 9, NULL, 888, NULL, '', '1', NULL, NULL, '20180313155717B', '203.135.148.31', NULL, '2018-03-13 15:57:39', '2018-03-13 07:57:39'),
(51, 2, 'HKA00000052', 'Eric Lau', '0', 'ericlcl@yahoo.com', '63382173', 0, 24, 10, NULL, 888, NULL, '', '1', NULL, NULL, '20180313160732E', '203.135.148.31', NULL, '2018-03-13 16:07:56', '2018-03-13 08:07:56'),
(52, 2, 'HKA00000053', 'Eric Lau', '0', 'ericlcl@yahoo.com', '63382173', 0, 24, 8, NULL, 888, NULL, '', '1', NULL, NULL, '20180313160949U', '203.135.148.31', NULL, '2018-03-13 16:10:08', '2018-03-13 08:10:08'),
(53, 2, 'HKA00000054', 'Eric Lau', '0', 'ericlcl@yahoo.com', '63382173', 0, 24, 9, NULL, 888, NULL, '', '1', NULL, NULL, '20180313161043V', '203.135.148.31', NULL, '2018-03-13 16:11:10', '2018-03-13 08:11:10'),
(54, 2, 'HKA00000055', 'Eric Lau', '0', 'ericlcl@yahoo.com', '63382173', 0, 24, 7, NULL, 888, NULL, '', '1', NULL, NULL, '20180313163238T', '103.225.22.254', NULL, '2018-03-13 16:33:08', '2018-03-13 08:33:08'),
(55, 2, 'HKA00000056', 'Eric Lau', '0', 'ericlcl@yahoo.com', '63382173', 0, 22, 15, NULL, 777, NULL, '', '1', NULL, NULL, '20180313163412Z', '103.225.22.254', NULL, '2018-03-13 16:34:34', '2018-03-13 08:34:34'),
(56, 2, 'HKA00000057', 'Eric Lau', '0', 'ericlcl@yahoo.com', '63382173', 0, 23, 23, NULL, 50, NULL, '', '1', NULL, NULL, '20180313165559E', '103.225.22.254', NULL, '2018-03-13 16:56:28', '2018-03-13 08:56:28'),
(57, 2, 'HKA00000058', 'Eric Lau', '0', 'ericlcl6@gmail.com', '63382173', 0, 23, 19, NULL, 999, NULL, '', '1', NULL, NULL, '20180313163857F', '203.135.148.31', NULL, '2018-03-13 16:57:12', '2018-03-13 08:57:12');

-- --------------------------------------------------------

--
-- 資料表結構 `quote_order_bus`
--

CREATE TABLE IF NOT EXISTS `quote_order_bus` (
  `id` int(10) unsigned NOT NULL AUTO_INCREMENT,
  `order_id` int(11) NOT NULL,
  `bus_id` int(11) NOT NULL,
  `bus_type` int(11) DEFAULT '1' COMMENT '害蟲的類型',
  `lcu` varchar(255) DEFAULT NULL,
  `luu` varchar(255) DEFAULT NULL,
  `lcd` datetime DEFAULT NULL,
  `lud` timestamp NULL DEFAULT CURRENT_TIMESTAMP ON UPDATE CURRENT_TIMESTAMP,
  PRIMARY KEY (`id`)
) ENGINE=InnoDB  DEFAULT CHARSET=utf8 COMMENT='訂單含有的害蟲表' AUTO_INCREMENT=296 ;

--
-- 資料表的匯出資料 `quote_order_bus`
--

INSERT INTO `quote_order_bus` (`id`, `order_id`, `bus_id`, `bus_type`, `lcu`, `luu`, `lcd`, `lud`) VALUES
(89, 17, 68, 1, '客戶', NULL, '2017-11-22 11:06:24', '2017-11-22 03:06:24'),
(90, 17, 69, 1, '客戶', NULL, '2017-11-22 11:06:24', '2017-11-22 03:06:24'),
(91, 17, 70, 1, '客戶', NULL, '2017-11-22 11:06:24', '2017-11-22 03:06:24'),
(92, 17, 71, 1, '客戶', NULL, '2017-11-22 11:06:24', '2017-11-22 03:06:24'),
(93, 17, 72, 1, '客戶', NULL, '2017-11-22 11:06:24', '2017-11-22 03:06:24'),
(94, 17, 73, 0, '客戶', NULL, '2017-11-22 11:06:24', '2017-11-22 03:06:24'),
(95, 17, 74, 0, '客戶', NULL, '2017-11-22 11:06:24', '2017-11-22 03:06:24'),
(96, 17, 75, 0, '客戶', NULL, '2017-11-22 11:06:24', '2017-11-22 03:06:24'),
(97, 18, 108, 1, '客戶', NULL, '2017-12-18 11:59:44', '2017-12-18 03:59:44'),
(98, 19, 114, 0, '客戶', NULL, '2017-12-18 17:10:21', '2017-12-18 09:10:21'),
(99, 20, 204, 1, '客戶', NULL, '2017-12-18 18:39:35', '2017-12-18 10:39:35'),
(100, 21, 196, 1, 'kennyho', NULL, '2017-12-18 18:46:59', '2017-12-18 10:46:59'),
(101, 21, 199, 1, 'kennyho', NULL, '2017-12-18 18:46:59', '2017-12-18 10:46:59'),
(102, 22, 180, 1, '客戶', NULL, '2017-12-19 14:22:39', '2017-12-19 06:22:39'),
(103, 22, 181, 1, '客戶', NULL, '2017-12-19 14:22:39', '2017-12-19 06:22:39'),
(104, 23, 12, 1, 'ericlau', NULL, '2017-12-19 14:39:43', '2017-12-19 06:39:43'),
(105, 23, 13, 1, 'ericlau', NULL, '2017-12-19 14:39:43', '2017-12-19 06:39:43'),
(106, 23, 17, 0, 'ericlau', NULL, '2017-12-19 14:39:43', '2017-12-19 06:39:43'),
(107, 23, 18, 0, 'ericlau', NULL, '2017-12-19 14:39:43', '2017-12-19 06:39:43'),
(108, 24, 20, 1, '客戶', NULL, '2017-12-19 15:24:58', '2017-12-19 07:24:58'),
(109, 24, 21, 1, '客戶', NULL, '2017-12-19 15:24:58', '2017-12-19 07:24:58'),
(110, 24, 22, 1, '客戶', NULL, '2017-12-19 15:24:58', '2017-12-19 07:24:58'),
(111, 24, 23, 1, '客戶', NULL, '2017-12-19 15:24:58', '2017-12-19 07:24:58'),
(112, 24, 25, 0, '客戶', NULL, '2017-12-19 15:24:58', '2017-12-19 07:24:58'),
(113, 24, 26, 0, '客戶', NULL, '2017-12-19 15:24:58', '2017-12-19 07:24:58'),
(114, 24, 27, 0, '客戶', NULL, '2017-12-19 15:24:58', '2017-12-19 07:24:58'),
(115, 25, 52, 1, '客戶', NULL, '2018-01-02 16:29:07', '2018-01-02 08:29:07'),
(116, 25, 53, 1, '客戶', NULL, '2018-01-02 16:29:07', '2018-01-02 08:29:07'),
(117, 25, 54, 1, '客戶', NULL, '2018-01-02 16:29:07', '2018-01-02 08:29:07'),
(118, 25, 55, 1, '客戶', NULL, '2018-01-02 16:29:07', '2018-01-02 08:29:07'),
(119, 25, 56, 1, '客戶', NULL, '2018-01-02 16:29:07', '2018-01-02 08:29:07'),
(120, 25, 57, 0, '客戶', NULL, '2018-01-02 16:29:07', '2018-01-02 08:29:07'),
(121, 25, 58, 0, '客戶', NULL, '2018-01-02 16:29:07', '2018-01-02 08:29:07'),
(122, 25, 59, 0, '客戶', NULL, '2018-01-02 16:29:07', '2018-01-02 08:29:07'),
(128, 26, 17, 0, '客戶', NULL, '2018-01-08 10:52:58', '2018-01-08 02:52:58'),
(129, 26, 18, 0, '客戶', NULL, '2018-01-08 10:52:58', '2018-01-08 02:52:58'),
(130, 26, 19, 0, '客戶', NULL, '2018-01-08 10:52:58', '2018-01-08 02:52:58'),
(141, 26, 12, 1, 'ericlau', NULL, '2018-01-08 12:01:03', '2018-01-08 04:01:03'),
(142, 26, 13, 1, 'ericlau', NULL, '2018-01-08 12:01:03', '2018-01-08 04:01:03'),
(143, 26, 14, 1, 'ericlau', NULL, '2018-01-08 12:01:03', '2018-01-08 04:01:03'),
(144, 26, 15, 1, 'ericlau', NULL, '2018-01-08 12:01:03', '2018-01-08 04:01:03'),
(145, 26, 16, 1, 'ericlau', NULL, '2018-01-08 12:01:03', '2018-01-08 04:01:03'),
(146, 27, 28, 1, 'ericlau', NULL, '2018-01-08 16:32:22', '2018-01-08 08:32:22'),
(147, 27, 29, 1, 'ericlau', NULL, '2018-01-08 16:32:22', '2018-01-08 08:32:22'),
(148, 27, 30, 1, 'ericlau', NULL, '2018-01-08 16:32:22', '2018-01-08 08:32:22'),
(149, 27, 31, 1, 'ericlau', NULL, '2018-01-08 16:32:22', '2018-01-08 08:32:22'),
(150, 27, 32, 1, 'ericlau', NULL, '2018-01-08 16:32:22', '2018-01-08 08:32:22'),
(151, 27, 33, 0, 'ericlau', NULL, '2018-01-08 16:32:22', '2018-01-08 08:32:22'),
(152, 27, 34, 0, 'ericlau', NULL, '2018-01-08 16:32:22', '2018-01-08 08:32:22'),
(153, 28, 36, 1, 'ericlau', NULL, '2018-01-08 17:04:45', '2018-01-08 09:04:45'),
(154, 28, 37, 1, 'ericlau', NULL, '2018-01-08 17:04:45', '2018-01-08 09:04:45'),
(155, 28, 41, 0, 'ericlau', NULL, '2018-01-08 17:04:45', '2018-01-08 09:04:45'),
(156, 28, 42, 0, 'ericlau', NULL, '2018-01-08 17:04:45', '2018-01-08 09:04:45'),
(157, 29, 68, 1, 'admin', NULL, '2018-01-09 16:00:58', '2018-01-09 08:00:58'),
(158, 29, 69, 1, 'admin', NULL, '2018-01-09 16:00:58', '2018-01-09 08:00:58'),
(159, 29, 70, 1, 'admin', NULL, '2018-01-09 16:00:58', '2018-01-09 08:00:58'),
(160, 29, 71, 1, 'admin', NULL, '2018-01-09 16:00:58', '2018-01-09 08:00:58'),
(161, 29, 72, 1, 'admin', NULL, '2018-01-09 16:00:58', '2018-01-09 08:00:58'),
(162, 29, 73, 0, 'admin', NULL, '2018-01-09 16:00:58', '2018-01-09 08:00:58'),
(163, 29, 74, 0, 'admin', NULL, '2018-01-09 16:00:59', '2018-01-09 08:00:59'),
(164, 29, 75, 0, 'admin', NULL, '2018-01-09 16:00:59', '2018-01-09 08:00:59'),
(165, 30, 12, 1, '客戶', NULL, '2018-01-10 12:02:02', '2018-01-10 04:02:02'),
(166, 30, 14, 1, '客戶', NULL, '2018-01-10 12:02:02', '2018-01-10 04:02:02'),
(167, 30, 17, 0, '客戶', NULL, '2018-01-10 12:02:02', '2018-01-10 04:02:02'),
(168, 30, 18, 0, '客戶', NULL, '2018-01-10 12:02:02', '2018-01-10 04:02:02'),
(169, 31, 12, 1, '客戶', NULL, '2018-01-11 12:48:00', '2018-01-11 04:48:00'),
(170, 31, 15, 1, '客戶', NULL, '2018-01-11 12:48:00', '2018-01-11 04:48:00'),
(171, 32, 28, 1, 'ericlau', NULL, '2018-01-11 15:18:37', '2018-01-11 07:18:37'),
(172, 32, 29, 1, 'ericlau', NULL, '2018-01-11 15:18:37', '2018-01-11 07:18:37'),
(173, 32, 31, 1, 'ericlau', NULL, '2018-01-11 15:18:37', '2018-01-11 07:18:37'),
(174, 32, 32, 1, 'ericlau', NULL, '2018-01-11 15:18:37', '2018-01-11 07:18:37'),
(175, 32, 33, 0, 'ericlau', NULL, '2018-01-11 15:18:37', '2018-01-11 07:18:37'),
(176, 32, 34, 0, 'ericlau', NULL, '2018-01-11 15:18:37', '2018-01-11 07:18:37'),
(177, 33, 78, 1, 'kennyho', NULL, '2018-01-11 15:50:20', '2018-01-11 07:50:20'),
(178, 33, 81, 0, 'kennyho', NULL, '2018-01-11 15:50:20', '2018-01-11 07:50:20'),
(179, 34, 209, 0, 'kennyho', NULL, '2018-01-11 16:34:41', '2018-01-11 08:34:41'),
(180, 34, 211, 0, 'kennyho', NULL, '2018-01-11 16:34:41', '2018-01-11 08:34:41'),
(181, 35, 12, 1, 'ericlau', NULL, '2018-03-02 15:46:16', '2018-03-02 07:46:16'),
(182, 35, 13, 1, 'ericlau', NULL, '2018-03-02 15:46:16', '2018-03-02 07:46:16'),
(183, 35, 14, 1, 'ericlau', NULL, '2018-03-02 15:46:16', '2018-03-02 07:46:16'),
(184, 35, 15, 1, 'ericlau', NULL, '2018-03-02 15:46:16', '2018-03-02 07:46:16'),
(185, 35, 16, 1, 'ericlau', NULL, '2018-03-02 15:46:16', '2018-03-02 07:46:16'),
(186, 35, 17, 0, 'ericlau', NULL, '2018-03-02 15:46:16', '2018-03-02 07:46:16'),
(187, 35, 18, 0, 'ericlau', NULL, '2018-03-02 15:46:17', '2018-03-02 07:46:17'),
(188, 35, 19, 0, 'ericlau', NULL, '2018-03-02 15:46:17', '2018-03-02 07:46:17'),
(189, 36, 28, 1, 'shenchao', NULL, '2018-03-02 16:08:46', '2018-03-02 08:08:46'),
(190, 36, 30, 1, 'shenchao', NULL, '2018-03-02 16:08:46', '2018-03-02 08:08:46'),
(191, 36, 32, 1, 'shenchao', NULL, '2018-03-02 16:08:46', '2018-03-02 08:08:46'),
(192, 36, 33, 0, 'shenchao', NULL, '2018-03-02 16:08:46', '2018-03-02 08:08:46'),
(193, 36, 34, 0, 'shenchao', NULL, '2018-03-02 16:08:46', '2018-03-02 08:08:46'),
(195, 37, 12, 1, 'ericlau', NULL, '2018-03-02 16:24:59', '2018-03-02 08:24:59'),
(196, 37, 14, 1, 'ericlau', NULL, '2018-03-02 16:24:59', '2018-03-02 08:24:59'),
(197, 37, 17, 0, 'ericlau', NULL, '2018-03-02 16:24:59', '2018-03-02 08:24:59'),
(198, 37, 19, 0, 'ericlau', NULL, '2018-03-02 16:24:59', '2018-03-02 08:24:59'),
(199, 38, 28, 1, 'ericlau', NULL, '2018-03-02 17:00:27', '2018-03-02 09:00:27'),
(200, 38, 30, 1, 'ericlau', NULL, '2018-03-02 17:00:27', '2018-03-02 09:00:27'),
(201, 38, 33, 0, 'ericlau', NULL, '2018-03-02 17:00:27', '2018-03-02 09:00:27'),
(202, 38, 35, 0, 'ericlau', NULL, '2018-03-02 17:00:27', '2018-03-02 09:00:27'),
(204, 39, 13, 1, '客戶', NULL, '2018-03-02 22:14:03', '2018-03-02 14:14:03'),
(205, 39, 14, 1, '客戶', NULL, '2018-03-02 22:14:03', '2018-03-02 14:14:03'),
(206, 39, 15, 1, '客戶', NULL, '2018-03-02 22:14:03', '2018-03-02 14:14:03'),
(207, 39, 16, 1, '客戶', NULL, '2018-03-02 22:14:03', '2018-03-02 14:14:03'),
(208, 39, 17, 0, '客戶', NULL, '2018-03-02 22:14:03', '2018-03-02 14:14:03'),
(209, 39, 18, 0, '客戶', NULL, '2018-03-02 22:14:03', '2018-03-02 14:14:03'),
(210, 39, 19, 0, '客戶', NULL, '2018-03-02 22:14:03', '2018-03-02 14:14:03'),
(211, 40, 17, 0, '客戶', NULL, '2018-03-03 09:16:01', '2018-03-03 01:16:01'),
(212, 41, 18, 0, '客戶', NULL, '2018-03-03 09:17:52', '2018-03-03 01:17:52'),
(213, 42, 25, 0, '客戶', NULL, '2018-03-03 09:20:21', '2018-03-03 01:20:21'),
(214, 43, 33, 0, '客戶', NULL, '2018-03-03 09:21:58', '2018-03-03 01:21:58'),
(215, 44, 33, 0, '客戶', NULL, '2018-03-03 09:23:02', '2018-03-03 01:23:02'),
(216, 45, 17, 0, 'ericlau', NULL, '2018-03-03 10:01:14', '2018-03-03 02:01:14'),
(217, 46, 12, 1, '客戶', NULL, '2018-03-06 15:12:04', '2018-03-06 07:12:04'),
(218, 46, 13, 1, '客戶', NULL, '2018-03-06 15:12:04', '2018-03-06 07:12:04'),
(219, 46, 14, 1, '客戶', NULL, '2018-03-06 15:12:04', '2018-03-06 07:12:04'),
(220, 47, 12, 1, '客戶', NULL, '2018-03-09 14:29:43', '2018-03-09 06:29:43'),
(221, 47, 15, 1, '客戶', NULL, '2018-03-09 14:29:43', '2018-03-09 06:29:43'),
(222, 47, 17, 0, '客戶', NULL, '2018-03-09 14:29:43', '2018-03-09 06:29:43'),
(223, 47, 18, 0, '客戶', NULL, '2018-03-09 14:29:43', '2018-03-09 06:29:43'),
(224, 48, 20, 1, '客戶', NULL, '2018-03-09 14:31:06', '2018-03-09 06:31:06'),
(225, 49, 20, 1, '客戶', NULL, '2018-03-13 15:09:02', '2018-03-13 07:09:02'),
(226, 49, 21, 1, '客戶', NULL, '2018-03-13 15:09:02', '2018-03-13 07:09:02'),
(227, 49, 22, 1, '客戶', NULL, '2018-03-13 15:09:02', '2018-03-13 07:09:02'),
(228, 49, 23, 1, '客戶', NULL, '2018-03-13 15:09:02', '2018-03-13 07:09:02'),
(229, 49, 24, 1, '客戶', NULL, '2018-03-13 15:09:02', '2018-03-13 07:09:02'),
(230, 49, 25, 0, '客戶', NULL, '2018-03-13 15:09:02', '2018-03-13 07:09:02'),
(231, 49, 26, 0, '客戶', NULL, '2018-03-13 15:09:02', '2018-03-13 07:09:02'),
(232, 49, 27, 0, '客戶', NULL, '2018-03-13 15:09:02', '2018-03-13 07:09:02'),
(233, 50, 28, 1, '客戶', NULL, '2018-03-13 15:57:39', '2018-03-13 07:57:39'),
(234, 50, 29, 1, '客戶', NULL, '2018-03-13 15:57:39', '2018-03-13 07:57:39'),
(235, 50, 30, 1, '客戶', NULL, '2018-03-13 15:57:39', '2018-03-13 07:57:39'),
(236, 50, 31, 1, '客戶', NULL, '2018-03-13 15:57:39', '2018-03-13 07:57:39'),
(237, 50, 32, 1, '客戶', NULL, '2018-03-13 15:57:39', '2018-03-13 07:57:39'),
(238, 50, 33, 0, '客戶', NULL, '2018-03-13 15:57:39', '2018-03-13 07:57:39'),
(239, 50, 34, 0, '客戶', NULL, '2018-03-13 15:57:39', '2018-03-13 07:57:39'),
(240, 50, 35, 0, '客戶', NULL, '2018-03-13 15:57:39', '2018-03-13 07:57:39'),
(241, 51, 28, 1, '客戶', NULL, '2018-03-13 16:07:56', '2018-03-13 08:07:56'),
(242, 51, 29, 1, '客戶', NULL, '2018-03-13 16:07:56', '2018-03-13 08:07:56'),
(243, 51, 30, 1, '客戶', NULL, '2018-03-13 16:07:56', '2018-03-13 08:07:56'),
(244, 51, 31, 1, '客戶', NULL, '2018-03-13 16:07:56', '2018-03-13 08:07:56'),
(245, 51, 32, 1, '客戶', NULL, '2018-03-13 16:07:56', '2018-03-13 08:07:56'),
(246, 51, 33, 0, '客戶', NULL, '2018-03-13 16:07:56', '2018-03-13 08:07:56'),
(247, 51, 34, 0, '客戶', NULL, '2018-03-13 16:07:56', '2018-03-13 08:07:56'),
(248, 52, 28, 1, '客戶', NULL, '2018-03-13 16:10:08', '2018-03-13 08:10:08'),
(249, 52, 29, 1, '客戶', NULL, '2018-03-13 16:10:08', '2018-03-13 08:10:08'),
(250, 52, 30, 1, '客戶', NULL, '2018-03-13 16:10:08', '2018-03-13 08:10:08'),
(251, 52, 31, 1, '客戶', NULL, '2018-03-13 16:10:08', '2018-03-13 08:10:08'),
(252, 52, 32, 1, '客戶', NULL, '2018-03-13 16:10:08', '2018-03-13 08:10:08'),
(253, 52, 33, 0, '客戶', NULL, '2018-03-13 16:10:08', '2018-03-13 08:10:08'),
(254, 52, 34, 0, '客戶', NULL, '2018-03-13 16:10:08', '2018-03-13 08:10:08'),
(255, 52, 35, 0, '客戶', NULL, '2018-03-13 16:10:08', '2018-03-13 08:10:08'),
(256, 53, 28, 1, '客戶', NULL, '2018-03-13 16:11:10', '2018-03-13 08:11:10'),
(257, 53, 29, 1, '客戶', NULL, '2018-03-13 16:11:10', '2018-03-13 08:11:10'),
(258, 53, 30, 1, '客戶', NULL, '2018-03-13 16:11:10', '2018-03-13 08:11:10'),
(259, 53, 31, 1, '客戶', NULL, '2018-03-13 16:11:10', '2018-03-13 08:11:10'),
(260, 53, 32, 1, '客戶', NULL, '2018-03-13 16:11:10', '2018-03-13 08:11:10'),
(261, 53, 33, 0, '客戶', NULL, '2018-03-13 16:11:10', '2018-03-13 08:11:10'),
(262, 53, 34, 0, '客戶', NULL, '2018-03-13 16:11:10', '2018-03-13 08:11:10'),
(263, 53, 35, 0, '客戶', NULL, '2018-03-13 16:11:10', '2018-03-13 08:11:10'),
(264, 54, 28, 1, '客戶', NULL, '2018-03-13 16:33:08', '2018-03-13 08:33:08'),
(265, 54, 29, 1, '客戶', NULL, '2018-03-13 16:33:08', '2018-03-13 08:33:08'),
(266, 54, 30, 1, '客戶', NULL, '2018-03-13 16:33:08', '2018-03-13 08:33:08'),
(267, 54, 31, 1, '客戶', NULL, '2018-03-13 16:33:08', '2018-03-13 08:33:08'),
(268, 54, 32, 1, '客戶', NULL, '2018-03-13 16:33:08', '2018-03-13 08:33:08'),
(269, 54, 33, 0, '客戶', NULL, '2018-03-13 16:33:08', '2018-03-13 08:33:08'),
(270, 54, 34, 0, '客戶', NULL, '2018-03-13 16:33:08', '2018-03-13 08:33:08'),
(271, 54, 35, 0, '客戶', NULL, '2018-03-13 16:33:08', '2018-03-13 08:33:08'),
(272, 55, 12, 1, '客戶', NULL, '2018-03-13 16:34:34', '2018-03-13 08:34:34'),
(273, 55, 13, 1, '客戶', NULL, '2018-03-13 16:34:34', '2018-03-13 08:34:34'),
(274, 55, 14, 1, '客戶', NULL, '2018-03-13 16:34:34', '2018-03-13 08:34:34'),
(275, 55, 15, 1, '客戶', NULL, '2018-03-13 16:34:34', '2018-03-13 08:34:34'),
(276, 55, 16, 1, '客戶', NULL, '2018-03-13 16:34:34', '2018-03-13 08:34:34'),
(277, 55, 17, 0, '客戶', NULL, '2018-03-13 16:34:34', '2018-03-13 08:34:34'),
(278, 55, 18, 0, '客戶', NULL, '2018-03-13 16:34:34', '2018-03-13 08:34:34'),
(279, 55, 19, 0, '客戶', NULL, '2018-03-13 16:34:34', '2018-03-13 08:34:34'),
(280, 56, 20, 1, '客戶', NULL, '2018-03-13 16:56:28', '2018-03-13 08:56:28'),
(281, 56, 21, 1, '客戶', NULL, '2018-03-13 16:56:28', '2018-03-13 08:56:28'),
(282, 56, 22, 1, '客戶', NULL, '2018-03-13 16:56:28', '2018-03-13 08:56:28'),
(283, 56, 23, 1, '客戶', NULL, '2018-03-13 16:56:28', '2018-03-13 08:56:28'),
(284, 56, 24, 1, '客戶', NULL, '2018-03-13 16:56:28', '2018-03-13 08:56:28'),
(285, 56, 25, 0, '客戶', NULL, '2018-03-13 16:56:28', '2018-03-13 08:56:28'),
(286, 56, 26, 0, '客戶', NULL, '2018-03-13 16:56:28', '2018-03-13 08:56:28'),
(287, 56, 27, 0, '客戶', NULL, '2018-03-13 16:56:28', '2018-03-13 08:56:28'),
(288, 57, 20, 1, '客戶', NULL, '2018-03-13 16:57:13', '2018-03-13 08:57:13'),
(289, 57, 21, 1, '客戶', NULL, '2018-03-13 16:57:13', '2018-03-13 08:57:13'),
(290, 57, 22, 1, '客戶', NULL, '2018-03-13 16:57:13', '2018-03-13 08:57:13'),
(291, 57, 23, 1, '客戶', NULL, '2018-03-13 16:57:13', '2018-03-13 08:57:13'),
(292, 57, 24, 1, '客戶', NULL, '2018-03-13 16:57:13', '2018-03-13 08:57:13'),
(293, 57, 25, 0, '客戶', NULL, '2018-03-13 16:57:13', '2018-03-13 08:57:13'),
(294, 57, 26, 0, '客戶', NULL, '2018-03-13 16:57:13', '2018-03-13 08:57:13'),
(295, 57, 27, 0, '客戶', NULL, '2018-03-13 16:57:13', '2018-03-13 08:57:13');

-- --------------------------------------------------------

--
-- 資料表結構 `quote_order_his`
--

CREATE TABLE IF NOT EXISTS `quote_order_his` (
  `id` int(10) unsigned NOT NULL AUTO_INCREMENT,
  `sta_id` int(11) NOT NULL COMMENT '訂單狀態的id',
  `status` varchar(255) DEFAULT NULL COMMENT '訂單歷史狀態',
  `lcu` varchar(255) DEFAULT NULL,
  `lcd` datetime DEFAULT NULL,
  `lud` timestamp NULL DEFAULT CURRENT_TIMESTAMP ON UPDATE CURRENT_TIMESTAMP,
  PRIMARY KEY (`id`)
) ENGINE=InnoDB  DEFAULT CHARSET=utf8 COMMENT='訂單記錄表' AUTO_INCREMENT=143 ;

--
-- 資料表的匯出資料 `quote_order_his`
--

INSERT INTO `quote_order_his` (`id`, `sta_id`, `status`, `lcu`, `lcd`, `lud`) VALUES
(50, 32, 'new', '客戶', '2017-11-22 11:06:24', '2017-11-22 03:06:24'),
(51, 33, 'new', '客戶', '2017-11-22 11:06:24', '2017-11-22 03:06:24'),
(52, 34, 'new', '客戶', '2017-12-18 11:59:44', '2017-12-18 03:59:44'),
(53, 35, 'new', '客戶', '2017-12-18 17:10:21', '2017-12-18 09:10:21'),
(54, 34, 'oo_order', '客戶', '2017-12-18 17:12:07', '2017-12-18 09:12:07'),
(55, 34, 'no_order', '客戶', '2017-12-18 17:12:20', '2017-12-18 09:12:20'),
(56, 34, 'ok_order', '客戶', '2017-12-18 17:12:24', '2017-12-18 09:12:24'),
(57, 36, 'new', '客戶', '2017-12-18 18:39:35', '2017-12-18 10:39:35'),
(58, 37, 'new', 'kennyho', '2017-12-18 18:46:59', '2017-12-18 10:46:59'),
(59, 38, 'new', '客戶', '2017-12-19 14:22:39', '2017-12-19 06:22:39'),
(60, 39, 'new', 'ericlau', '2017-12-19 14:39:43', '2017-12-19 06:39:43'),
(61, 40, 'new', 'ericlau', '2017-12-19 14:39:43', '2017-12-19 06:39:43'),
(62, 40, 'oo_order', 'ericlau', '2017-12-19 14:51:45', '2017-12-19 06:51:45'),
(63, 40, 'ok_order', 'ericlau', '2017-12-19 14:53:24', '2017-12-19 06:53:24'),
(64, 41, 'new', '客戶', '2017-12-19 15:24:58', '2017-12-19 07:24:58'),
(65, 42, 'new', '客戶', '2017-12-19 15:24:58', '2017-12-19 07:24:58'),
(66, 42, 'ok_order', 'ericlau', '2017-12-19 15:27:14', '2017-12-19 07:27:14'),
(67, 42, 'oo_order', 'ericlau', '2017-12-19 15:27:35', '2017-12-19 07:27:35'),
(68, 40, 'finish', 'admin', '2018-01-02 16:14:21', '2018-01-02 08:14:21'),
(69, 43, 'new', '客戶', '2018-01-02 16:29:07', '2018-01-02 08:29:07'),
(70, 44, 'new', '客戶', '2018-01-02 16:29:07', '2018-01-02 08:29:07'),
(71, 44, 'no_order', '客戶', '2018-01-02 17:14:18', '2018-01-02 09:14:18'),
(72, 44, 'oo_order', '客戶', '2018-01-02 17:14:31', '2018-01-02 09:14:31'),
(73, 45, 'new', '客戶', '2018-01-08 10:52:58', '2018-01-08 02:52:58'),
(74, 46, 'new', '客戶', '2018-01-08 10:52:59', '2018-01-08 02:52:59'),
(75, 46, 'oo_order', 'ericlau', '2018-01-08 11:18:37', '2018-01-08 03:18:37'),
(76, 46, 'no_order', 'ericlau', '2018-01-08 11:18:43', '2018-01-08 03:18:43'),
(77, 46, 'ok_order', 'ericlau', '2018-01-08 11:18:45', '2018-01-08 03:18:45'),
(78, 46, 'update', 'ericlau', '2018-01-08 11:31:45', '2018-01-08 03:31:45'),
(79, 46, 'update', 'ericlau', '2018-01-08 11:32:15', '2018-01-08 03:32:15'),
(80, 46, 'update', 'ericlau', '2018-01-08 12:01:03', '2018-01-08 04:01:03'),
(81, 46, 'oo_order', 'ericlau', '2018-01-08 12:13:11', '2018-01-08 04:13:11'),
(82, 46, 'ok_order', 'ericlau', '2018-01-08 12:15:55', '2018-01-08 04:15:55'),
(83, 44, 'ok_order', 'ericlau', '2018-01-08 12:20:21', '2018-01-08 04:20:21'),
(84, 46, 'finish', 'ericlau', '2018-01-08 12:33:55', '2018-01-08 04:33:55'),
(85, 46, 'ok_order', '客戶', '2018-01-08 16:28:00', '2018-01-08 08:28:00'),
(86, 47, 'new', 'ericlau', '2018-01-08 16:32:22', '2018-01-08 08:32:22'),
(87, 48, 'new', 'ericlau', '2018-01-08 16:32:22', '2018-01-08 08:32:22'),
(88, 48, 'ok_order', 'ericlau', '2018-01-08 16:32:44', '2018-01-08 08:32:44'),
(89, 49, 'new', 'ericlau', '2018-01-08 17:04:45', '2018-01-08 09:04:45'),
(90, 50, 'new', 'ericlau', '2018-01-08 17:04:45', '2018-01-08 09:04:45'),
(91, 51, 'new', 'admin', '2018-01-09 16:00:59', '2018-01-09 08:00:59'),
(92, 52, 'new', 'admin', '2018-01-09 16:00:59', '2018-01-09 08:00:59'),
(93, 53, 'new', '客戶', '2018-01-10 12:02:02', '2018-01-10 04:02:02'),
(94, 54, 'new', '客戶', '2018-01-10 12:02:02', '2018-01-10 04:02:02'),
(95, 54, 'oo_order', '客戶', '2018-01-10 12:04:23', '2018-01-10 04:04:23'),
(96, 54, 'ok_order', '客戶', '2018-01-10 12:07:36', '2018-01-10 04:07:36'),
(97, 54, 'finish', 'ericlau', '2018-01-10 12:09:50', '2018-01-10 04:09:50'),
(98, 55, 'new', '客戶', '2018-01-11 12:48:00', '2018-01-11 04:48:00'),
(99, 55, 'ok_order', 'kennyho', '2018-01-11 15:04:15', '2018-01-11 07:04:15'),
(100, 55, 'no_order', 'kennyho', '2018-01-11 15:10:50', '2018-01-11 07:10:50'),
(101, 56, 'new', 'ericlau', '2018-01-11 15:18:37', '2018-01-11 07:18:37'),
(102, 57, 'new', 'ericlau', '2018-01-11 15:18:37', '2018-01-11 07:18:37'),
(103, 57, 'ok_order', 'ericlau', '2018-01-11 15:19:07', '2018-01-11 07:19:07'),
(104, 57, 'oo_order', 'ericlau', '2018-01-11 15:19:18', '2018-01-11 07:19:18'),
(105, 55, 'oo_order', 'kennyho', '2018-01-11 15:38:30', '2018-01-11 07:38:30'),
(106, 58, 'new', 'kennyho', '2018-01-11 15:50:20', '2018-01-11 07:50:20'),
(107, 59, 'new', 'kennyho', '2018-01-11 15:50:20', '2018-01-11 07:50:20'),
(108, 60, 'new', 'kennyho', '2018-01-11 16:34:41', '2018-01-11 08:34:41'),
(109, 61, 'new', 'ericlau', '2018-03-02 15:46:17', '2018-03-02 07:46:17'),
(110, 62, 'new', 'ericlau', '2018-03-02 15:46:17', '2018-03-02 07:46:17'),
(111, 63, 'new', 'shenchao', '2018-03-02 16:08:46', '2018-03-02 08:08:46'),
(112, 64, 'new', 'shenchao', '2018-03-02 16:08:46', '2018-03-02 08:08:46'),
(113, 65, 'new', 'ericlau', '2018-03-02 16:24:59', '2018-03-02 08:24:59'),
(114, 66, 'new', 'ericlau', '2018-03-02 16:24:59', '2018-03-02 08:24:59'),
(115, 67, 'new', 'ericlau', '2018-03-02 17:00:28', '2018-03-02 09:00:28'),
(116, 68, 'new', 'ericlau', '2018-03-02 17:00:28', '2018-03-02 09:00:28'),
(117, 69, 'new', '客戶', '2018-03-02 22:14:03', '2018-03-02 14:14:03'),
(118, 70, 'new', '客戶', '2018-03-02 22:14:03', '2018-03-02 14:14:03'),
(119, 71, 'new', '客戶', '2018-03-03 09:16:01', '2018-03-03 01:16:01'),
(120, 72, 'new', '客戶', '2018-03-03 09:17:52', '2018-03-03 01:17:52'),
(121, 73, 'new', '客戶', '2018-03-03 09:20:21', '2018-03-03 01:20:21'),
(122, 74, 'new', '客戶', '2018-03-03 09:21:58', '2018-03-03 01:21:58'),
(123, 75, 'new', '客戶', '2018-03-03 09:23:02', '2018-03-03 01:23:02'),
(124, 76, 'new', 'ericlau', '2018-03-03 10:01:14', '2018-03-03 02:01:14'),
(125, 77, 'new', '客戶', '2018-03-06 15:12:04', '2018-03-06 07:12:04'),
(126, 78, 'new', '客戶', '2018-03-09 14:29:43', '2018-03-09 06:29:43'),
(127, 79, 'new', '客戶', '2018-03-09 14:29:43', '2018-03-09 06:29:43'),
(128, 80, 'new', '客戶', '2018-03-09 14:31:06', '2018-03-09 06:31:06'),
(129, 81, 'new', '客戶', '2018-03-13 15:09:02', '2018-03-13 07:09:02'),
(130, 82, 'new', '客戶', '2018-03-13 15:09:02', '2018-03-13 07:09:02'),
(131, 83, 'new', '客戶', '2018-03-13 15:57:39', '2018-03-13 07:57:39'),
(132, 84, 'new', '客戶', '2018-03-13 16:07:56', '2018-03-13 08:07:56'),
(133, 85, 'new', '客戶', '2018-03-13 16:10:08', '2018-03-13 08:10:08'),
(134, 86, 'new', '客戶', '2018-03-13 16:11:10', '2018-03-13 08:11:10'),
(135, 87, 'new', '客戶', '2018-03-13 16:33:08', '2018-03-13 08:33:08'),
(136, 88, 'new', '客戶', '2018-03-13 16:33:08', '2018-03-13 08:33:08'),
(137, 89, 'new', '客戶', '2018-03-13 16:34:34', '2018-03-13 08:34:34'),
(138, 90, 'new', '客戶', '2018-03-13 16:34:34', '2018-03-13 08:34:34'),
(139, 91, 'new', '客戶', '2018-03-13 16:56:28', '2018-03-13 08:56:28'),
(140, 92, 'new', '客戶', '2018-03-13 16:56:28', '2018-03-13 08:56:28'),
(141, 93, 'new', '客戶', '2018-03-13 16:57:13', '2018-03-13 08:57:13'),
(142, 94, 'new', '客戶', '2018-03-13 16:57:13', '2018-03-13 08:57:13');

-- --------------------------------------------------------

--
-- 資料表結構 `quote_order_sta`
--

CREATE TABLE IF NOT EXISTS `quote_order_sta` (
  `id` int(10) unsigned NOT NULL AUTO_INCREMENT,
  `s_code` varchar(255) DEFAULT NULL COMMENT '訂單編號',
  `order_id` int(11) NOT NULL,
  `s_type` int(11) NOT NULL DEFAULT '1' COMMENT '0（特殊業務）、1（普通業務）',
  `status` varchar(255) NOT NULL DEFAULT 'send' COMMENT '訂單狀態send/service/finish',
  `total_price` float(30,2) DEFAULT NULL COMMENT '訂單總價',
  `remark` varchar(255) DEFAULT NULL COMMENT '拒絕原因',
  `service_time` datetime DEFAULT NULL COMMENT '服務日期',
  `service_time_end` datetime DEFAULT NULL,
  `send_email` int(11) DEFAULT '0' COMMENT '是否已經發送過期提示郵件：0未發送，1已發送',
  `lcu` varchar(255) DEFAULT NULL,
  `luu` varchar(255) DEFAULT NULL,
  `lcd` datetime DEFAULT NULL,
  `lud` timestamp NULL DEFAULT CURRENT_TIMESTAMP ON UPDATE CURRENT_TIMESTAMP,
  PRIMARY KEY (`id`)
) ENGINE=InnoDB  DEFAULT CHARSET=utf8 COMMENT='訂單的狀態表' AUTO_INCREMENT=95 ;

--
-- 資料表的匯出資料 `quote_order_sta`
--

INSERT INTO `quote_order_sta` (`id`, `s_code`, `order_id`, `s_type`, `status`, `total_price`, `remark`, `service_time`, `service_time_end`, `send_email`, `lcu`, `luu`, `lcd`, `lud`) VALUES
(32, 'cn00017G', 17, 0, 'send', NULL, NULL, NULL, NULL, 0, '客戶', NULL, '2017-11-22 11:06:24', '2017-11-22 03:06:24'),
(33, 'cn00017S', 17, 1, 'send', NULL, NULL, NULL, NULL, 0, '客戶', NULL, '2017-11-22 11:06:24', '2017-11-22 03:06:24'),
(34, 'cn00018S', 18, 1, 'guest_service', NULL, NULL, NULL, NULL, 1, '客戶', '客戶', '2017-12-18 11:59:44', '2017-12-19 03:17:54'),
(35, 'cn00019G', 19, 0, 'send', NULL, NULL, NULL, NULL, 1, '客戶', NULL, '2017-12-18 17:10:21', '2017-12-19 03:17:54'),
(36, 'tw00020S', 20, 1, 'send', NULL, NULL, NULL, NULL, 1, '客戶', NULL, '2017-12-18 18:39:35', '2017-12-19 03:17:54'),
(37, 'tw00021S', 21, 1, 'send', NULL, NULL, NULL, NULL, 1, 'kennyho', NULL, '2017-12-18 18:46:59', '2017-12-19 03:17:54'),
(38, 'tw00022S', 22, 1, 'send', NULL, NULL, NULL, NULL, 0, '客戶', NULL, '2017-12-19 14:22:39', '2017-12-19 06:22:39'),
(39, 'hk00023G', 23, 0, 'send', NULL, NULL, NULL, NULL, 0, 'ericlau', NULL, '2017-12-19 14:39:43', '2017-12-19 06:39:43'),
(40, 'hk00023S', 23, 1, 'finish', NULL, NULL, NULL, NULL, 0, 'ericlau', 'admin', '2017-12-19 14:39:43', '2018-01-02 08:14:21'),
(41, 'hk00024G', 24, 0, 'send', NULL, NULL, NULL, NULL, 0, '客戶', NULL, '2017-12-19 15:24:58', '2017-12-19 07:24:58'),
(42, 'hk00024S', 24, 1, 'hesitate', NULL, NULL, NULL, NULL, 0, '客戶', 'ericlau', '2017-12-19 15:24:58', '2017-12-19 07:27:35'),
(43, 'cnE00000026B', 25, 0, 'send', NULL, NULL, NULL, NULL, 0, '客戶', NULL, '2018-01-02 16:29:07', '2018-01-02 08:29:07'),
(44, 'cnE00000026A', 25, 1, 'guest_service', NULL, NULL, NULL, NULL, 0, '客戶', 'ericlau', '2018-01-02 16:29:07', '2018-01-08 04:20:21'),
(45, 'hkA00000027B', 26, 0, 'send', NULL, NULL, NULL, NULL, 0, '客戶', NULL, '2018-01-08 10:52:58', '2018-01-08 02:52:58'),
(46, 'hkA00000027A', 26, 1, 'guest_service', 2825.00, NULL, '2018-01-08 11:30:00', '2018-01-08 11:55:00', 0, '客戶', '客戶', '2018-01-08 10:52:59', '2018-01-08 08:28:00'),
(47, 'hkA00000028B', 27, 0, 'send', NULL, NULL, NULL, NULL, 0, 'ericlau', NULL, '2018-01-08 16:32:22', '2018-01-08 08:32:22'),
(48, 'hkA00000028A', 27, 1, 'guest_service', NULL, NULL, NULL, NULL, 0, 'ericlau', 'ericlau', '2018-01-08 16:32:22', '2018-01-08 08:32:44'),
(49, 'MOA00000029B', 28, 0, 'send', NULL, NULL, NULL, NULL, 0, 'ericlau', NULL, '2018-01-08 17:04:45', '2018-01-08 09:04:45'),
(50, 'MOA00000029A', 28, 1, 'send', NULL, NULL, NULL, NULL, 0, 'ericlau', NULL, '2018-01-08 17:04:45', '2018-01-08 09:04:45'),
(51, 'CNA00000030B', 29, 0, 'send', NULL, NULL, NULL, NULL, 0, 'admin', NULL, '2018-01-09 16:00:59', '2018-01-09 08:00:59'),
(52, 'CNA00000030A', 29, 1, 'send', NULL, NULL, NULL, NULL, 0, 'admin', NULL, '2018-01-09 16:00:59', '2018-01-09 08:00:59'),
(53, 'HKA00000031B', 30, 0, 'send', NULL, NULL, NULL, NULL, 0, '客戶', NULL, '2018-01-10 12:02:02', '2018-01-10 04:02:02'),
(54, 'HKA00000031A', 30, 1, 'finish', 6215.00, NULL, '2018-01-17 13:00:00', '2018-01-17 13:30:00', 0, '客戶', 'ericlau', '2018-01-10 12:02:02', '2018-01-10 04:09:50'),
(55, 'HKA00000032A', 31, 1, 'hesitate', NULL, NULL, NULL, NULL, 0, '客戶', 'kennyho', '2018-01-11 12:48:00', '2018-01-11 07:38:30'),
(56, 'HKA00000033B', 32, 0, 'send', NULL, NULL, NULL, NULL, 0, 'ericlau', NULL, '2018-01-11 15:18:37', '2018-01-11 07:18:37'),
(57, 'HKA00000033A', 32, 1, 'hesitate', NULL, NULL, NULL, NULL, 0, 'ericlau', 'ericlau', '2018-01-11 15:18:37', '2018-01-11 07:19:18'),
(58, 'CNA00000034B', 33, 0, 'send', NULL, NULL, NULL, NULL, 0, 'kennyho', NULL, '2018-01-11 15:50:20', '2018-01-11 07:50:20'),
(59, 'CNA00000034A', 33, 1, 'send', NULL, NULL, NULL, NULL, 0, 'kennyho', NULL, '2018-01-11 15:50:20', '2018-01-11 07:50:20'),
(60, 'TWA00000035B', 34, 0, 'send', NULL, NULL, NULL, NULL, 0, 'kennyho', NULL, '2018-01-11 16:34:41', '2018-01-11 08:34:41'),
(61, 'HKA00000036A', 35, 1, 'send', NULL, NULL, NULL, NULL, 0, 'ericlau', NULL, '2018-03-02 15:46:17', '2018-03-02 09:23:12'),
(62, 'HKA00000036B', 35, 0, 'send', NULL, NULL, NULL, NULL, 0, 'ericlau', NULL, '2018-03-02 15:46:17', '2018-03-02 09:24:07'),
(63, 'HKA00000037A', 36, 1, 'send', NULL, NULL, NULL, NULL, 0, 'shenchao', NULL, '2018-03-02 16:08:46', '2018-03-02 09:23:12'),
(64, 'HKA00000037B', 36, 0, 'send', NULL, NULL, NULL, NULL, 0, 'shenchao', NULL, '2018-03-02 16:08:46', '2018-03-02 09:24:09'),
(65, 'HKA00000038A', 37, 1, 'send', NULL, NULL, NULL, NULL, 0, 'ericlau', NULL, '2018-03-02 16:24:59', '2018-03-02 09:23:12'),
(66, 'HKA00000038B', 37, 0, 'send', NULL, NULL, NULL, NULL, 0, 'ericlau', NULL, '2018-03-02 16:24:59', '2018-03-02 09:24:13'),
(67, 'HKA00000039A', 38, 1, 'send', NULL, NULL, NULL, NULL, 0, 'ericlau', NULL, '2018-03-02 17:00:27', '2018-03-02 09:00:27'),
(68, 'HKA00000039B', 38, 0, 'send', NULL, NULL, NULL, NULL, 0, 'ericlau', NULL, '2018-03-02 17:00:28', '2018-03-02 09:24:16'),
(69, 'HKA00000040A', 39, 1, 'send', NULL, NULL, NULL, NULL, 0, '客戶', NULL, '2018-03-02 22:14:03', '2018-03-02 14:14:03'),
(70, 'HKA00000040B', 39, 0, 'send', NULL, NULL, NULL, NULL, 0, '客戶', NULL, '2018-03-02 22:14:03', '2018-03-02 14:14:03'),
(71, 'HKA00000041B', 40, 0, 'send', NULL, NULL, NULL, NULL, 0, '客戶', NULL, '2018-03-03 09:16:01', '2018-03-03 01:16:01'),
(72, 'HKA00000042B', 41, 0, 'send', NULL, NULL, NULL, NULL, 0, '客戶', NULL, '2018-03-03 09:17:52', '2018-03-03 01:17:52'),
(73, 'HKA00000043B', 42, 0, 'send', NULL, NULL, NULL, NULL, 0, '客戶', NULL, '2018-03-03 09:20:21', '2018-03-03 01:20:21'),
(74, 'HKA00000044B', 43, 0, 'send', NULL, NULL, NULL, NULL, 0, '客戶', NULL, '2018-03-03 09:21:58', '2018-03-03 01:21:58'),
(75, 'HKA00000045B', 44, 0, 'send', NULL, NULL, NULL, NULL, 0, '客戶', NULL, '2018-03-03 09:23:02', '2018-03-03 01:23:02'),
(76, 'HKA00000046B', 45, 0, 'send', NULL, NULL, NULL, NULL, 0, 'ericlau', NULL, '2018-03-03 10:01:14', '2018-03-03 02:01:14'),
(77, 'HKA00000047A', 46, 1, 'send', NULL, NULL, NULL, NULL, 0, '客戶', NULL, '2018-03-06 15:12:04', '2018-03-06 07:12:04'),
(78, 'HKA00000048A', 47, 1, 'send', NULL, NULL, NULL, NULL, 0, '客戶', NULL, '2018-03-09 14:29:43', '2018-03-09 06:29:43'),
(79, 'HKA00000048B', 47, 0, 'send', NULL, NULL, NULL, NULL, 0, '客戶', NULL, '2018-03-09 14:29:43', '2018-03-09 06:29:43'),
(80, 'HKA00000049A', 48, 1, 'send', NULL, NULL, NULL, NULL, 0, '客戶', NULL, '2018-03-09 14:31:06', '2018-03-09 06:31:06'),
(81, 'HKA00000050A', 49, 1, 'send', NULL, NULL, NULL, NULL, 0, '客戶', NULL, '2018-03-13 15:09:02', '2018-03-13 07:09:02'),
(82, 'HKA00000050B', 49, 0, 'send', NULL, NULL, NULL, NULL, 0, '客戶', NULL, '2018-03-13 15:09:02', '2018-03-13 07:09:02'),
(83, 'HKA00000051A', 50, 1, 'send', NULL, NULL, NULL, NULL, 0, '客戶', NULL, '2018-03-13 15:57:39', '2018-03-13 07:57:39'),
(84, 'HKA00000052A', 51, 1, 'send', NULL, NULL, NULL, NULL, 0, '客戶', NULL, '2018-03-13 16:07:56', '2018-03-13 08:07:56'),
(85, 'HKA00000053A', 52, 1, 'send', NULL, NULL, NULL, NULL, 0, '客戶', NULL, '2018-03-13 16:10:08', '2018-03-13 08:10:08'),
(86, 'HKA00000054A', 53, 1, 'send', NULL, NULL, NULL, NULL, 0, '客戶', NULL, '2018-03-13 16:11:10', '2018-03-13 08:11:10'),
(87, 'HKA00000055A', 54, 1, 'send', NULL, NULL, NULL, NULL, 0, '客戶', NULL, '2018-03-13 16:33:08', '2018-03-13 08:33:08'),
(88, 'HKA00000055B', 54, 0, 'send', NULL, NULL, NULL, NULL, 0, '客戶', NULL, '2018-03-13 16:33:08', '2018-03-13 08:33:08'),
(89, 'HKA00000056A', 55, 1, 'send', NULL, NULL, NULL, NULL, 0, '客戶', NULL, '2018-03-13 16:34:34', '2018-03-13 08:34:34'),
(90, 'HKA00000056B', 55, 0, 'send', NULL, NULL, NULL, NULL, 0, '客戶', NULL, '2018-03-13 16:34:34', '2018-03-13 08:34:34'),
(91, 'HKA00000057A', 56, 1, 'send', NULL, NULL, NULL, NULL, 0, '客戶', NULL, '2018-03-13 16:56:28', '2018-03-13 08:56:28'),
(92, 'HKA00000057B', 56, 0, 'send', NULL, NULL, NULL, NULL, 0, '客戶', NULL, '2018-03-13 16:56:28', '2018-03-13 08:56:28'),
(93, 'HKA00000058A', 57, 1, 'send', NULL, NULL, NULL, NULL, 0, '客戶', NULL, '2018-03-13 16:57:13', '2018-03-13 08:57:13'),
(94, 'HKA00000058B', 57, 0, 'send', NULL, NULL, NULL, NULL, 0, '客戶', NULL, '2018-03-13 16:57:13', '2018-03-13 08:57:13');

-- --------------------------------------------------------

--
-- 資料表結構 `quote_region`
--

CREATE TABLE IF NOT EXISTS `quote_region` (
  `id` int(10) unsigned NOT NULL AUTO_INCREMENT,
  `region_name` varchar(20) NOT NULL COMMENT '地區名稱',
  `region_name_tw` varchar(100) DEFAULT NULL,
  `region_name_us` varchar(100) DEFAULT NULL,
  `z_index` int(10) DEFAULT NULL COMMENT '層級',
  `web_prefix` varchar(255) DEFAULT 'cn' COMMENT '訂單編號前綴',
  PRIMARY KEY (`id`)
) ENGINE=InnoDB  DEFAULT CHARSET=utf8 COMMENT='地區表（城市之上）' AUTO_INCREMENT=7 ;

--
-- 資料表的匯出資料 `quote_region`
--

INSERT INTO `quote_region` (`id`, `region_name`, `region_name_tw`, `region_name_us`, `z_index`, `web_prefix`) VALUES
(3, '中国', '中國', 'China', 1, 'CN'),
(4, '香港', '香港', 'Hong Kong', 2, 'HK'),
(5, '台湾', '台灣', 'Taiwan', 4, 'TW'),
(6, '澳门', '澳門', 'Macau', 3, 'MO');

-- --------------------------------------------------------

--
-- 資料表結構 `quote_user`
--

CREATE TABLE IF NOT EXISTS `quote_user` (
  `id` int(10) unsigned NOT NULL AUTO_INCREMENT,
  `user_name` varchar(10) NOT NULL COMMENT '姓名',
  `city_auth` varchar(255) DEFAULT NULL COMMENT '管轄城市',
  `auth` varchar(255) DEFAULT NULL COMMENT '權限',
  `password` varchar(255) NOT NULL COMMENT '密碼',
  `phone` varchar(255) DEFAULT NULL COMMENT '電話',
  `nickname` varchar(255) DEFAULT NULL COMMENT '用戶暱稱',
  `email` varchar(255) DEFAULT NULL COMMENT '用戶email',
  `email_hint` int(10) NOT NULL DEFAULT '0' COMMENT '郵件提示：0（無）、1（開啟）、2（一般害蟲）、3（特殊害蟲）',
  `old_email` int(2) NOT NULL DEFAULT '0' COMMENT '訂單過期提示。0：關閉  1：開啟',
  PRIMARY KEY (`id`)
) ENGINE=InnoDB  DEFAULT CHARSET=utf8 COMMENT='管理員' AUTO_INCREMENT=67 ;

--
-- 資料表的匯出資料 `quote_user`
--

INSERT INTO `quote_user` (`id`, `user_name`, `city_auth`, `auth`, `password`, `phone`, `nickname`, `email`, `email_hint`, `old_email`) VALUES
(3, 'shenchao', ',35,38,37,36,40,34,33,32,31,30,29,28,27,41,42,39,26,23,22,24,46,45,44,43,47,25,', 'YC06,YC01,YC02,YC03,YC07,YC04,YC05', '5ebf65d75c6940db5b91523a5048ba7b', '18010039781', 'shenchao', 'shenchao10002@163.com', 0, 0),
(4, 'ericlau', ',26,27,28,29,30,31,32,33,34,35,36,37,38,39,40,41,42,48,24,22,23,43,44,45,46,47,25,', 'YC06,YC01,YC02,YC03,YC07,YC04,YC05', '1b44e65c9dee68b27eca4e2265675e05', '63382173', 'Eric', 'ericlau@lbsgroup.com.hk', 1, 1),
(5, 'kennyho', ',27,28,29,30,31,32,33,34,35,36,37,38,39,40,41,42,26,23,22,24,46,45,44,43,47,25,', ',,,,YC07,YC04,', '46e0e9b410c9758ad14b519ce3da0c4e', '31030184', 'Kenny', 'kennyho@lbsgroup.com.hk', 0, 0),
(6, 'percylee', ',26,27,28,29,30,31,32,33,34,35,36,37,38,39,40,41,42,48,24,22,23,43,44,45,46,47,25,', 'YC06,YC01,YC02,YC03,YC07,YC04,YC05', '14fee79e551b80a604bbfa222de19900', '37550234', 'Percy Lee', 'percylee@lbsgroup.com.hk', 1, 1),
(7, 'flam', ',27,28,29,30,31,32,33,34,35,36,37,38,39,40,41,42,26,23,22,24,46,45,44,43,47,25,', ',,,,,YC04,', '46e0e9b410c9758ad14b519ce3da0c4e', '00000000', 'Franco Lam', 'flam@lbsgroup.com.hk', 0, 0),
(8, 'edwoodwong', ',23,22,24,', ',,,,,YC04,', '46e0e9b410c9758ad14b519ce3da0c4e', '00000000', 'Edwood Wong', 'edwoodwong@lbsgroup.com.hk', 0, 0),
(9, 'joeyiu', ',26,27,28,29,30,31,32,33,34,35,36,37,38,39,40,41,42,25,', ',,,,,YC04,', 'c1f7690872f26ed29340820a7db5a24f', NULL, '饶永康', 'joeyiu@lbsgroup.com.cn', 0, 0),
(10, 'zivyeung', ',34,35,36,37,38,', ',,,,,YC04,', '886ad0a398911dc3e4f5d39d563ac50e', NULL, '杨浩伦', 'zivyeung@lbsgroup.com.cn', 0, 0),
(11, 'ck', ',26,27,28,29,30,31,32,33,', ',,,,,YC04,', '886ad0a398911dc3e4f5d39d563ac50e', NULL, '吴楚坚', 'ck@lbsgroup.com.cn', 0, 0),
(12, 'martin', ',39,40,41,42,48,', ',,,,,YC04,', '886ad0a398911dc3e4f5d39d563ac50e', NULL, '曾剑恒', 'martin@lbsgroup.com.cn', 0, 0),
(13, 'lisash', ',34,', ',,,,,YC04,', '886ad0a398911dc3e4f5d39d563ac50e', NULL, '黄莉', 'lisa.sh@lbsgroup.com.cn', 0, 1),
(14, 'andywnj', ',35,', ',,,,,YC04,', '886ad0a398911dc3e4f5d39d563ac50e', NULL, '王嘉伟', 'andyw.nj@lbsgroup.com.cn', 0, 1),
(15, 'gilbertcwx', ',36,', ',,,,,YC04,', '886ad0a398911dc3e4f5d39d563ac50e', NULL, '陈展豪', 'gilbertc.wx@lbsgroup.com.cn', 0, 1),
(16, 'lianwh', ',37,', ',,,,,YC04,', '14494dec1b88cebef807802b21582174', NULL, '连明艳', 'lian.wh@lbsgroup.com.cn', 1, 1),
(17, 'zoeyhz', ',38,', ',,,,,YC04,', '886ad0a398911dc3e4f5d39d563ac50e', NULL, '覃莉', 'zoey.hz@lbsgroup.com.cn', 0, 1),
(18, 'amgz', ',26,', ',,,,,YC04,', '886ad0a398911dc3e4f5d39d563ac50e', NULL, '马贵琴', 'am.gz@lbsgroup.com.cn', 0, 1),
(19, 'smilingsz', '', ',,,,,YC04,', '886ad0a398911dc3e4f5d39d563ac50e', NULL, '曾玉莲', 'smiling.sz@lbsgroup.com.cn', 0, 1),
(20, 'yongwuzh', ',29,', ',,,,,YC04,', '886ad0a398911dc3e4f5d39d563ac50e', NULL, '吴勇勇', 'yongwu.zh@lbsgroup.com.cn', 0, 1),
(21, 'zdlzh', ',31,', ',,,,,YC04,', '886ad0a398911dc3e4f5d39d563ac50e', NULL, '郑德利', 'zdl.zh@lbsgroup.com.cn', 0, 1),
(22, 'lingchenfs', ',30,', ',,,,,YC04,', '886ad0a398911dc3e4f5d39d563ac50e', NULL, '陈红玲', 'lingchen.fs@lbsgroup.com.cn', 0, 1),
(23, 'coconn', ',32,', ',,,,,YC04,', '886ad0a398911dc3e4f5d39d563ac50e', NULL, '郭聪聪', 'coco.nn@lbsgroup.com.cn', 0, 1),
(24, 'huangzheng', ',28,', ',,,,,YC04,', '886ad0a398911dc3e4f5d39d563ac50e', NULL, '黄铮', 'huangzheng.dg@lbsgroup.com.cn', 0, 1),
(25, 'louischanc', ',42,', ',,,,,YC04,', '886ad0a398911dc3e4f5d39d563ac50e', NULL, '陈启发', 'louischan.cq@lbsgroup.com.cn', 0, 1),
(26, 'yoyobj', ',39,', ',,,,,YC04,', '886ad0a398911dc3e4f5d39d563ac50e', NULL, '吕游', 'yoyo.bj@lbsgroup.com.cn', 0, 1),
(27, 'liyangangt', ',40,', ',,,,,YC04,', '886ad0a398911dc3e4f5d39d563ac50e', NULL, '高立岩', 'liyangang.tj@lbsgroup.com.cn', 0, 1),
(28, 'clarknsh', ',34,', ',,,,,YC04,', '886ad0a398911dc3e4f5d39d563ac50e', NULL, '聂森', 'clarkn.sh@lbsgroup.com.cn', 1, 1),
(29, 'dianafnj', ',35,', ',,,,,YC04,', 'd52240077c0c819ebd0f9e65bd882e13', NULL, '方欣', 'dianaf.nj@lbsgroup.com.cn', 1, 1),
(30, 'jennygwx', ',36,', ',,,,,YC04,', '886ad0a398911dc3e4f5d39d563ac50e', NULL, '葛昌燚', 'jennyg.wx@lbsgroup.com.cn', 1, 1),
(31, 'fiawhz', ',38,', ',,,,,YC04,', '516069e655e07f96d74bd434cf7c9e95', NULL, '吴斐娅', 'fiaw.hz@lbsgroup.com.cn', 1, 1),
(32, 'maygz', ',26,', ',,,,,YC04,', '886ad0a398911dc3e4f5d39d563ac50e', NULL, '李花美', 'may.gz@lbsgroup.com.cn', 1, 1),
(33, 'wuziqiangs', ',27,', ',,,,,YC04,', '886ad0a398911dc3e4f5d39d563ac50e', NULL, '吴子强', 'wuziqiang.sz@lbsgroup.com.cn', 1, 1),
(34, 'wendywuzh', ',27,', ',,,,,YC04,', 'a6b68036d16e5ecbe2600842bd7b18f6', NULL, '吴春梅', 'wendywu.zh@lbsgroup.com.cn', 1, 1),
(35, 'lingzs', ',31,', ',,,,,YC04,', 'f9e2950858ca21c391a84f3fb74959ab', NULL, '赵春玲', 'ling.zs@lbsgroup.com.cn', 1, 1),
(36, 'mikofs', ',30,', ',,,,,YC04,', 'f32ef59826c8370a189db1c1d888b5a2', NULL, '黎艳红', 'miko.fs@lbsgroup.com.cn', 1, 1),
(37, 'dongpingnn', ',32,', ',,,,,YC04,', '886ad0a398911dc3e4f5d39d563ac50e', NULL, '湘冬萍', 'dongping.nn@lbsgroup.com.cn', 1, 1),
(38, 'ivydg', ',28,', ',,,,,YC04,', 'd1f567fb1b30e4502c837a9caeae5334', NULL, '李小花', 'ivy.dg@lbsgroup.com.cn', 1, 1),
(39, 'cindyfz', ',33,', ',,,,,YC04,', '542fab1e4717bd4638bd2470455f261c', NULL, '雷春娇', 'cindy.fz@lbsgroup.com.cn', 1, 1),
(40, 'karencd', ',41,', ',,,,,YC04,', '8fcb19d72d9ac745970980078f5beaf1', NULL, '许兴接', 'karen.cd@lbsgroup.com.cn', 1, 1),
(41, 'alexchencq', ',42,', ',,,,,YC04,', 'f334a774c8182b97a549973cb1f8a568', NULL, '陈敏', 'alexchen.cq@lbsgroup.com.cn', 1, 1),
(42, 'qiaorujuan', ',48,', ',,,,,YC04,', '34eea4ef1f59438a21860466d902c654', NULL, '乔如娟', 'qiaorujuan.xa@lbsgroup.com.cn', 1, 1),
(43, 'wangjingbj', ',39,', ',,,,,YC04,', '66510ef1bf73cb8fafc287dc50cec1ef', NULL, '王晶', 'wangjing.bj@lbsgroup.com.cn', 1, 1),
(44, 'zhangqingy', ',40,', ',,,,,YC04,', '09291f7c77c80cb8bf108def1da56291', NULL, '张庆云', 'zhangqingyun.tj@lbsgroup.com.cn', 1, 1),
(45, 'annsh', ',34,', ',,,,,YC04,', 'd25bade57cc89995346b71e0b5748ff2', NULL, '殷琴', 'ann.sh@lbsgroup.com.cn', 1, 1),
(46, 'maryxnj', ',35,', ',,,,,YC04,', '886ad0a398911dc3e4f5d39d563ac50e', NULL, '徐美华', 'maryx.nj@lbsgroup.com.cn', 1, 1),
(47, 'sunnyywx', ',36,', ',,,,,YC04,', '8669c2197f39016cfe190f4935910ad3', NULL, '杨富成', 'sunnyy.wx@lbsgroup.com.cn', 1, 1),
(48, 'phyllishz', ',38,', ',,,,,YC04,', '886ad0a398911dc3e4f5d39d563ac50e', NULL, '何平', 'phyllis.hz@lbsgroup.com.cn', 1, 1),
(49, 'kanongz', ',26,', ',,,,,YC04,', '886ad0a398911dc3e4f5d39d563ac50e', NULL, '张腾蛟', 'kanon.gz@lbsgroup.com.cn', 1, 1),
(50, 'leosz', ',27,', ',,,,,YC04,', '886ad0a398911dc3e4f5d39d563ac50e', NULL, '黄乐照', 'leo.sz@lbsgroup.com.cn', 1, 1),
(51, 'moonnn', ',32,', ',,,,,YC04,', '6dd0f9a08be318350bd90cc6b84647cb', NULL, '冯艳秋', 'moon.nn@lbsgroup.com.cn', 1, 1),
(52, 'jellydg', ',28,', ',,,,,YC04,', '886ad0a398911dc3e4f5d39d563ac50e', NULL, '黄春娣', 'jelly.dg@lbsgroup.com.cn', 1, 1),
(53, 'xinglinabj', ',39,', ',,,,,YC04,', '886ad0a398911dc3e4f5d39d563ac50e', NULL, '邢立娜', 'xinglina.bj@lbsgroup.com.cn', 1, 1),
(54, 'aileesh', ',34,', ',,,,,YC04,', '886ad0a398911dc3e4f5d39d563ac50e', NULL, '马雯瑾', 'ailee.sh@lbsgroup.com.cn', 1, 1),
(55, 'operationg', ',26,', ',,,,,YC04,', '886ad0a398911dc3e4f5d39d563ac50e', NULL, '广州营运部', 'operation.gz@lbsgroup.com.cn', 1, 1),
(56, 'cynthiagz', ',26,', ',,,,,YC04,', 'e17ecd05462c0ef246c14f3b28b15e14', NULL, '巢颜彩', 'cynthia.gz@lbsgroup.com.cn', 1, 1),
(57, 'operations', ',27,', ',,,,,YC04,', 'de9003a46fc5109932d58fa5a510eb0e', NULL, '何丽珍', 'operation.sz@lbsgroup.com.cn', 1, 1),
(58, 'eyu', ',43,44,45,46,47,', ',,,,,YC04,', '886ad0a398911dc3e4f5d39d563ac50e', NULL, 'Ernest Yu', 'eyu@lbsgroup.com.tw', 0, 1),
(59, 'ginnytp', ',43,', ',,,,,YC04,', '886ad0a398911dc3e4f5d39d563ac50e', NULL, '台北主管', 'ginny.tp@lbsgroup.com.tw', 0, 1),
(60, 'yuweity', ',44,', ',,,,,YC04,', '886ad0a398911dc3e4f5d39d563ac50e', NULL, '桃園主管', 'yuwei.ty@lbsgroup.com.tw', 0, 1),
(61, 'yaotc', ',45,', ',,,,,YC04,', '886ad0a398911dc3e4f5d39d563ac50e', NULL, '台中主管', 'yao.tc@lbsgroup.com.tw', 0, 1),
(62, 'jungtn', ',46,', ',,,,,YC04,', '886ad0a398911dc3e4f5d39d563ac50e', NULL, '台南主管', 'jung.tn@lbsgroup.com.tw', 0, 1),
(63, 'benks', ',47,', ',,,,,YC04,', '886ad0a398911dc3e4f5d39d563ac50e', NULL, '高雄主管', 'ben.ks@lbsgroup.com.tw', 0, 1),
(64, 'shiukee', ',25,', ',,,,,YC04,', '383e61dc665f25106d0df10b0b659306', NULL, '岑紹基', 'shiukee@lbsgroup.com.hk', 0, 1),
(65, 'pettylaimo', ',25,', ',,,,,YC04,', 'c16689e28c1fdacd2c94a18bf7045ccd', NULL, 'petty lai', 'pettylai.mo@lbsgroup.com.cn', 1, 1),
(66, 'milkpaomo', ',25,', ',,,,,YC04,', '8bda5f07ff7252658a33526c280ad484', NULL, 'milk pao', 'milkpao.mo@lbsgroup.com.cn', 1, 1);

/*!40101 SET CHARACTER_SET_CLIENT=@OLD_CHARACTER_SET_CLIENT */;
/*!40101 SET CHARACTER_SET_RESULTS=@OLD_CHARACTER_SET_RESULTS */;
/*!40101 SET COLLATION_CONNECTION=@OLD_COLLATION_CONNECTION */;
